Date,Close,High,Low,Open,Volume,CPI,Unemployment_Rate,Fed_Funds_Rate,Treasury_10Y,Daily_Return,MA_5,MA_20,Volatility_20,Price_vs_MA5,Price_vs_MA20,CPI_Change,Unemployment_Change,Target
2015-02-02,26.274694442749023,26.394296224615175,25.709910222027197,26.14623477167078,250956400,235.342,5.5,0.11,1.68,0.012546589210744807,25.654098510742188,24.60835990905762,0.0238133625827786,1.024190907809408,1.0677141646111115,0.0025346436802173855,-0.03508771929824561,1
2015-02-03,26.27911949157715,26.376571460324136,26.048775555807943,26.24589649982159,207662800,235.342,5.5,0.11,1.79,0.00016841485398688683,26.0753604888916,24.745679569244384,0.02258749290295409,1.0078142353112376,1.061967985887873,0.0025346436802173855,-0.03508771929824561,1
2015-02-04,26.48067855834961,26.691089785876024,26.20382301407181,26.24590559753552,280598800,235.342,5.5,0.11,1.81,0.0076699322759676836,26.263621520996093,24.89296684265137,0.022550706523608008,1.0082645509180823,1.0637815382045128,0.0025346436802173855,-0.03508771929824561,1
2015-02-05,26.669687271118164,26.73417145961258,26.516259315856928,26.68747466730253,168984800,235.342,5.5,0.11,1.83,0.007137608364229608,26.330660247802733,25.033203887939454,0.022476692255324535,1.0128757509354032,1.0653725104666742,0.0025346436802173855,-0.03508771929824561,0
2015-02-06,26.445096969604492,26.73861012725943,26.338364141156895,26.687466924856036,174826400,235.342,5.5,0.11,1.95,-0.008421182416971651,26.429855346679688,25.116364192962646,0.021309752855880947,1.0005766820410056,1.0529030701431756,0.0025346436802173855,-0.03508771929824561,1
2015-02-09,26.620765686035156,26.64744762610821,26.33392295502217,26.36060659155632,155559200,235.342,5.5,0.11,1.96,0.006642770742439463,26.499069595336913,25.20697898864746,0.021313211385742964,1.0045924665490769,1.056087113732448,0.0025346436802173855,-0.03508771929824561,1
2015-02-10,27.13218879699707,27.16109649345701,26.718603465831738,26.720825829820143,248034000,235.342,5.5,0.11,2.01,0.0192114350501269,26.6696834564209,25.35373001098633,0.020478573788320426,1.0173419883791242,1.0701458438359994,0.0025346436802173855,-0.03508771929824561,1
2015-02-11,27.768138885498047,27.777033432281677,27.238926075331964,27.29896214554481,294247200,235.342,5.5,0.11,2.0,0.02343895264990059,26.927175521850586,25.521536350250244,0.020844158005094805,1.0312310276644145,1.088027715276074,0.0025346436802173855,-0.03508771929824561,1
2015-02-12,28.119464874267575,28.346271568231803,27.92156588046305,28.030521105976927,297898000,235.342,5.5,0.11,1.99,0.012652125884929477,27.217131042480467,25.71156015396118,0.02073342152937204,1.0331531574866852,1.0936506655328508,0.0025346436802173855,-0.03508771929824561,1
2015-02-13,28.25732421875,28.301795249028658,27.939351432520557,28.301795249028658,217088800,235.342,5.5,0.11,2.02,0.004902630441185218,27.57957649230957,25.941478157043456,0.01908949659798743,1.024574261560159,1.0892719392351882,0.0025346436802173855,-0.03508771929824561,1
2015-02-17,28.42409324645996,28.657570397556903,28.221746155981133,28.3484904589152,252609600,235.342,5.5,0.11,2.14,0.005901798288434623,27.94024200439453,26.188926124572752,0.018694623215450387,1.0173173604576986,1.0853477959063766,0.0025346436802173855,-0.03508771929824561,1
2015-02-18,28.62198829650879,28.635329264529332,28.339592032694533,28.37961663321699,179566800,235.342,5.5,0.11,2.07,0.006962229131916908,28.238201904296876,26.416036128997803,0.018317530361233545,1.013591035063515,1.0835080689903145,0.0025346436802173855,-0.03508771929824561,0
2015-02-19,28.56195068359375,28.69091902994298,28.53526874742553,28.568621167635808,149449600,235.342,5.5,0.11,2.11,-0.0020976045511961194,28.396964263916015,26.630952262878417,0.01847965589021321,1.0058100020179757,1.0725095521051646,0.0025346436802173855,-0.03508771929824561,1
2015-02-20,28.79543113708496,28.79543113708496,28.473011930350665,28.599754534742676,195793600,235.342,5.5,0.11,2.13,0.008174527576133794,28.532157516479494,26.82598133087158,0.01800652753901874,1.0092272594686682,1.07341575996502,0.0025346436802173855,-0.03508771929824561,1
2015-02-23,29.573699951171875,29.573699951171875,28.83102288700052,28.911072135367256,283896400,235.342,5.5,0.11,2.06,0.02702751038461093,28.79543266296387,27.053500843048095,0.018516427665980467,1.0270274559621047,1.0931561176775164,0.0025346436802173855,-0.03508771929824561,0
2015-02-24,29.38912010192871,29.707094494892516,29.16676162035892,29.560337082755375,276912400,235.342,5.5,0.11,1.99,-0.0062413512529009285,28.988438034057616,27.270462036132812,0.018742516825056642,1.0138221337555458,1.0776905819559903,0.0025346436802173855,-0.03508771929824561,0
2015-02-25,28.63755989074707,29.262390347666056,28.495250535932684,29.25349410447116,298846800,235.342,5.5,0.11,1.96,-0.025572736052493106,28.991552352905273,27.493699550628662,0.01768640853549261,0.9877898065667833,1.0416044533407383,0.0025346436802173855,-0.03508771929824561,1
2015-02-26,28.9999942779541,29.1000549213166,28.15280896167224,28.63754884827877,365150000,235.342,5.5,0.11,2.03,0.012655910230820133,29.079161071777342,27.66673059463501,0.013709322771886146,0.9972775420299151,1.048190142263417,0.0025346436802173855,-0.03508771929824561,0
2015-02-27,28.564180374145508,29.0333570429424,28.515261222485385,28.90661104284422,248059200,235.342,5.5,0.11,2.0,-0.015028068613789358,29.032910919189455,27.778214931488037,0.013214164848456408,0.9838551998334367,1.0282943106530051,0.0025346436802173855,-0.03508771929824561,1
2015-03-02,28.704261779785156,28.968868972950617,28.528600034237694,28.739839958832356,192386800,235.976,5.4,0.11,2.08,0.004904093301638657,28.85902328491211,27.915971946716308,0.012452290624393885,0.9946373269947821,1.0282379504669754,0.0052354236688860745,-0.05263157894736836,1
2015-03-03,28.764305114746097,28.799883300697513,28.48190877725586,28.675363042790107,151265200,235.976,5.4,0.11,2.12,0.0020917916447942275,28.734060287475586,28.040452480316162,0.012343607493022078,1.0010525775671075,1.0258145846590052,0.0026939517808124425,-0.018181818181818077,0
2015-03-04,28.58196258544922,28.80876922521292,28.53304683267836,28.706486206344213,126665200,235.976,5.4,0.11,2.12,-0.006339194657040359,28.722940826416014,28.155594635009766,0.012550855509491659,0.9950917894578142,1.015143276352945,0.0026939517808124425,-0.018181818181818077,0
2015-03-05,28.10834503173828,28.628663222806804,27.963811635398883,28.590862676575895,226068400,235.976,5.4,0.11,2.11,-0.016570504992265644,28.54461097717285,28.236977958679198,0.01335153228290625,0.9847163464310845,0.9954445221748179,0.0026939517808124425,-0.018181818181818077,1
2015-03-06,28.150585174560547,28.766517460292977,28.07498410043585,28.550829448350285,291368400,235.976,5.4,0.11,2.24,0.001502761645147288,28.46189193725586,28.31102285385132,0.013320634061575623,0.9890623306636963,0.9943330313383945,0.0026939517808124425,-0.018181818181818077,1
2015-03-09,28.270666122436523,28.810999167291815,27.8081599278314,28.45300006693993,354114000,235.976,5.4,0.11,2.2,0.004265664359421217,28.375172805786132,28.40230131149292,0.013058146047183592,0.9963169675101221,0.9953653336885371,0.0026939517808124425,-0.018181818181818077,0
2015-03-10,27.68585968017578,28.288451063187917,27.52798533523556,28.108341205636272,275426400,235.976,5.4,0.11,2.14,-0.02068598029236468,28.15948371887207,28.455556011199953,0.014092530637654515,0.9831806561716586,0.9729509298387554,0.0026939517808124425,-0.018181818181818077,0
2015-03-11,27.181106567382812,27.74367338378652,27.15220056885229,27.739226959574506,275756000,235.976,5.4,0.11,2.11,-0.018231440837446433,27.87931251525879,28.45800189971924,0.014180595692152605,0.9749561275051586,0.9551305345738619,0.0026939517808124425,-0.018181818181818077,1
2015-03-12,27.672517776489254,27.77258013068387,27.045466803421156,27.19667066838245,193450800,235.976,5.4,0.11,2.1,0.0180791465530743,27.792147064208983,28.4532208442688,0.013762499408587002,0.9956955722980544,0.9725618736784662,0.0026939517808124425,-0.018181818181818077,0
2015-03-13,27.481294631958008,27.883764794029116,27.25671369950831,27.661406225809525,207309200,235.976,5.4,0.11,2.13,-0.006910218509054933,27.658288955688477,28.42131233215332,0.013502515669616305,0.993600677033419,0.9669256053622879,0.0026939517808124425,-0.018181818181818077,1
2015-03-16,27.783695220947266,27.783695220947266,27.32119080820845,27.54577168246317,143497200,235.976,5.4,0.11,2.1,0.0110038698336139,27.560894775390626,28.397630882263183,0.013711633380833314,1.008083933681122,0.9783807436662129,0.0026939517808124425,-0.018181818181818077,1
2015-03-17,28.24843406677246,28.310694197430077,27.9393557778212,27.99494542254569,204092400,235.976,5.4,0.11,2.06,0.01672703512363638,27.67340965270996,28.38884792327881,0.014193450399562256,1.0207789506706555,0.9950539078977132,0.0026939517808124425,-0.018181818181818077,1
2015-03-18,28.566402435302734,28.719830373617224,28.09944983193032,28.239535104003725,261083600,235.976,5.4,0.11,1.93,0.011256141412252285,27.950468826293946,28.386068630218507,0.014339440907422632,1.0220366110077324,1.0063528982274161,0.0026939517808124425,-0.018181818181818077,0
2015-03-19,28.35071563720703,28.739843106737325,28.328480121097527,28.62866382972867,183238000,235.976,5.4,0.11,1.98,-0.007550366154232768,28.0861083984375,28.37550687789917,0.014432965536008917,1.0094212852494813,0.9991263154945983,0.0026939517808124425,-0.018181818181818077,0
2015-03-20,27.99493980407715,28.550834443294978,27.830394963725297,28.517482020323033,274780400,235.976,5.4,0.11,1.93,-0.012549095327349269,28.188837432861327,28.33548231124878,0.014538164444346108,0.993121474794908,0.9879817642265281,0.0026939517808124425,-0.018181818181818077,1
2015-03-23,28.286231994628903,28.428541336208223,28.13280404655136,28.266220538685488,150838800,235.976,5.4,0.11,1.92,0.01040517295591159,28.289344787597656,28.27110891342163,0.01325117687915948,0.9998899658867278,1.0005349305983569,0.0026939517808124425,-0.018181818181818077,0
2015-03-24,28.17060089111328,28.4707828514936,28.14169319834328,28.290674693141913,131369200,235.976,5.4,0.11,1.88,-0.004087893486045768,28.27377815246582,28.21018295288086,0.013224814600215002,0.9963507791284152,0.9985968874489863,0.0026939517808124425,-0.018181818181818077,0
2015-03-25,27.434598922729492,28.199512923167894,27.434598922729492,28.137252796892433,206620800,235.976,5.4,0.11,1.93,-0.026126598123647704,28.047417449951173,28.15003490447998,0.013277180873246731,0.9781506255142665,0.9745848989467282,0.0026939517808124425,-0.018181818181818077,1
2015-03-26,27.625825881958008,27.76813521878184,27.261157994289302,27.29673617672582,190291600,235.976,5.4,0.11,2.01,0.006970284485190215,27.902439498901366,28.081326484680176,0.013003573932045683,0.9900864002606564,0.9837792348245847,0.0026939517808124425,-0.018181818181818077,0
2015-03-27,27.405696868896484,27.72811615347539,27.330095760801026,27.69921014681444,158184800,235.976,5.4,0.11,1.95,-0.007968232841331524,27.784590911865234,28.023402309417726,0.012734155148956747,0.9863631591996215,0.9779575144480708,0.0026939517808124425,-0.018181818181818077,1
2015-03-30,28.09944725036621,28.106117734643387,27.572456938477448,27.58357554324668,188398800,235.976,5.4,0.11,1.96,0.0253140938100751,27.747233963012697,27.993161582946776,0.014064138295734432,1.012693635979104,1.0037968439936482,0.0,0.0,0
2015-03-31,27.668073654174805,28.126131711225387,27.652508623977777,28.037187954473342,168362400,235.976,5.4,0.11,1.94,-0.015351675509765905,27.646728515625,27.938350009918214,0.014401092453629638,1.000772067426992,0.9903259728778736,0.0,0.0,0
2015-04-01,27.628049850463867,27.82150239978064,27.37233717855166,27.7547941561649,162485600,236.222,5.4,0.12,1.87,-0.0014465699423529266,27.685418701171876,27.890654373168946,0.014362187139928782,0.9979278315662395,0.9905844976173199,0.0010424788961589382,0.0,1
2015-04-02,27.865976333618164,27.919341916192423,27.614711756555614,27.801492143796175,128880400,236.222,5.4,0.12,1.92,0.008611772616672786,27.733448791503907,27.87853593826294,0.01408156330640066,1.0047786174417246,0.9995494883708174,0.0010424788961589382,0.0,1
2015-04-06,28.317352294921875,28.35293046628204,27.645830426874337,27.67696047858419,148776000,236.222,5.4,0.12,1.92,0.016198103231687577,27.915779876708985,27.886874294281007,0.014558037306578606,1.0143851405902486,1.0154365812424215,0.0010424788961589382,0.0,0
2015-04-07,28.019399642944336,28.488574593940104,28.01272915828701,28.38184344650085,140049200,236.222,5.4,0.12,1.89,-0.010521910695406755,27.89977035522461,27.874310970306396,0.014725720711252357,1.0042878233833679,1.005205103465786,0.0010424788961589382,0.0,0
2015-04-08,27.928232192993164,28.106119702993404,27.788146923979166,27.983821827810612,149316800,236.222,5.4,0.12,1.92,-0.00325372602956997,27.951802062988282,27.886429595947266,0.013953945049944946,0.9991567674262287,1.0014990300892437,0.0010424788961589382,0.0,1
2015-04-09,28.141691207885746,28.146139327902286,27.71921141519314,27.983816876512904,129936000,236.222,5.4,0.12,1.97,0.00764312661888189,28.054530334472656,27.934458827972414,0.013307600497903718,1.003106837732585,1.007418521374963,0.0010424788961589382,0.0,1
2015-04-10,28.261768341064453,28.286227914663616,27.85262946715282,28.00605569663922,160752000,236.222,5.4,0.12,1.96,0.004266876936843689,28.133688735961915,27.963921356201173,0.012766938092020058,1.0045525350871896,1.0106511165250875,0.0010424788961589382,0.0,0
2015-04-13,28.2061824798584,28.588641163945205,28.1528169014454,28.544166738422263,145460400,236.222,5.4,0.12,1.94,-0.0019668217690854695,28.11145477294922,28.000165748596192,0.012650375208036975,1.003369719129596,1.007357696847653,0.0010424788961589382,0.0,0
2015-04-14,28.083887100219727,28.304021601912243,27.99716739662991,28.23953741526268,102098400,236.222,5.4,0.12,1.9,-0.004335765030450411,28.124352264404298,28.015175342559814,0.012500217320732776,0.998561205470471,1.002452662059749,0.0010424788961589382,0.0,1
2015-04-15,28.19061279296875,28.2684379353972,28.019397479626157,28.108341226599048,115881600,236.222,5.4,0.12,1.91,0.00380024646759769,28.176828384399414,28.01228427886963,0.01194496343045287,1.0004892107933967,1.0063660825487781,0.0010424788961589382,0.0,0
2015-04-16,28.054981231689453,28.261774776001275,28.04164025994718,28.079440810857832,113476000,236.222,5.4,0.12,1.9,-0.004811231393775373,28.159486389160158,27.986713218688966,0.011683066635763333,0.9962888116627392,1.0024393008377597,0.0010424788961589382,0.0,0
2015-04-17,27.739227294921875,28.048305523453024,27.674743116071788,27.917114801850463,207828000,236.222,5.4,0.12,1.87,-0.011254826162953147,28.05497817993164,27.956138801574706,0.011823604966183836,0.9887452813905366,0.9922410062350737,0.0010424788961589382,0.0,1
2015-04-20,28.372957229614254,28.48858295602254,27.832625759777404,27.921569539724583,188217200,236.222,5.4,0.12,1.9,0.022845983702235007,28.088333129882812,27.975039672851562,0.012629140298008339,1.0101331787263885,1.0142240211780236,0.0010424788961589382,0.0,0
2015-04-21,28.21951675415039,28.506357713100225,28.166149495147987,28.484123899873527,129740400,236.222,5.4,0.12,1.92,-0.005407983179973597,28.115459060668947,27.971703910827635,0.012486822657149049,1.0037010846330805,1.0088594117867389,0.0010424788961589382,0.0,1
2015-04-22,28.59975242614746,28.65534205744874,28.08832883605223,28.237308640789045,150618000,236.222,5.4,0.12,1.99,0.013474209190387665,28.197286987304686,27.993161487579346,0.012801041111216877,1.0142731972414218,1.0216692544297743,0.0010424788961589382,0.0,1
2015-04-23,28.833229064941406,28.999997956003867,28.493020798607738,28.528598976335616,183083600,236.222,5.4,0.12,1.96,0.008163589506477331,28.35293655395508,28.063092994689942,0.011195691856654727,1.0169397801202122,1.0274430217081627,0.0010424788961589382,0.0,1
2015-04-24,28.9688720703125,29.046698921184287,28.73539491061941,29.015568859420025,178103600,236.222,5.4,0.12,1.93,0.004704398701428358,28.598865509033203,28.130245304107667,0.011159998379481163,1.0129378055630363,1.0298122805947367,0.0010424788961589382,0.0,1
2015-04-27,29.495868682861328,29.60260326009858,29.162330763072063,29.420267568677325,387816800,236.222,5.4,0.12,1.94,0.01819182366747718,28.82344779968262,28.23475389480591,0.01140680534070987,1.0233289538382744,1.0446653366540382,0.0010424788961589382,0.0,0
2015-04-28,29.0311279296875,29.916113892359117,28.81099516558888,29.898328196468167,475696000,236.222,5.4,0.12,2.0,-0.015756130398148493,28.98577003479004,28.281337928771972,0.011009015545492837,1.0015648331868714,1.0265118292070874,0.0010424788961589382,0.0,0
2015-04-29,28.60420799255371,29.260165134074875,28.52860688860569,28.942193988863824,253544400,236.222,5.4,0.12,2.06,-0.014705592499463904,28.98666114807129,28.32814464569092,0.010957204649690015,0.9868058913869414,1.0097451968816031,0.0010424788961589382,0.0,0
2015-04-30,27.828168869018555,28.604199621886025,27.70142458160776,28.604199621886025,332781600,236.222,5.4,0.12,2.05,-0.027130243345216076,28.78564910888672,28.338150596618654,0.012712560722325716,0.9667375838478983,0.9820037046573904,0.0,0.0,1
2015-05-01,28.673131942749023,28.93551677409575,27.861524660384124,28.039410467610814,234050400,237.001,5.6,0.12,2.12,0.030363588697033483,28.726501083374025,28.378508377075196,0.01428222477351397,0.998142163555871,1.010381925707971,0.003297745341246827,0.03703703703703698,0
2015-05-04,28.61754608154297,29.033358897210668,28.5197077719741,28.795433608675246,203953200,237.001,5.6,0.12,2.16,-0.0019386044509208666,28.55083656311035,28.39351806640625,0.013871440802644644,1.0023365171204408,1.007890111208226,0.003297745341246827,0.03703703703703698,0
2015-05-05,27.97271156311035,28.561960474971364,27.968263441250215,28.49525221876074,197085600,237.001,5.6,0.12,2.19,-0.02253283760233049,28.339153289794922,28.39118366241455,0.014618993241099396,0.9870694186612651,0.9852604912750366,0.003297745341246827,0.03703703703703698,0
2015-05-06,27.79704475402832,28.1839481830708,27.430152781583676,28.141699512749295,288564000,237.001,5.6,0.12,2.25,-0.006279934953238309,28.177720642089845,28.38462429046631,0.014670210104018592,0.9864901816262278,0.9792993724199005,0.003297745341246827,0.03703703703703698,1
2015-05-07,27.968976974487305,28.152072553223466,27.69209940387363,27.859564934554776,175763600,237.001,5.6,0.12,2.18,0.0061852697644797505,28.205882263183593,28.375988578796388,0.014633112149552381,0.99160085522283,0.9856564784279193,0.003297745341246827,0.03703703703703698,1
2015-05-08,28.49593734741211,28.49593734741211,28.158772911254516,28.28604665551237,222201600,237.001,5.6,0.12,2.16,0.01884088836733233,28.17044334411621,28.38769702911377,0.015218746225556534,1.0115544508590022,1.0038129305870542,0.003297745341246827,0.03703703703703698,0
2015-05-11,28.20566177368164,28.48253764789053,28.051592936345216,28.444579202141632,168143200,237.001,5.6,0.12,2.28,-0.010186559936300243,28.088066482543944,28.38767099380493,0.015399425068514083,1.0041866637994032,0.9935884412580726,0.003297745341246827,0.03703703703703698,0
2015-05-12,28.105178833007812,28.330697825742963,27.870726438466505,28.04489029564702,192640000,237.001,5.6,0.12,2.28,-0.0035625095939988416,28.114559936523438,28.388735580444337,0.015388638697131708,0.9996663257921587,0.990011645758825,0.003297745341246827,0.03703703703703698,1
2015-05-13,28.136438369750977,28.399917500772432,28.105178278235485,28.167698461266472,138776800,237.001,5.6,0.12,2.27,0.0011122340451523716,28.18243865966797,28.386026859283447,0.01536680478274612,0.9983677675848959,0.9912073468129322,0.003297745341246827,0.03703703703703698,1
2015-05-14,28.79290008544922,28.79290008544922,28.39321726993171,28.4490391015852,180814000,237.001,5.6,0.12,2.23,0.023331372189736577,28.34722328186035,28.422922801971435,0.01616909296636655,1.015722062057276,1.013016862694083,0.003297745341246827,0.03703703703703698,0
2015-05-15,28.752714157104492,28.913481328066453,28.627673781266235,28.81970104618776,152832000,237.001,5.6,0.12,2.14,-0.0013956888061107398,28.398578643798828,28.473597145080568,0.015910458689791327,1.0124701844323816,1.0098026607106136,0.003297745341246827,0.03703703703703698,1
2015-05-18,29.06977653503418,29.18811854124879,28.661160333406823,28.66562703376231,203531600,237.001,5.6,0.12,2.23,0.011027215594231032,28.571401596069336,28.508438110351562,0.015299937845798684,1.0174431393324928,1.0196902553030007,0.003297745341246827,0.03703703703703698,0
2015-05-19,29.042991638183594,29.223853873876013,28.946976291486887,29.181428725830617,178532800,237.001,5.6,0.12,2.27,-0.0009214001634414437,28.758964157104494,28.549611854553223,0.015228749325255685,1.0098761373854606,1.0172814883138834,0.003297745341246827,0.03703703703703698,0
2015-05-20,29.040746688842773,29.24617060303671,28.879979554761626,29.027349995518332,145819600,237.001,5.6,0.12,2.26,-7.729745505513641e-05,28.939825820922852,28.57166156768799,0.014969513355219647,1.0034872659063123,1.016417845355038,0.003297745341246827,0.03703703703703698,1
2015-05-21,29.337722778320312,29.39131296521757,28.989395081224018,29.04298526812127,158921600,237.001,5.6,0.12,2.19,0.01022618642211559,29.04879035949707,28.596886253356935,0.01502937895983776,1.009946452683486,1.0259061954647741,0.003297745341246827,0.03703703703703698,1
2015-05-22,29.594501495361328,29.690516819846707,29.339954073068743,29.384614265161087,182384000,237.001,5.6,0.12,2.21,0.008752510172015393,29.217147827148438,28.628167724609376,0.015109296272261725,1.0129154861537257,1.0337546496180847,0.003297745341246827,0.03703703703703698,0
2015-05-26,28.942502975463867,29.677120208049125,28.830859309109393,29.60790168004444,282790400,237.001,5.6,0.12,2.14,-0.02203106952146683,29.191693115234376,28.600499439239503,0.01539952033967006,0.9914636626664021,1.0119579567815218,0.003297745341246827,0.03703703703703698,1
2015-05-27,29.482860565185547,29.53198405537011,29.038520913645133,29.103272746836808,183332800,237.001,5.6,0.12,2.14,0.01867003659565203,29.279666900634766,28.623086071014406,0.01556689117909197,1.0069397532847744,1.0300377985811182,0.003297745341246827,0.03703703703703698,0
2015-05-28,29.42481231689453,29.4627707647756,29.272978525370245,29.442675717149484,122933200,237.001,5.6,0.12,2.13,-0.001968881145799073,29.356480026245116,28.664116287231444,0.015150369477297684,1.0023276731606898,1.0265382690343725,0.003297745341246827,0.03703703703703698,0
2015-05-29,29.08987617492676,29.351121969971384,29.005025890228723,29.301998479577215,203538000,237.001,5.6,0.12,2.12,-0.011382779212340544,29.306910705566406,28.727201652526855,0.013943973675599027,0.992594424816041,1.0126247772681334,0.003297745341246827,0.03703703703703698,1
2015-06-01,29.147930145263672,29.337725761952687,29.038521520643027,29.08987665887506,128451200,237.657,5.3,0.13,2.19,0.001995676089778131,29.217596435546874,28.75094156265259,0.01228435399805422,0.9976156050194996,1.0138078463185627,0.0027679208104607333,-0.05357142857142849,0
2015-06-02,29.0184268951416,29.17472736620968,28.87552312058011,28.99609679623413,134670400,237.657,5.3,0.13,2.27,-0.0044429655717118655,29.232781219482423,28.77098560333252,0.012327426891828534,0.9926673304626259,1.0086003759210953,0.0027679208104607333,-0.05357142857142849,1
2015-06-03,29.05415153503418,29.2372488140975,29.00502804099743,29.17472862297707,123934000,237.657,5.3,0.13,2.38,0.0012311018795632123,29.14703941345215,28.825057601928712,0.011041534222624449,0.9968131281842951,1.0079477354831075,0.0027679208104607333,-0.05357142857142849,0
2015-06-04,28.884458541870117,29.15686944565926,28.783979892100927,28.93358204301867,153800400,237.657,5.3,0.13,2.31,-0.005840576447721846,29.038968658447267,28.8794282913208,0.011024709711332131,0.994679214734019,1.00017418109869,0.0027679208104607333,-0.05357142857142849,0
2015-06-05,28.725919723510746,28.95814050384929,28.66116788322297,28.91571535703196,142507200,237.657,5.3,0.13,2.41,-0.005488723914611637,28.96617736816406,28.917275428771973,0.011099028470341906,0.9917055798699426,0.9933826509439809,0.0027679208104607333,-0.05357142857142849,0
2015-06-08,28.536121368408203,28.85095732045085,28.31953238640107,28.78173538640273,210699200,237.657,5.3,0.13,2.39,-0.0066072159544191544,28.84381561279297,28.919284629821778,0.01043235802690444,0.9893324014923914,0.9867505968312075,0.0027679208104607333,-0.05357142857142849,0
2015-06-09,28.45127868652344,28.598649180909273,28.04936240860745,28.29051149393801,224301600,237.657,5.3,0.13,2.42,-0.0029731679645395026,28.730385971069335,28.931565475463866,0.010178820404536654,0.9902852929011484,0.9833992118626369,0.0027679208104607333,-0.05357142857142849,1
2015-06-10,28.777273178100582,28.87998344548777,28.54728578924955,28.562915834749408,156349200,237.657,5.3,0.13,2.5,0.011457990875171298,28.67501029968262,28.965170192718507,0.010416009295345021,1.0035662717240277,0.9935130015336433,0.0027679208104607333,-0.05357142857142849,0
2015-06-11,28.7125301361084,29.067556336187188,28.68796838224218,28.844268903620023,141563600,237.657,5.3,0.13,2.39,-0.0022497976646881357,28.640624618530275,28.99397478103638,0.01044516198714671,1.0025106127584802,0.9902929954566954,0.0027679208104607333,-0.05357142857142849,0
2015-06-12,28.395450592041016,28.654464723898236,28.38205389678882,28.623204632611635,147544800,237.657,5.3,0.13,2.39,-0.011043246365412762,28.574530792236327,28.974102306365968,0.009360351452479298,0.9937328734635262,0.9800286577231483,0.0027679208104607333,-0.05357142857142849,0
2015-06-15,28.339628219604492,28.41108009883974,28.069450748010365,28.156532672592473,175955600,237.657,5.3,0.13,2.36,-0.0019658914112167247,28.535232162475587,28.953448009490966,0.00936360009569764,0.9931451778013456,0.9787997688674156,0.0027679208104607333,-0.05357142857142849,1
2015-06-16,28.49146842956543,28.54729027276738,28.216825914998417,28.364194695206884,125976400,237.657,5.3,0.13,2.32,0.0053578758614729605,28.543270111083984,28.92453260421753,0.009071745599920094,0.9981851525309835,0.9850277900570482,0.0027679208104607333,-0.05357142857142849,0
2015-06-17,28.42447853088379,28.553983890961614,28.299436464414363,28.51825880307548,131672400,237.657,5.3,0.13,2.32,-0.002351226608317769,28.472711181640626,28.89360694885254,0.009077015698085762,0.9983060042842727,0.9837635910670758,0.0027679208104607333,-0.05357142857142849,1
2015-06-18,28.553983688354492,28.649997310216285,28.406614933605677,28.408848283941207,141628800,237.657,5.3,0.13,2.35,0.004556113749984547,28.441001892089844,28.869268798828124,0.009161523019922341,1.0039724970552486,0.9890788674742454,0.0027679208104607333,-0.05357142857142849,0
2015-06-19,28.268171310424805,28.54058208389581,28.223514532679044,28.51602034507158,218867600,237.657,5.3,0.13,2.26,-0.010009544764370437,28.415546035766603,28.81579122543335,0.008995036210527734,0.994813588126855,0.980995839721201,0.0027679208104607333,-0.05357142857142849,1
2015-06-22,28.49370002746582,28.594178657629293,28.37535799972522,28.466904931100128,136157200,237.657,5.3,0.13,2.37,0.007978185591292375,28.446360397338868,28.760751152038573,0.008948697259603164,1.0016641717768358,0.9907147374850874,0.0027679208104607333,-0.05357142857142849,0
2015-06-23,28.364181518554688,28.493688543471784,28.330688087483484,28.4646618117683,121075600,237.657,5.3,0.13,2.42,-0.004545513878025154,28.42090301513672,28.731835079193115,0.007630949774108498,0.9980042331325003,0.9872039652314212,0.0027679208104607333,-0.05357142857142849,1
2015-06-24,28.60534286499023,28.982699035849468,28.384288863009008,28.404383907031253,221123600,237.657,5.3,0.13,2.38,0.008502319951583459,28.45707588195801,28.68795919418335,0.006509082304727988,1.005210197409152,0.9971201740551182,0.0027679208104607333,-0.05357142857142849,0
2015-06-25,28.46913719177246,28.848725006243843,28.46913719177246,28.772808124768485,127752400,237.657,5.3,0.13,2.4,-0.0047615466054934386,28.4401065826416,28.640175437927248,0.006549734248101707,1.001020763021633,0.9940280307805557,0.0027679208104607333,-0.05357142857142849,0
2015-06-26,28.301673889160156,28.57854974843953,28.2480853978426,28.50709785883365,176267200,237.657,5.3,0.13,2.49,-0.005882275303401241,28.44680709838867,28.600765323638917,0.0062261094270870095,0.9948980843886436,0.9895425373728878,0.0027679208104607333,-0.05357142857142849,0
2015-06-29,27.805971145629883,28.23914911428784,27.79480780117253,28.013628432264692,196645600,237.657,5.3,0.13,2.33,-0.017514962029158698,28.309261322021484,28.533667373657227,0.007135687585736378,0.9822217128639772,0.9744969260874203,0.0,0.0,1
2015-06-30,28.00693130493164,28.16100011566019,27.879657588452865,28.03819139644943,177482800,237.657,5.3,0.13,2.35,0.007227230376139593,28.237811279296874,28.48309259414673,0.00742506768688531,0.991823729818093,0.9832826689152098,0.0,0.0,1
2015-07-01,28.268171310424805,28.344089876848845,28.131965923689304,28.33515818059032,120955200,238.034,5.2,0.13,2.43,0.009327691157908546,28.17037696838379,28.44379358291626,0.007806842678506894,1.0034715311815234,0.9938256382018981,0.0015863197801873063,-0.01886792452830177,0
2015-07-02,28.23245429992676,28.288276139840537,28.082850474261843,28.230220949336942,108844000,238.034,5.2,0.13,2.4,-0.001263506227757727,28.123040390014648,28.411193370819092,0.007734761837707613,1.0038905434261283,0.9937088502915223,0.0015863197801873063,-0.01886792452830177,0
2015-07-06,28.13420295715332,28.1855597914771,27.87742219262861,27.89751893772821,112241600,238.034,5.2,0.13,2.3,-0.003480085072649741,28.08954620361328,28.38160753250122,0.007687845863523882,1.001589799750282,0.9912829259207891,0.0015863197801873063,-0.01886792452830177,0
2015-07-07,28.064990997314453,28.167702986444347,27.6362779382124,28.10964779135441,187787200,238.034,5.2,0.13,2.27,-0.0024600647099999318,28.141350173950194,28.358051013946532,0.0075842192478714696,0.9972865844686292,0.989665720804016,0.0015863197801873063,-0.01886792452830177,0
2015-07-08,27.36833381652832,27.830538620225106,27.361635467764923,27.794813525637824,243046400,238.034,5.2,0.13,2.22,-0.024822996766783123,28.013630676269532,28.303903770446777,0.009294010778707855,0.9769648972959494,0.9669455506383073,0.0015863197801873063,-0.01886792452830177,0
2015-07-09,26.81011390686035,27.70103001819271,26.620319986898956,27.65413987586442,314380000,238.034,5.2,0.13,2.32,-0.02039656171289639,27.72201919555664,28.205545806884764,0.009609003767772616,0.9671053799413554,0.9505263287731238,0.0015863197801873063,-0.01886792452830177,1
2015-07-10,27.526865005493164,27.654138730411734,27.064660246204937,27.227660765825657,245418000,238.034,5.2,0.13,2.42,0.026734354845445285,27.58090133666992,28.146262550354002,0.011752467186580616,0.9980408061898647,0.9779936130506589,0.0015863197801873063,-0.01886792452830177,1
2015-07-13,28.058286666870117,28.080615059129947,27.759080759237573,27.917614558893636,165762000,238.034,5.2,0.13,2.44,0.01930556426497909,27.56571807861328,28.12940435409546,0.012466487273128114,1.0178688828947646,0.9974717670402791,0.0015863197801873063,-0.01886792452830177,0
2015-07-14,28.0471248626709,28.216823729856447,27.91985113816857,28.14313849368475,127072400,238.034,5.2,0.13,2.41,-0.0003978077610988784,27.56214485168457,28.11477918624878,0.012461866772567087,1.0175958733834418,0.9975936384515169,0.0015863197801873063,-0.01886792452830177,1
2015-07-15,28.31730079650879,28.390986028616197,28.040424967933756,28.071685059698005,134596800,238.034,5.2,0.13,2.36,0.009632927979633221,27.751938247680663,28.106070804595948,0.01260250689195786,1.0203720022645761,1.0075154579016539,0.0015863197801873063,-0.01886792452830177,1
2015-07-16,28.694656372070312,28.708056475146563,28.435643929657154,28.522725860632445,144889600,238.034,5.2,0.13,2.36,0.013325972636772265,28.128846740722658,28.119579696655272,0.012946551069517866,1.0201149246025973,1.0204511120585293,0.0015863197801873063,-0.01886792452830177,1
2015-07-17,28.942502975463867,28.942502975463867,28.649997114750235,28.82192931492253,184658800,238.034,5.2,0.13,2.34,0.008637378339013457,28.411974334716795,28.139005661010742,0.01304476455383084,1.0186727129377564,1.0285545738229993,0.0015863197801873063,-0.01886792452830177,1
2015-07-20,29.489566802978516,29.690524088212054,29.183660766311508,29.24394931471962,235600800,238.034,5.2,0.13,2.38,0.018901745573920214,28.698230361938478,28.20007543563843,0.01338632707716338,1.0275743985277073,1.0457265219124368,0.0015863197801873063,-0.01886792452830177,0
2015-07-21,29.19481658935547,29.679349656595203,29.098804678807095,29.663721316152145,307025600,238.034,5.2,0.13,2.35,-0.00999506759771307,28.92776870727539,28.23513126373291,0.013580070567686422,1.0092315409730483,1.0339890513225714,0.0015863197801873063,-0.01886792452830177,0
2015-07-22,27.960037231445312,28.022557405679308,27.238818470567157,27.238818470567157,461802400,238.034,5.2,0.13,2.33,-0.04229447217559712,28.856315994262694,28.21492404937744,0.01670059744851262,0.9689399449674871,0.9909662412173762,0.0015863197801873063,-0.01886792452830177,0
2015-07-23,27.94664192199707,28.37758481624424,27.92431182705308,28.178859236781584,203998000,238.034,5.2,0.13,2.28,-0.0004790876828010271,28.706713104248045,28.181989002227784,0.016563610882984046,0.973522876705153,0.9916490251908014,0.0015863197801873063,-0.01886792452830177,0
2015-07-24,27.799278259277344,28.076154127998937,27.665306174640925,27.98237383910819,168649200,238.034,5.2,0.13,2.27,-0.005273036493294581,28.478068161010743,28.148496055603026,0.016570064795831937,0.9761644681129484,0.9875937316282953,0.0015863197801873063,-0.01886792452830177,0
2015-07-27,27.412986755371097,27.60054901210549,27.26785134311559,27.484438638044377,177822000,238.034,5.2,0.13,2.23,-0.013895738598081464,28.062752151489256,28.104061698913576,0.01678829693196999,0.9768459845773296,0.9754101399667368,0.0015863197801873063,-0.01886792452830177,1
2015-07-28,27.549196243286133,27.667539985288723,27.363869013173137,27.549196243286133,134472400,238.034,5.2,0.13,2.26,0.004968794138725086,27.73362808227539,28.091222953796386,0.016404972276970502,0.9933498841751928,0.9807047663463508,0.0015863197801873063,-0.01886792452830177,0
2015-07-29,27.46211051940918,27.57598754415561,27.30134335589593,27.49783731287758,148046800,238.034,5.2,0.13,2.29,-0.0031610985347050313,27.634042739868164,28.063981914520262,0.016317162725280998,0.9937782458369389,0.9785535995232496,0.0015863197801873063,-0.01886792452830177,0
2015-07-30,27.323671340942383,27.36832812577778,27.17630088460071,27.31250629295996,134513200,238.034,5.2,0.13,2.28,-0.00504109756491411,27.509448623657228,28.01675691604614,0.016160837516315602,0.9932467827597575,0.9752617486320551,0.0,0.0,0
2015-07-31,27.08475685119629,27.383961089285012,26.99767491900346,27.375029390656604,171540000,238.034,5.2,0.13,2.2,-0.008743864862263195,27.366544342041017,27.95937204360962,0.016239673673161672,0.9897032125312277,0.9687183535077558,0.0,0.0,0
2015-08-03,26.44615364074707,27.36832976070949,26.240727989009937,27.129412370118644,279904000,238.033,5.1,0.14,2.16,-0.023577956189812066,27.17317771911621,27.874969577789308,0.016946007582483668,0.9732447899217292,0.9487419732224313,-4.20108051790713e-06,-0.019230769230769384,0
2015-08-04,25.5976619720459,26.280920726034005,25.28729268813971,26.218400539858273,496554400,238.033,5.1,0.14,2.23,-0.03208374572073325,26.782870864868165,27.75160312652588,0.018152480091365324,0.9557475037384084,0.9223849827824478,-4.20108051790713e-06,-0.019230769230769384,1
2015-08-05,25.767356872558594,26.222863206316752,25.03050804074894,25.220301920594743,397250400,238.033,5.1,0.14,2.28,0.006629312501196916,26.443920135498047,27.671554279327392,0.017648446045323774,0.9744151676652797,0.9311857444816041,-4.20108051790713e-06,-0.019230769230769384,1
2015-08-06,25.82343101501465,26.1307199254701,25.596891241758055,26.01184224596239,211612000,238.033,5.1,0.14,2.23,0.0021761697458295703,26.1438720703125,27.62222013473511,0.017183604139026636,0.9877431677130287,0.934878908684879,-4.20108051790713e-06,-0.019230769230769384,1
2015-08-07,25.910911560058594,26.074649899477837,25.68212828808785,25.70007254388198,154681600,238.033,5.1,0.14,2.18,0.0033876422150518337,25.909103012084962,27.54142246246338,0.015892557493437067,1.0000698035733921,0.940797868932622,-4.20108051790713e-06,-0.019230769230769384,1
2015-08-10,26.852962493896484,26.913522213707832,26.13745117547773,26.13745117547773,219806400,238.033,5.1,0.14,2.24,0.03635730574952256,25.990464782714845,27.481156253814696,0.017520464337161323,1.03318515918789,0.9771409268912762,-4.20108051790713e-06,-0.019230769230769384,0
2015-08-11,25.455581665039062,26.507539920424335,25.419694871898542,26.42454903744614,388331200,238.033,5.1,0.14,2.15,-0.0520382370911604,25.962048721313476,27.351579093933104,0.020768786948992184,0.9804920227324498,0.9306805130927671,-4.20108051790713e-06,-0.019230769230769384,1
2015-08-12,25.84811019897461,25.88848392172956,24.589797836247023,25.240262608961835,404870000,238.033,5.1,0.14,2.14,0.015420136106127469,25.97819938659668,27.228119564056396,0.0210167732289049,0.9949923708842889,0.9493167582933812,-4.20108051790713e-06,-0.019230769230769384,0
2015-08-13,25.827926635742188,26.108299261594233,25.691104657425697,26.02755180844815,194143200,238.033,5.1,0.14,2.19,-0.0007808525682169165,25.979098510742187,27.08478307723999,0.020625802566492994,0.9941810192167565,0.9535954769172964,-4.20108051790713e-06,-0.019230769230769384,1
2015-08-14,26.009597778320312,26.088101741814516,25.572217330811124,25.6417491682977,171718000,238.033,5.1,0.14,2.2,0.007033903461949542,25.99883575439453,26.938137817382813,0.020572870556307465,1.0004139425329446,0.9655306522909194,-4.20108051790713e-06,-0.019230769230769384,1
2015-08-17,26.278762817382812,26.38866839301048,25.906427198152485,26.02754836183253,163538800,238.033,5.1,0.14,2.16,0.01034868133512079,25.883995819091798,26.777597618103027,0.02013130426882594,1.0152513932180378,0.981371189162131,-4.20108051790713e-06,-0.019230769230769384,0
2015-08-18,26.130718231201172,26.341558908737895,26.020812685174977,26.11501743891172,138242800,238.033,5.1,0.14,2.2,-0.00563362085233754,26.019023132324218,26.624392700195312,0.02010424742833582,1.0042928244580478,0.9814578129704901,-4.20108051790713e-06,-0.019230769230769384,0
2015-08-19,25.79651641845703,26.13520520520476,25.7224976592639,26.041000445099755,193146000,238.033,5.1,0.14,2.12,-0.012789614498429303,26.008704376220702,26.516216659545897,0.01824600883224404,0.991841655982,0.9728581098001485,-4.20108051790713e-06,-0.019230769230769384,0
2015-08-20,25.267175674438477,25.648481674930427,25.038390705136656,25.587921954384836,274006400,238.033,5.1,0.14,2.09,-0.020519853744276118,25.89655418395996,26.382243347167968,0.018597547317487913,0.9756964380260554,0.9577341601297454,-4.20108051790713e-06,-0.019230769230769384,0
2015-08-21,23.721765518188477,25.098955598190983,23.697092592385616,24.769237145424192,513102000,238.033,5.1,0.14,2.05,-0.06116275820306316,25.438987731933594,26.178367710113527,0.02246056164121364,0.9324964408238035,0.906159076871092,-4.20108051790713e-06,-0.019230769230769384,0
2015-08-24,23.129613876342773,24.40362677759417,20.63541912283421,21.27915509630601,648825200,238.033,5.1,0.14,2.01,-0.024962376488869453,24.809157943725587,25.96419906616211,0.02275675435735964,0.9323014480704057,0.8908271661838584,-4.20108051790713e-06,-0.019230769230769384,1
2015-08-25,23.268678665161133,24.921755869739176,23.214847613615213,24.921755869739176,414406400,238.033,5.1,0.14,2.12,0.006012412898971808,24.236750030517577,25.75017318725586,0.022789732985390596,0.960057707236428,0.9036319288398862,-4.20108051790713e-06,-0.019230769230769384,1
2015-08-26,24.603248596191406,24.648107512469675,23.562505994962297,24.020072417026125,387098400,238.033,5.1,0.14,2.18,0.05735477936821787,23.998096466064453,25.60723009109497,0.02709799839644084,1.0252166721215865,0.9607930458963345,-4.20108051790713e-06,-0.019230769230769384,1
2015-08-27,25.32773780822754,25.399513122615115,24.67727305900723,25.17297330263905,338464400,238.033,5.1,0.14,2.18,0.029446892316012496,24.010208892822266,25.50743341445923,0.028179741093070868,1.0548736964882943,0.9929551670953367,-4.20108051790713e-06,-0.019230769230769384,1
2015-08-28,25.410728454589844,25.41521366301828,25.018206833650943,25.1595140011359,212657600,238.033,5.1,0.14,2.19,0.0032766703047337753,24.34800148010254,25.423731994628906,0.028188095430726444,1.0436474006031162,0.9994885274891268,-4.20108051790713e-06,-0.019230769230769384,0
2015-08-31,25.29185676574707,25.68886368951605,25.12138971353843,25.12811838341028,224917200,238.033,5.1,0.14,2.21,-0.004678011850593022,24.780450057983398,25.366017150878907,0.027768732399666374,1.020637506847819,0.9970763882760654,0.0,0.0,0
2015-09-01,24.16138458251953,25.09446351743567,24.080637153090667,24.706428875535263,307383600,237.498,5.0,0.14,2.17,-0.044697081503266456,24.958991241455077,25.294203281402588,0.028621419014936093,0.9680433134809239,0.9552142960867261,-0.002247587519377592,-0.019607843137254832,1
2015-09-02,25.197649002075195,25.197649002075195,24.47765227015218,24.724381561589578,247555200,237.498,5.0,0.14,2.2,0.04288928128338254,25.077871322631836,25.265717887878417,0.03032713916477579,1.004776229924079,0.9973058796070909,-0.002247587519377592,-0.019607843137254832,0
2015-09-03,24.755779266357425,25.29633673971069,24.681760490568845,25.23129009231393,212935600,237.498,5.0,0.14,2.18,-0.017536149332081696,24.963479614257814,25.212335300445556,0.03054900899418184,0.9916798318539791,0.9818915610693126,-0.002247587519377592,-0.019607843137254832,0
2015-09-04,24.50904655456543,24.77371831536382,24.33858127295569,24.441758168011564,199985200,237.498,5.0,0.14,2.13,-0.009966671181597553,24.78314323425293,25.1422420501709,0.030578722954564645,0.9889401970889363,0.974815472130849,-0.002247587519377592,-0.019607843137254832,1
2015-09-08,25.19091796875,25.246992491313335,24.744565248298265,25.065311585810885,219374400,237.498,5.0,0.14,2.2,0.02782121339018606,24.762955474853516,25.059139823913576,0.030065569547042148,1.017282367378606,1.0052586858831711,-0.002247587519377592,-0.019607843137254832,0
2015-09-09,24.70642471313477,25.574456866366543,24.6211903790651,25.516140619249093,340043200,237.498,5.0,0.14,2.21,-0.0192328543253667,24.871963500976562,25.02168197631836,0.02806374744743509,0.9933443619022964,0.9874006366365793,-0.002247587519377592,-0.019607843137254832,1
2015-09-10,25.24923324584961,25.40848466751426,24.65035781974626,24.73334700904198,251571200,237.498,5.0,0.14,2.23,0.021970339254560933,24.882280349731445,24.99173812866211,0.028304098641381836,1.0147475589439745,1.0103032096391962,-0.002247587519377592,-0.019607843137254832,1
2015-09-11,25.61707878112793,25.61707878112793,25.067549271104703,25.07427793846086,199662000,237.498,5.0,0.14,2.2,0.014568582407894937,25.05454025268555,24.981195735931397,0.028511708042842435,1.022452558409332,1.025454467909313,-0.002247587519377592,-0.019607843137254832,1
2015-09-14,25.863807678222656,26.218199009025287,25.762874239912513,26.148667160912005,233453600,237.498,5.0,0.14,2.18,0.009631422036945558,25.325492477416994,24.973906230926513,0.028551432870696208,1.021255863090745,1.0356332501238485,-0.002247587519377592,-0.019607843137254832,1
2015-09-15,26.081377029418945,26.137451542024767,25.664182518730957,26.002873054022455,173364800,237.498,5.0,0.14,2.28,0.008412116031139671,25.50358428955078,24.96403694152832,0.028518136159548364,1.0226553543732633,1.0447579888824752,-0.002247587519377592,-0.019607843137254832,1
2015-09-16,26.110530853271484,26.139688977053208,25.892961520704542,26.074642352071283,148694000,237.498,5.0,0.14,2.3,0.0011178023238440637,25.784405517578126,24.963027572631837,0.028487755642452657,1.0126481619082133,1.0459681133348468,-0.002247587519377592,-0.019607843137254832,0
2015-09-17,25.552030563354492,26.12847641838841,25.50717164291733,25.94231035844189,256450400,237.498,5.0,0.14,2.21,-0.02138984814424083,25.8449649810791,24.95080327987671,0.028760103777320068,0.9886657065335912,1.024096510109664,-0.002247587519377592,-0.019607843137254832,0
2015-09-18,25.44661521911621,25.63726994658994,25.092225570992877,25.1684860929756,297141200,237.498,5.0,0.14,2.13,-0.004125517303875781,25.810872268676757,24.959775257110596,0.028378030772496593,0.98588745681398,1.0195049817953359,-0.002247587519377592,-0.019607843137254832,1
2015-09-21,25.84138298034668,25.877271496479683,25.493721964416057,25.495963713230392,200888000,237.498,5.0,0.14,2.2,0.015513566650463995,25.80638732910156,25.065756130218507,0.024488090934775945,1.0013560848637522,1.0309436845271587,-0.002247587519377592,-0.019607843137254832,0
2015-09-22,25.435401916503903,25.610354140303222,25.238018516313087,25.430914996722205,201384800,237.498,5.0,0.14,2.14,-0.015710500639673164,25.677192306518556,25.181045532226562,0.023982996563614176,0.9905834568231484,1.0101011049740496,-0.002247587519377592,-0.019607843137254832,1
2015-09-23,25.641754150390625,25.731473716641045,25.41297088214752,25.486987941390105,143026800,237.498,5.0,0.14,2.16,0.008112796273638923,25.583436965942383,25.299699306488037,0.023992103745143222,1.0022794898326552,1.0135201149926263,-0.002247587519377592,-0.019607843137254832,1
2015-09-24,25.794275283813477,25.90642430678658,25.20437203902794,25.401753703407618,200878000,237.498,5.0,0.14,2.13,0.005948155205307115,25.63188591003418,25.359250640869142,0.020620415074203605,1.0063354438432377,1.017154475465582,-0.002247587519377592,-0.019607843137254832,0
2015-09-25,25.729230880737305,26.173341803252995,25.57446466798422,26.11726728689416,224607600,237.498,5.0,0.14,2.17,-0.0025216604211784066,25.688409042358398,25.379325294494627,0.019643129538867727,1.0015891150873375,1.0137870326410363,-0.002247587519377592,-0.019607843137254832,0
2015-09-28,25.220069885253903,25.697824051210933,25.220069885253903,25.536329203209096,208436000,237.498,5.0,0.14,2.1,-0.019789203876459216,25.564146423339842,25.36979236602783,0.02017062576820974,0.9865406600170386,0.9940983955006893,-0.002247587519377592,-0.019607843137254832,0
2015-09-29,24.461942672729492,25.460069935780723,24.192785720478692,25.30754720650309,293461600,237.498,5.0,0.14,2.05,-0.030060472313270026,25.36945457458496,25.328296661376953,0.02123857940130783,0.964228166625048,0.9657950157395084,-0.002247587519377592,-0.019607843137254832,1
2015-09-30,24.740074157714844,25.01820324435386,24.387926308187456,24.710914317708884,265892000,237.498,5.0,0.14,2.06,0.01136996716517591,25.189118576049804,25.35723114013672,0.018789112438077918,0.9821730793406198,0.9756614995142349,0.0,0.0,0
2015-10-01,24.578588485717773,24.587560615900017,24.06943079324339,24.46419596496776,255716400,237.733,5.0,0.12,2.05,-0.0065272913479409445,24.945981216430663,25.326278114318846,0.016095332181349495,0.9852724682374527,0.9704777138896556,0.0009894820166906904,0.0,1
2015-10-02,24.75801467895508,24.89932352588932,24.123252586823476,24.226429470036592,232079200,237.733,5.0,0.12,1.99,0.007300101604352571,24.751737976074217,25.326389884948732,0.015715708604424766,1.0002535863496507,0.9775579856199154,0.0009894820166906904,0.0,1
2015-10-05,24.847732543945312,24.98006925581128,24.46418316346537,24.645863998624822,208258800,237.733,5.0,0.12,2.07,0.0036237907664904423,24.6772705078125,25.343324184417725,0.015549462480407705,1.0069076535866819,0.9804448841491312,0.0009894820166906904,0.0,1
2015-10-06,24.96661376953125,25.063061993191063,24.621194589709095,24.814091037028717,192787200,237.733,5.0,0.12,2.05,0.0047843892949059885,24.778204727172852,25.332108974456787,0.01424078536330594,1.0076038213596556,0.9855718603889602,0.0009894820166906904,0.0,0
2015-10-07,24.847732543945312,25.069787088168862,24.54044537447887,25.06305842186784,187062400,237.733,5.0,0.12,2.08,-0.004761607908999599,24.799736404418944,25.339174365997316,0.013583339032930544,1.0019353487772482,0.980605452452647,0.0009894820166906904,0.0,0
2015-10-08,24.560632705688477,24.715398884039228,24.271288060243094,24.715398884039228,247918400,237.733,5.0,0.12,2.12,-0.011554367697296897,24.796145248413087,25.30474433898926,0.01282530362346917,0.9905020502031588,0.9705939873040225,0.0009894820166906904,0.0,1
2015-10-09,25.148298263549805,25.18418506209718,24.55839329024139,24.672785776174173,211064400,237.733,5.0,0.12,2.12,0.02392713432521698,24.87420196533203,25.28130531311035,0.01358317689215678,1.0110193001809582,0.9947389168433652,0.0009894820166906904,0.0,0
2015-10-12,25.031660079956055,25.28960315953331,24.995773284617183,25.28511795183777,121868800,237.733,5.0,0.12,2.12,-0.004638014961147796,24.91098747253418,25.23969793319702,0.013377688392385415,1.0048441519050548,0.9917575141433312,0.0009894820166906904,0.0,1
2015-10-13,25.074275970458984,25.222311774450123,24.825305030272983,24.856706616309225,132197200,237.733,5.0,0.12,2.06,0.0017024795945137505,24.932519912719727,25.189342880249022,0.013197673876092676,1.0056855888709002,0.9954319209382686,0.0009894820166906904,0.0,0
2015-10-14,24.719890594482425,25.01372052458392,24.57409650375153,24.962132925734505,177849600,237.733,5.0,0.12,1.99,-0.01413342408746221,24.90695152282715,25.11981086730957,0.013453239655900345,0.9924896096508125,0.9840794871052316,0.0009894820166906904,0.0,1
2015-10-15,25.08998680114746,25.14381786856589,24.782697773418832,24.88138948973493,150694000,237.733,5.0,0.12,2.04,0.014971595656966263,25.012822341918945,25.096708679199217,0.013242233544689324,1.0030849960941512,0.9997321609722741,0.0009894820166906904,0.0,0
2015-10-16,24.906055450439453,25.121381371126688,24.79166296682932,25.072035526774933,156930400,237.733,5.0,0.12,2.04,-0.007330866778279654,24.964373779296874,25.06968069076538,0.013303492986673274,0.997663937843064,0.9934731821141144,0.0009894820166906904,0.0,1
2015-10-19,25.060821533203125,25.0653067411875,24.69745808117051,24.85222428113486,119036800,237.733,5.0,0.12,2.04,0.0062139941457868275,24.97020606994629,25.030652618408205,0.012851184688426316,1.0036289433496466,1.001205278793759,0.0009894820166906904,0.0,1
2015-10-20,25.518388748168945,25.608108311660388,24.85671017602895,24.973344410686988,195871200,237.733,5.0,0.12,2.08,0.018258268762641583,25.05902862548828,25.034801959991455,0.013109888025559645,1.018331122468707,1.0193165813314728,0.0009894820166906904,0.0,0
2015-10-21,25.516149520874023,25.924371949399188,25.50269047270256,25.569980579784342,167180800,237.733,5.0,0.12,2.04,-8.774955648727101e-05,25.218280410766603,25.028521728515624,0.012978436973118485,1.0118116344673624,1.0194828842728987,0.0009894820166906904,0.0,1
2015-10-22,25.906423568725582,25.906423568725582,25.592405971095445,25.643995273146963,166616400,237.733,5.0,0.12,2.04,0.015295177962971529,25.381567764282227,25.03412914276123,0.013372476178104522,1.0206786203798628,1.0348442089193497,0.0009894820166906904,0.0,1
2015-10-23,26.70940589904785,26.74305094085647,26.092586407168852,26.175575570871143,237467600,237.733,5.0,0.12,2.09,0.03099549145377356,25.742237854003907,25.083137893676756,0.015001016001651067,1.0375712496531653,1.0648351100354578,0.0009894820166906904,0.0,0
2015-10-26,25.857080459594727,26.496329597653407,25.77633301991801,26.48511572124512,265335200,237.733,5.0,0.12,2.07,-0.03191105944754502,25.901489639282225,25.1149884223938,0.016129229139915113,0.9982854584695334,1.029547775404875,0.0009894820166906904,0.0,0
2015-10-27,25.693342208862305,26.13969484741818,25.56773413771088,25.883995208345304,279537600,237.733,5.0,0.12,2.05,-0.0063324338178196715,25.9364803314209,25.176558399200438,0.014484295414762167,0.9906256315640467,1.0205263881372395,0.0009894820166906904,0.0,1
2015-10-28,26.75202751159668,26.75875789051367,26.032030980725605,26.227170899119155,342205600,237.733,5.0,0.12,2.1,0.04120465504753246,26.18365592956543,25.27715606689453,0.016792060431777767,1.021707113153342,1.0583479977256534,0.0009894820166906904,0.0,1
2015-10-29,27.03464126586914,27.070529772051515,26.527727239221168,26.624175460513595,204909200,237.733,5.0,0.12,2.19,0.010564199448058753,26.409299468994142,25.3999587059021,0.016659819101068826,1.023678848339358,1.0643576857306936,0.0,0.0,0
2015-10-30,26.80361557006836,27.189408469648065,26.792399983652903,27.1378191678985,197461200,237.733,5.0,0.12,2.16,-0.008545543235761288,26.428141403198243,25.502238750457764,0.016914732272451726,1.0142073618095853,1.0510299049563732,0.0,0.0,1
2015-11-02,27.180435180664062,27.220808894271993,26.82828734412862,27.095202545828723,128813200,238.017,5.1,0.12,2.2,0.014058536603416272,26.692812347412108,25.618873882293702,0.017059184685716235,1.0182679452020809,1.0609535495410523,0.0011946174910508756,0.020000000000000018,1
2015-11-03,27.49221420288086,27.698568015313565,27.0727761984996,27.09296391453022,182076000,238.017,5.1,0.12,2.23,0.011470714877979349,27.05258674621582,25.74515390396118,0.017127666131342967,1.0162508473141312,1.0678597729668602,0.0011946174910508756,0.020000000000000018,0
2015-11-04,27.364362716674805,27.77258510842405,27.27913007180702,27.61781890283362,179544400,238.017,5.1,0.12,2.25,-0.004650461591145905,27.175053787231445,25.870985412597655,0.017124360657851417,1.0069662761636302,1.0577240209547627,0.0011946174910508756,0.020000000000000018,0
2015-11-05,27.23822021484375,27.636928177832186,27.07152963365711,27.44771040253675,158210800,238.017,5.1,0.12,2.26,-0.0046097365079212915,27.215769577026368,26.00486478805542,0.0168396175486366,1.0008249128415732,1.0474278730860709,0.0011946174910508756,0.020000000000000018,1
2015-11-06,27.26975440979004,27.438698042862917,27.1706419803574,27.281018006094968,132169200,238.017,5.1,0.12,2.34,0.0011577186283671104,27.308997344970702,26.11093759536743,0.016275766231699965,0.9985630034422377,1.044380513345802,0.0011946174910508756,0.020000000000000018,0
2015-11-09,27.159378051757812,27.43869770715078,27.04224455710382,27.247228602394177,135485600,238.017,5.1,0.12,2.36,-0.004047574333584825,27.304785919189452,26.21732349395752,0.01625945192536836,0.9946746380703374,1.0359325221744093,0.0011946174910508756,0.020000000000000018,0
2015-11-10,26.303396224975582,26.596232538644298,26.143463127646314,26.332680887492543,236511600,238.017,5.1,0.12,2.32,-0.031516989275342744,27.0670223236084,26.27877950668335,0.018119668462260624,0.9717875838168292,1.0009367527242266,0.0011946174910508756,0.020000000000000018,0
2015-11-11,26.15471839904785,26.449805963153892,25.95198576323407,26.213285986856928,180872000,238.017,5.1,0.12,2.32,-0.005652419355130944,26.825093460083007,26.350520896911622,0.01780516069496443,0.9750094044580794,0.992569312059151,0.0011946174910508756,0.020000000000000018,0
2015-11-12,26.066877365112305,26.31466102415357,26.051109360952868,26.188516990878064,130102400,238.017,5.1,0.12,2.32,-0.0033585157597699755,26.59082489013672,26.399365425109863,0.01762602259998595,0.9802959281184707,0.9874054525688973,0.0011946174910508756,0.020000000000000018,0
2015-11-13,25.305505752563477,26.03309050593874,25.289737747064137,25.949744351965816,183249600,238.017,5.1,0.12,2.28,-0.02920839354420879,26.197975158691406,26.419337940216064,0.018874092136438245,0.9659336494243584,0.9578402687390175,0.0011946174910508756,0.020000000000000018,1
2015-11-16,25.719974517822266,25.733489456288183,25.00365356321389,25.0892510378034,152426800,238.017,5.1,0.12,2.27,0.01637860034537364,25.910094451904296,26.452295589447022,0.019157599914239865,0.9926623218439076,0.9723154057027508,0.0011946174910508756,0.020000000000000018,0
2015-11-17,25.609601974487305,25.91595322409796,25.526255832645884,25.88666856201623,110467600,238.017,5.1,0.12,2.25,-0.004291316200895956,25.77133560180664,26.45685625076294,0.018777537766891166,0.9937242822871781,0.9679760033374637,0.0011946174910508756,0.020000000000000018,1
2015-11-18,26.42052841186523,26.465579354077473,26.01731612030753,26.07588372005007,186698800,238.017,5.1,0.12,2.27,0.03166493716637153,25.824497604370116,26.5020751953125,0.020038937277312905,1.0230800543199823,0.9969230038460651,0.0011946174910508756,0.020000000000000018,1
2015-11-19,26.756166458129883,26.974667168623625,26.30114568878998,26.499372269334888,173183200,238.017,5.1,0.12,2.24,0.012703684083544609,25.962355422973634,26.544562339782715,0.01995619759796544,1.0305754629047956,1.0079716559511713,0.0011946174910508756,0.020000000000000018,1
2015-11-20,26.8732967376709,27.01295568430863,26.771929543716215,26.850769548847712,137148400,238.017,5.1,0.12,2.26,0.004377692885275897,26.275913619995116,26.55275688171387,0.0187585577265673,1.0227350084307323,1.0120718107496316,0.0011946174910508756,0.020000000000000018,0
2015-11-23,26.524152755737305,26.970164742966,26.431796069841756,26.866544459761943,129930000,238.017,5.1,0.12,2.25,-0.012992227389956423,26.436749267578126,26.586110496520995,0.017472508046374426,1.0033061359879965,0.9976695447500002,0.0011946174910508756,0.020000000000000018,1
2015-11-24,26.7786865234375,26.884558122071645,26.38223344242789,26.42953744464211,171212800,238.017,5.1,0.12,2.24,0.009596301531069162,26.670566177368165,26.640377712249755,0.0174636272761272,1.0040539201661598,1.0051916985818166,0.0011946174910508756,0.020000000000000018,0
2015-11-25,26.587223052978516,26.857533903611337,26.562444515372583,26.853027777546504,85553200,238.017,5.1,0.12,2.23,-0.0071498454672678236,26.70390510559082,26.632137489318847,0.014947637025787332,0.9956305247434438,0.9983135249148385,0.0011946174910508756,0.020000000000000018,0
2015-11-27,26.537662506103516,26.672818773030528,26.490358500112393,26.64578717592846,52185600,238.017,5.1,0.12,2.22,-0.0018640738363778775,26.660204315185545,26.607288551330566,0.014733278336744282,0.995403568268521,0.9973831965217829,0.0011946174910508756,0.020000000000000018,1
2015-11-30,26.648042678833008,26.89807938952724,26.524149995666143,26.578211476237374,156721200,238.017,5.1,0.12,2.21,0.004159378117952306,26.615153503417968,26.599509906768798,0.014656523627897752,1.0012357311939162,1.001824573920133,0.0011946174910508756,0.020000000000000018,0
2015-12-01,26.431791305541992,26.762921071156025,26.32366835263742,26.749406131688787,139409600,237.761,5.0,0.24,2.15,-0.008115094076413643,26.596681213378908,26.562077713012695,0.014357687311815769,0.9938003577771962,0.9950950219753752,-0.0010755534268560574,-0.019607843137254832,0
2015-12-02,26.193017959594727,26.605240795250975,26.14796701607765,26.43179105368523,133546400,237.761,5.0,0.24,2.18,-0.009033566555786243,26.47954750061035,26.497117900848387,0.014128216506233231,0.9891792130885537,0.9885232823286066,-0.0010755534268560574,-0.019607843137254832,0
2015-12-03,25.949743270874023,26.307904693128737,25.72899120307998,26.253843207752347,166278000,237.761,5.0,0.24,2.33,-0.00928776856091873,26.352051544189454,26.42638692855835,0.014206268038101402,0.9847333224648258,0.981963343722587,-0.0010755534268560574,-0.019607843137254832,1
2015-12-04,26.81247901916504,26.86203609027978,25.92946742765108,25.970013965964647,231108000,237.761,5.0,0.24,2.28,0.03324640784632926,26.407014846801758,26.405099868774414,0.01628749375615638,1.015354411496928,1.0154280480821956,-0.0010755534268560574,-0.019607843137254832,0
2015-12-07,26.64354133605957,26.99944972742932,26.537669700271273,26.801223117359687,128336800,237.761,5.0,0.24,2.23,-0.006300711060126751,26.40611457824707,26.37378921508789,0.016328976593925484,1.0089913552828438,1.0102280381014557,-0.0010755534268560574,-0.019607843137254832,0
2015-12-08,26.63227081298828,26.71561522541016,26.323666540590864,26.4723360202465,137238000,237.761,5.0,0.24,2.24,-0.000423011450660149,26.44621047973633,26.347433853149415,0.016313883375990042,1.007035425109186,1.010810804628126,-0.0010755534268560574,-0.019607843137254832,0
2015-12-09,26.04434585571289,26.51063012048139,25.922706258132,26.499366526441563,185445600,237.761,5.0,0.24,2.22,-0.022075660066833924,26.41647605895996,26.33448133468628,0.015495981984886357,0.9859129505988422,0.9889826773010623,-0.0010755534268560574,-0.019607843137254832,1
2015-12-10,26.16823959350586,26.341689336187937,26.019570104075996,26.13895665188963,116850800,237.761,5.0,0.24,2.24,0.004757030123902828,26.46017532348633,26.33515739440918,0.015484428827478226,0.9889669767334707,0.9936617883689294,-0.0010755534268560574,-0.019607843137254832,0
2015-12-11,25.494720458984375,25.992540822311103,25.420384848355223,25.947489874490497,187544800,237.761,5.0,0.24,2.13,-0.025738037597631602,26.196623611450196,26.306549549102783,0.01652420570037635,0.9732063504489552,0.9691396589810047,-0.0010755534268560574,-0.019607843137254832,0
2015-12-14,25.33703231811523,25.38208325152476,24.731087467834275,25.269454199417993,257274800,237.761,5.0,0.24,2.23,-0.0061851292357895105,25.935321807861328,26.30812587738037,0.015203316430624612,0.9769314800032769,0.9630876952698451,-0.0010755534268560574,-0.019607843137254832,0
2015-12-15,24.88877296447754,25.40912046906789,24.857236960391255,25.215398319061663,213292400,237.761,5.0,0.24,2.28,-0.01769186493546837,25.586622238159176,26.266565799713135,0.015200514959006128,0.9727260102100979,0.9475457566192135,-0.0010755534268560574,-0.019607843137254832,1
2015-12-16,25.08024024963379,25.22665838298991,24.508086091703493,25.019421308575534,224954000,237.761,5.0,0.24,2.3,0.007692917824013268,25.393801116943358,26.24009771347046,0.015321751102597316,0.9876520704456351,0.95579827954523,-0.0010755534268560574,-0.019607843137254832,0
2015-12-17,24.548629760742188,25.285223029569607,24.548629760742188,25.233412907720027,179091200,237.761,5.0,0.24,2.24,-0.0211963874189508,25.069879150390626,26.146502780914307,0.013895541970017572,0.9792081411114294,0.9388876962414074,-0.0010755534268560574,-0.019607843137254832,0
2015-12-18,23.88412094116211,24.670271389359083,23.834563874077595,24.53286550142011,385813200,237.761,5.0,0.24,2.19,-0.027069079865416845,24.74775924682617,26.002900505065917,0.01428366537529657,0.9651023635291417,0.9185175683193102,-0.0010755534268560574,-0.019607843137254832,1
2015-12-21,24.176956176757812,24.185966708438013,23.78050137574492,24.165692582511763,190362400,237.761,5.0,0.24,2.2,0.012260666252573937,24.515744018554688,25.868083477020264,0.014675836343129935,0.9861808052188641,0.9346249480845864,-0.0010755534268560574,-0.019607843137254832,0
2015-12-22,24.15443229675293,24.26480830958003,23.978729495298605,24.19272576997696,131157600,237.761,5.0,0.24,2.24,-0.0009316259598689536,24.368875885009764,25.749597454071044,0.014585029651856657,0.9912001033913613,0.938050870109198,-0.0010755534268560574,-0.019607843137254832,1
2015-12-23,24.46529197692871,24.51935346093538,24.147677106399406,24.163445110842336,130629600,237.761,5.0,0.24,2.27,0.012869674449669022,24.24588623046875,25.633927726745604,0.014769535613676554,1.0090491947530564,0.9544105857567206,-0.0010755534268560574,-0.019607843137254832,0
2015-12-24,24.334636688232425,24.55313735989471,24.316615624499132,24.55313735989471,54281600,237.761,5.0,0.24,2.25,-0.005340434474254252,24.203087615966798,25.5212984085083,0.014757366123418922,1.0054352186114819,0.9535030819638759,-0.0010755534268560574,-0.019607843137254832,0
2015-12-28,24.062070846557617,24.25804601773121,23.917905796010245,24.23551883223453,106816800,237.761,5.0,0.24,2.24,-0.011200736019478463,24.2386775970459,25.397518825531005,0.014823339172600458,0.9927138454735746,0.9474181715093003,-0.0010755534268560574,-0.019607843137254832,1
2015-12-29,24.49457359313965,24.65000228462855,24.071088840671305,24.09361431456941,123724800,237.761,5.0,0.24,2.32,0.017974460691271066,24.302201080322266,25.289845371246336,0.015565161275022535,1.0079158473004797,0.968553711324353,-0.0010755534268560574,-0.019607843137254832,0
2015-12-30,24.174701690673828,24.48555728171179,24.143165690941707,24.458527406846024,100855200,237.761,5.0,0.24,2.31,-0.013058888379890332,24.306254959106447,25.17699089050293,0.0156713519105819,0.9945876784122463,0.960190270386634,0.0,0.0,0
2015-12-31,23.710681915283203,24.109388228632415,23.611567743533243,24.104883820181925,163649200,237.761,5.0,0.24,2.27,-0.01919443645377583,24.155332946777342,25.052874088287354,0.015993034747937663,0.9815920139675217,0.946425620937773,0.0,0.0,1
2016-01-04,23.730947494506836,23.735453620243067,22.976332980529655,23.113740599566555,270597600,237.652,4.8,0.34,2.24,0.0008547025048051271,24.034595108032228,24.941934299468993,0.01600553109624403,0.987366227217037,0.9514477590060872,-0.0004584435630738959,-0.040000000000000036,0
2016-01-05,23.136260986328125,23.843571336083546,23.068684582391132,23.821045868104548,223164000,237.652,4.8,0.34,2.25,-0.025059534951833107,23.849433135986327,24.75812339782715,0.013981634773700926,0.9700968930543636,0.9344917066032007,-0.0004584435630738959,-0.040000000000000036,0
2016-01-06,22.683500289916992,23.0596827939768,22.496537288084287,22.651964279073702,273829600,237.652,4.8,0.34,2.18,-0.0195693114232538,23.4872184753418,24.56012134552002,0.014246371996751205,0.9657806144108296,0.9235907254202007,-0.0004584435630738959,-0.040000000000000036,0
2016-01-07,21.726144790649418,22.55509473351761,21.721640384466586,22.22847114989619,324377600,237.652,4.8,0.34,2.16,-0.042204928120953555,22.997507095336918,24.314815044403076,0.016040250181726504,0.9447173861315913,0.8935352685584366,-0.0004584435630738959,-0.040000000000000036,1
2016-01-08,21.84103012084961,22.325335489351968,21.795979178070308,22.19919147470328,283192000,237.652,4.8,0.34,2.13,0.005287883851792907,22.623576736450197,24.10464925765991,0.016123298352524188,0.96541012834899,0.9060920110218581,-0.0004584435630738959,-0.040000000000000036,1
2016-01-11,22.194690704345703,22.31407727824107,21.92663288995773,22.293804864674108,198957600,237.652,4.8,0.34,2.17,0.016192486413838525,22.316325378417968,23.905971813201905,0.016811372424918983,0.9945495204963315,0.9284161663776764,-0.0004584435630738959,-0.040000000000000036,1
2016-01-12,22.51680564880371,22.6812448631054,22.26451588888082,22.64970885793796,196616800,237.652,4.8,0.34,2.12,0.014513153111655575,22.192434310913086,23.757076072692872,0.016992695083907446,1.0146163027158817,0.947793641772492,-0.0004584435630738959,-0.040000000000000036,0
2016-01-13,21.937889099121097,22.79387067883394,21.91761669238175,22.597895487437892,249758400,237.652,4.8,0.34,2.08,-0.02571042086128994,22.043312072753906,23.587118911743165,0.017552363657910033,0.9952174621815061,0.9300792174409662,-0.0004584435630738959,-0.040000000000000036,1
2016-01-14,22.417688369750977,22.6339376871774,21.566212912248332,22.066286236453543,252680400,237.652,4.8,0.34,2.1,0.021870803907432457,22.181620788574218,23.463564682006837,0.01849163738319023,1.0106424856608476,0.9554255149875885,-0.0004584435630738959,-0.040000000000000036,0
2016-01-15,21.879323959350582,22.009974101608417,21.48061778148904,21.66983380662107,319335600,237.652,4.8,0.34,2.03,-0.02401516166701778,22.189279556274414,23.303518867492677,0.0186996162923917,0.986031290644757,0.9388849848711569,-0.0004584435630738959,-0.040000000000000036,0
2016-01-19,21.773454666137695,22.22171792530289,21.51215437447018,22.167656447868826,212350800,237.652,4.8,0.34,2.06,-0.004838782652040852,22.10503234863281,23.16476011276245,0.018384340482233065,0.9849999005988506,0.9399387069042763,-0.0004584435630738959,-0.040000000000000036,1
2016-01-20,21.802736282348633,22.11809803227012,21.043615707294155,21.42204946348329,289337600,237.652,4.8,0.34,2.01,0.0013448309723893548,21.962218475341796,23.060690879821777,0.017742385736196818,0.9927383386531637,0.9454502640866731,-0.0004584435630738959,-0.040000000000000036,0
2016-01-21,21.69236183166504,22.04826842385823,21.386010591829923,21.863556798538532,208646000,237.652,4.8,0.34,2.02,-0.005062412774902603,21.913113021850585,22.936461162567138,0.01730376629906195,0.9899260689266092,0.9457588804966784,-0.0004584435630738959,-0.040000000000000036,1
2016-01-22,22.845684051513672,22.85469458488389,22.15864763822363,22.217213527254792,263202000,237.652,4.8,0.34,2.07,0.05316720368203942,21.998712158203126,22.871023750305177,0.021689290362613675,1.0385009762034965,0.9988920610171127,-0.0004584435630738959,-0.040000000000000036,0
2016-01-25,22.399673461914062,22.870462222533124,22.34786332551053,22.86820915958076,207178000,237.652,4.8,0.34,2.03,-0.019522750493875418,22.10278205871582,22.767742824554443,0.021685967910193733,1.0134323092183397,0.9838337350576788,-0.0004584435630738959,-0.040000000000000036,1
2016-01-26,22.523569107055664,22.724048786886193,22.09107373384264,22.510054163700207,300308000,237.652,4.8,0.34,2.01,0.005531136217331811,22.252804946899413,22.677189445495607,0.021791310125078685,1.012167641823238,0.99322577699458,-0.0004584435630738959,-0.040000000000000036,0
2016-01-27,21.043611526489254,21.766689829401106,21.025590465826443,21.633788373824444,533478800,237.652,4.8,0.34,2.02,-0.0657070632781197,22.10097999572754,22.526266479492186,0.025822789410795056,0.9521573944032033,0.9341810612800513,-0.0004584435630738959,-0.040000000000000036,1
2016-01-28,21.194541931152344,21.29140302003716,20.81160370174739,21.126965506389833,222715200,237.652,4.8,0.34,2.0,0.007172267197248949,22.001416015625,22.36126489639282,0.025396463617947628,0.963326265732186,0.9478239280896544,-0.0004584435630738959,-0.040000000000000036,1
2016-01-29,21.92662811279297,21.92662811279297,21.25310670655269,21.35222084528705,257666000,237.652,4.8,0.34,1.94,0.03454125991581747,21.81760482788086,22.248861217498778,0.0269705767903352,1.0049970327069444,0.985516872007257,-0.0004584435630738959,-0.040000000000000036,0
2016-02-01,21.721641540527344,21.78471354194209,21.48962594164461,21.730652071955618,163774000,237.336,4.9,0.38,1.97,-0.009348750350995694,21.681998443603515,22.149409198760985,0.026777807031101185,1.00182838759199,0.9806871752472038,-0.0017875093055630398,-0.019999999999999907,0
2016-02-02,21.28239631652832,21.633798572192745,21.237343643633046,21.49413786409301,149428800,237.336,4.9,0.38,1.87,-0.020221548319886318,21.433763885498045,22.02698163986206,0.02698941381374324,0.9929378913671743,0.9661966702697808,-0.0013296753235823022,0.02083333333333348,1
2016-02-03,21.703622817993164,21.81399883237092,21.192287564028874,21.39952465347622,183857200,237.336,4.9,0.38,1.88,0.019792249669634776,21.56576614379883,21.955349731445313,0.027105234831865787,1.0063923847302765,0.9885345978756322,-0.0013296753235823022,0.02083333333333348,1
2016-02-04,21.878013610839844,22.04334511840949,21.558677038559985,21.710418542607215,185886800,237.336,4.9,0.38,1.87,0.008035100605512824,21.702460479736327,21.915075397491456,0.026910617743386437,1.00808908885089,0.998308845122392,-0.0013296753235823022,0.02083333333333348,0
2016-02-05,21.293689727783203,21.950483334536827,21.218952497481062,21.85989081500036,185672400,237.336,4.9,0.38,1.86,-0.02670826947319971,21.575872802734374,21.893452644348145,0.025879008526290596,0.9869213599129391,0.9726053753920001,-0.0013296753235823022,0.02083333333333348,1
2016-02-08,21.51791000366211,21.67418035345721,21.07174319994588,21.092125612911335,216085600,237.336,4.9,0.38,1.75,0.010529893069041618,21.53512649536133,21.87729663848877,0.02596906680944586,0.9992005390958383,0.9835726213907805,-0.0013296753235823022,0.02083333333333348,0
2016-02-09,21.51338005065918,21.72853754079699,21.273311297699493,21.35484440774409,177324800,237.336,4.9,0.38,1.74,-0.00021052012031641532,21.5813232421875,21.843231105804442,0.025674069438654957,0.9968517597013928,0.984899163793693,-0.0013296753235823022,0.02083333333333348,0
2016-02-10,21.35030746459961,21.82138713152791,21.31180620964419,21.72400048622935,169374400,237.336,4.9,0.38,1.71,-0.007580054165155392,21.51066017150879,21.78490619659424,0.02543466592930354,0.9925454307013055,0.980050465764109,-0.0013296753235823022,0.02083333333333348,0
2016-02-11,21.221220016479492,21.452231070787203,20.96982654862582,21.24160415793437,200298800,237.336,4.9,0.38,1.63,-0.0060461634257096275,21.379301452636717,21.749072742462157,0.024857514544311354,0.992605865233369,0.9757298744533552,-0.0013296753235823022,0.02083333333333348,1
2016-02-12,21.286893844604492,21.402399340733933,21.06494400425524,21.332190964610376,161405600,237.336,4.9,0.38,1.74,0.0030947244349759373,21.377942276000976,21.692533016204834,0.02428171040866479,0.9957410105135004,0.9813005161132027,-0.0013296753235823022,0.02083333333333348,1
2016-02-16,21.88707160949707,21.934632298950824,21.42731655020201,21.5201726406854,196231600,237.336,4.9,0.38,1.78,0.028194708409498892,21.45177459716797,21.692920398712157,0.02462859799035708,1.0202918882238567,1.0089499803261361,-0.0013296753235823022,0.02083333333333348,1
2016-02-17,22.22226333618164,22.242645748166105,21.776096553939176,21.893865632747673,179452800,237.336,4.9,0.38,1.81,0.015314599077709712,21.593551254272462,21.715360832214355,0.02481849434739881,1.0291157334199386,1.0233430385008986,-0.0013296753235823022,0.02083333333333348,0
2016-02-18,21.801010131835938,22.396653135119077,21.762507139421366,22.385328420660297,156084000,237.336,4.9,0.38,1.75,-0.01895635912386251,21.683691787719727,21.71527452468872,0.025228990178183867,1.0054104414167448,1.0039481705400382,-0.0013296753235823022,0.02083333333333348,0
2016-02-19,21.75118637084961,21.914252599394604,21.69683153730428,21.742126943940555,141496800,237.336,4.9,0.38,1.76,-0.0022853877267627887,21.78968505859375,21.71821575164795,0.025205552395175905,0.9982331691513385,1.0015181090186545,-0.0013296753235823022,0.02083333333333348,1
2016-02-22,21.94142723083496,21.945957807847257,21.724006187783868,21.812333432526223,137123200,237.336,4.9,0.38,1.77,0.008746229136278538,21.920591735839842,21.673002910614013,0.022077841809690652,1.000950498747762,1.0123851928285161,-0.0013296753235823022,0.02083333333333348,0
2016-02-23,21.4454402923584,21.85536946725895,21.41373315882516,21.832721761579375,127770400,237.336,4.9,0.38,1.74,-0.022605044478580583,21.83226547241211,21.62529125213623,0.022218511060261226,0.9822819495969158,0.9916833046232354,-0.0013296753235823022,0.02083333333333348,1
2016-02-24,21.764772415161133,21.82818666911204,21.135156996778832,21.284634933584957,145022800,237.336,4.9,0.38,1.75,0.01489044377030213,21.74076728820801,21.587351417541505,0.02248106908997989,1.0011041527023816,1.0082187478300584,-0.0013296753235823022,0.02083333333333348,1
2016-02-25,21.91425132751465,21.91425132751465,21.57226532515957,21.753450397006887,110330800,237.336,4.9,0.38,1.71,0.006867929032393194,21.76341552734375,21.630883407592773,0.016673376300416525,1.006930704419138,1.013100154745525,-0.0013296753235823022,0.02083333333333348,1
2016-02-26,21.948226928710938,22.199618703705234,21.873487946137665,22.013904755677466,115964400,237.336,4.9,0.38,1.76,0.001550388406544867,21.802823638916017,21.668567657470703,0.01663178049381246,1.0066690118767638,1.0129062186140307,-0.0013296753235823022,0.02083333333333348,0
2016-02-29,21.89839744567871,22.24717758078485,21.889338019426862,21.9368987113174,140865200,237.336,4.9,0.38,1.74,-0.0022703192924912186,21.794217681884767,21.66715612411499,0.014758409073532715,1.0047801561549299,1.0106724352858822,-0.0013296753235823022,0.02083333333333348,1
2016-03-01,22.768081665039062,22.82243649472265,22.063727256060517,22.115818525109407,201628400,238.08,5.0,0.36,1.83,0.03971451433912887,22.0587459564209,21.719478130340576,0.017020173214004272,1.032156665207511,1.0482794074703692,0.0031347962382444194,0.020408163265306145,1
2016-03-02,22.81790542602539,22.849612550915705,22.566511987317377,22.76355060162895,132678400,238.08,5.0,0.36,1.84,0.002188316157651249,22.26937255859375,21.79625358581543,0.01616217242396111,1.0246317163174838,1.0468728185872656,0.0031347962382444194,0.020408163265306145,1
2016-03-03,22.987764358520508,23.03532504294773,22.74995920847582,22.779402771151197,147822800,238.08,5.0,0.36,1.83,0.007444107130945676,22.484075164794923,21.860460662841795,0.015741969099242685,1.0224020418911537,1.0515681582865677,0.0031347962382444194,0.020408163265306145,1
2016-03-04,23.329755783081055,23.497350862041575,22.958327917325843,23.184808407562382,184220400,238.08,5.0,0.36,1.88,0.01487710676109244,22.760380935668945,21.933047771453857,0.015930469614167348,1.0250160508746062,1.0636805256698083,0.0031347962382444194,0.020408163265306145,0
2016-03-07,23.071563720703125,23.2889847421232,22.86546568486957,23.18933279267324,143315600,238.08,5.0,0.36,1.91,-0.01106707094487347,22.995014190673828,22.021941471099854,0.014715418176125058,1.0033289620695405,1.047662566489913,0.0031347962382444194,0.020408163265306145,0
2016-03-08,22.88132095336914,23.046652452021572,22.73863888339616,22.824700837488127,126247600,238.08,5.0,0.36,1.83,-0.008245768238208773,23.017662048339844,22.090112018585206,0.014882896201183975,0.9940766749166631,1.0358173346571653,0.0031347962382444194,0.020408163265306145,1
2016-03-09,22.901704788208008,23.005885592690777,22.70919501445261,22.944734900725788,108806800,238.08,5.0,0.36,1.9,0.000890850439990265,23.034421920776367,22.159528255462646,0.014871720800132993,0.994238312859562,1.0334924337824025,0.0031347962382444194,0.020408163265306145,1
2016-03-10,22.913022994995117,23.155356968068872,22.682013733747823,22.96737953827201,134054400,238.08,5.0,0.36,1.93,0.0004942080465963894,23.01947364807129,22.237664031982423,0.014670891406266016,0.995375626102333,1.030370049751691,0.0031347962382444194,0.020408163265306145,1
2016-03-11,23.15989112854004,23.16441997722652,22.987765504005953,23.155360551944863,109632800,238.08,5.0,0.36,1.98,0.010774140697141776,22.985500717163085,22.33459758758545,0.014568183690347193,1.007586974655146,1.0369513503754966,0.0031347962382444194,0.020408163265306145,1
2016-03-14,23.21877670288086,23.30710567463495,23.05118164121407,23.08062520776838,100304400,238.08,5.0,0.36,1.97,0.0025425669755525515,23.014943313598632,22.43119173049927,0.014571471115916003,1.0088565670792589,1.035111151553786,0.0031347962382444194,0.020408163265306145,1
2016-03-15,23.68532943725586,23.82121738210756,23.519997923615165,23.54491091509402,160270800,238.08,5.0,0.36,1.97,0.020093768950244062,23.175745010375977,22.521104621887208,0.013977258675897584,1.0219878336878379,1.051694836239835,0.0031347962382444194,0.020408163265306145,1
2016-03-16,24.00013732910156,24.07713986478873,23.687593153195103,23.692123730534927,153214000,238.08,5.0,0.36,1.94,0.013291260849026765,23.395431518554684,22.609998321533205,0.013898519809929337,1.0258471749096523,1.061483375089171,0.0031347962382444194,0.020408163265306145,0
2016-03-17,23.961633682250977,24.11337517779888,23.77138919477324,23.89821770115253,137682800,238.08,5.0,0.36,1.91,-0.0016043094388420442,23.60515365600586,22.718029499053955,0.012899232634565137,1.015101788001046,1.054740847275016,0.0031347962382444194,0.020408163265306145,1
2016-03-18,23.98881149291992,24.120170583094065,23.823481713829104,24.08393287770441,176820800,238.08,5.0,0.36,1.88,0.0011342219411807353,23.770937728881837,22.82991075515747,0.012822607318939557,1.0091655519240776,1.0507623858100559,0.0031347962382444194,0.020408163265306145,0
2016-03-21,23.986553192138672,24.380628821166784,23.81216222055035,23.991082042351035,142010800,238.08,5.0,0.36,1.92,-9.413975268901531e-05,23.924493026733398,22.932167053222656,0.012838502508218429,1.0025940012745904,1.0459784780247292,0.0031347962382444194,0.020408163265306145,1
2016-03-22,24.169992446899418,24.299086226519456,23.82800650415177,23.837065928955983,129777600,238.08,5.0,0.36,1.94,0.007647587099794961,24.021425628662108,23.068394660949707,0.011141565484276831,1.0061847627419764,1.0477535520845973,0.0031347962382444194,0.020408163265306145,0
2016-03-23,24.036373138427734,24.24926534626152,23.98428359475072,24.11564269013365,102814000,238.08,5.0,0.36,1.88,-0.005528314035068038,24.028672790527345,23.181974697113038,0.011224637835895678,1.0003204649698099,1.0368561545113368,0.0031347962382444194,0.020408163265306145,0
2016-03-24,23.93218231201172,24.0635413524454,23.755527884901436,23.88688692533512,104532000,238.08,5.0,0.36,1.91,-0.0043347149678518715,24.02278251647949,23.28287124633789,0.011406405253469228,0.9962285715900886,1.0278879292336403,0.0031347962382444194,0.020408163265306145,0
2016-03-28,23.823482513427734,24.049962995987833,23.79403894483319,24.00693115137055,77645600,238.08,5.0,0.36,1.89,-0.004541992751301516,23.989716720581054,23.37663402557373,0.011568813593180025,0.9930706056645219,1.019115176606057,0.0031347962382444194,0.020408163265306145,1
2016-03-29,24.38741874694824,24.412331738585134,23.753272696405663,23.7555379850751,124760400,238.08,5.0,0.36,1.81,0.023671444055362256,24.06988983154297,23.501085090637208,0.01224331342243723,1.013191955494086,1.0377145843646234,0.0031347962382444194,0.020408163265306145,1
2016-03-30,24.81319808959961,25.007971419075243,24.595777060212356,24.607101774122537,182404400,238.08,5.0,0.36,1.83,0.017458975345828742,24.19853096008301,23.603340911865235,0.009717707259700224,1.0254010101080322,1.0512578783762847,0.0,0.0,0
2016-03-31,24.684110641479492,24.890208737817986,24.659197646803207,24.849442176339448,103553600,238.08,5.0,0.36,1.78,-0.005202370434233661,24.32807846069336,23.69665117263794,0.00994234648696388,1.0146346198842366,1.0416708446120755,0.0,0.0,1
2016-04-01,24.910587310791016,24.91285259938728,24.50518704750646,24.636546139546827,103496000,238.992,5.1,0.37,1.79,0.009174998143581137,24.52375946044922,23.792792320251465,0.009981497117551584,1.015773595029981,1.0469804037917874,0.0038306451612901693,0.020000000000000018,1
2016-04-04,25.1665096282959,25.40884365418212,24.973999852742512,25.007972267717157,149424800,238.992,5.1,0.37,1.78,0.01027363643867285,24.792364883422852,23.884630012512208,0.009770046325094772,1.0150911277174375,1.0536696450860727,0.0038306451612901693,0.020000000000000018,0
2016-04-05,24.86981201171875,25.07817529159401,24.78148479451736,24.801868928899083,106314800,238.992,5.1,0.37,1.73,-0.011789382832951834,24.888843536376953,23.97454242706299,0.009829213034573264,0.9992353391337614,1.0373425097634048,0.0038306451612901693,0.020000000000000018,1
2016-04-06,25.130273818969727,25.13480439619251,24.73166769090215,24.964944036425575,105616400,238.992,5.1,0.37,1.76,0.010473010697798824,24.952258682250978,24.086990070343017,0.009507239311122493,1.0071342293691983,1.0433131638938669,0.0038306451612901693,0.020000000000000018,0
2016-04-07,24.58219337463379,25.007976087343256,24.487071980503337,24.90152997718862,127207600,238.992,5.1,0.37,1.7,-0.021809569138964813,24.931875228881836,24.171014499664306,0.011196146813726972,0.985974506488667,1.0170112377771812,0.0038306451612901693,0.020000000000000018,1
2016-04-08,24.60936737060547,24.8607590890533,24.498390702204215,24.665987485047783,94326800,238.992,5.1,0.37,1.72,0.0011054341472929163,24.871631240844728,24.255831718444824,0.011188036277945216,0.9894553007923114,1.0145752846682148,0.0038306451612901693,0.020000000000000018,1
2016-04-11,24.690902709960938,25.051007594143087,24.647872591054057,24.679579721999776,117630000,238.992,5.1,0.37,1.73,0.003313183070803305,24.776509857177736,24.33238229751587,0.01106119568258139,0.9965448262200659,1.0147342914500266,0.0038306451612901693,0.020000000000000018,1
2016-04-12,25.012496948242188,25.026085219865273,24.609362096278932,24.763367115762964,108929200,238.992,5.1,0.37,1.79,0.013024806831040348,24.805046844482423,24.422068309783935,0.011271563889916287,1.0083632216081022,1.0241760292768372,0.0038306451612901693,0.020000000000000018,1
2016-04-13,25.37487411499023,25.44281722473084,25.094038793329258,25.094038793329258,133029200,238.992,5.1,0.37,1.77,0.014487844516199333,24.853966903686523,24.506545543670654,0.010908593348077197,1.0209587150945487,1.0354325161729634,0.0038306451612901693,0.020000000000000018,1
2016-04-14,25.38846015930176,25.454139702479686,25.214070958932584,25.279750502110513,101895600,238.992,5.1,0.37,1.8,0.0005354132694397329,25.01522026062012,24.575961685180665,0.010676902177540736,1.0149205121839047,1.0330606990899986,0.0038306451612901693,0.020000000000000018,0
2016-04-15,24.878883361816406,25.43376164101183,24.851706806823568,25.390729791727644,187756000,238.992,5.1,0.37,1.76,-0.020071197476647984,25.069123458862304,24.621824169158934,0.01182136454675068,0.9924113781896652,1.0104402984478893,0.0038306451612901693,0.020000000000000018,0
2016-04-18,24.342119216918945,24.675044022744533,24.21981956812419,24.66145574884801,243286000,238.992,5.1,0.37,1.78,-0.021575089890138566,24.999366760253906,24.639489555358885,0.012941092713218277,0.9737094323373059,0.9879311485827731,0.0038306451612901693,0.020000000000000018,0
2016-04-19,24.213029861450195,24.459892764585337,24.059023060112377,24.432714483910782,129539600,238.992,5.1,0.37,1.79,-0.005303127238774907,24.83947334289551,24.650813388824464,0.01301248813142689,0.9747803235278945,0.9822406051894118,0.0038306451612901693,0.020000000000000018,1
2016-04-20,24.26285743713379,24.48027852855079,24.02052335033376,24.151882466369837,122444000,238.992,5.1,0.37,1.85,0.0020578827172275105,24.61707000732422,24.655456638336183,0.012911671054482316,0.9856110995303241,0.9840765796001543,0.0038306451612901693,0.020000000000000018,0
2016-04-21,24.00013732910156,24.217558387870543,23.898220073863335,24.217558387870543,126210000,238.992,5.1,0.37,1.88,-0.010828077802169433,24.33940544128418,24.653644847869874,0.013090107374158557,0.9860609531731964,0.973492458303796,0.0038306451612901693,0.020000000000000018,0
2016-04-22,23.9344539642334,24.115639014935994,23.694385240774857,23.78271247781748,134732400,238.992,5.1,0.37,1.89,-0.0027367912094617974,24.150519561767577,24.653758430480956,0.01306707506151169,0.9910533768442717,0.9708237399877239,0.0038306451612901693,0.020000000000000018,0
2016-04-25,23.79857063293457,23.927664444903044,23.669476820966093,23.780451778785896,112126400,238.992,5.1,0.37,1.91,-0.00567731068784294,24.041809844970704,24.6525128364563,0.013090682581142477,0.9898826580193164,0.9653608453958935,0.0038306451612901693,0.020000000000000018,0
2016-04-26,23.633235931396484,23.848393407654267,23.533585702810782,23.533585702810782,224064800,238.992,5.1,0.37,1.94,-0.006947253433333578,23.92585105895996,24.61480369567871,0.011918125349062277,0.9877699176993792,0.9601228684811919,0.0038306451612901693,0.020000000000000018,0
2016-04-27,22.154315948486328,22.355883396183575,21.66964795875265,21.742121628397634,458408400,238.992,5.1,0.37,1.87,-0.06257797227612949,23.50414276123047,24.481859588623045,0.017395239545190972,0.9425706852423205,0.9049278249590832,0.0038306451612901693,0.020000000000000018,0
2016-04-28,21.477136611938477,22.16790079085924,21.345777566064697,22.106751843522588,328970800,238.992,5.1,0.37,1.84,-0.030566474637377383,22.99954261779785,24.321510887145998,0.018274490482602906,0.9338071182041123,0.8830510864063638,0.0038306451612901693,0.020000000000000018,0
2016-04-29,21.230274200439453,21.452225773505287,20.951704249979535,21.28689430574203,274126000,238.992,5.1,0.37,1.83,-0.011494195709580768,22.458706665039063,24.137495231628417,0.017905927923175774,0.945302617692056,0.8795558112682916,0.0,0.0,0
2016-05-02,21.207630157470703,21.307282112901618,20.926794870603057,21.282369124043885,192640400,239.557,4.8,0.37,1.88,-0.001066592110632314,21.94051856994629,23.939551258087157,0.017477739097977944,0.9665965774628735,0.8858825267372726,0.0023640958693178504,-0.05882352941176472,1
2016-05-03,21.55640983581543,21.683238338036464,21.21668915237302,21.334458229019873,227325200,239.557,4.8,0.37,1.81,0.016445952506478623,21.525153350830077,23.77388114929199,0.018307838244977597,1.0014520911640403,0.9067265752885872,0.0023640958693178504,-0.05882352941176472,0
2016-05-04,21.33219337463379,21.719474722918175,21.24839498908705,21.560937376849367,164102000,239.557,4.8,0.37,1.79,-0.010401382367907552,21.36072883605957,23.583977127075194,0.017850972236928327,0.998664115740395,0.9045206098908448,0.0023640958693178504,-0.05882352941176472,0
2016-05-05,21.2456111907959,21.434734920892943,21.11801047575662,21.418784831513033,143562000,239.557,4.8,0.37,1.76,-0.004058756749357295,21.314423751831054,23.4171480178833,0.017567481385249082,0.9967715495461498,0.9072672374351892,0.0023640958693178504,-0.05882352941176472,0
2016-05-06,21.12711524963379,21.293451570432005,20.92887702646137,21.27522414705489,174799600,239.557,4.8,0.37,1.79,-0.0055774315032859345,21.29379196166992,23.243035411834718,0.017466124600377223,0.9921725208766874,0.9089654115863215,0.0023640958693178504,-0.05882352941176472,1
2016-05-09,21.1430721282959,21.366373347698225,21.097499209131772,21.1909223895964,131745600,239.557,4.8,0.37,1.77,0.0007552795766752052,21.28088035583496,23.065643882751466,0.017392366419406616,0.993524317357422,0.916647817670797,0.0023640958693178504,-0.05882352941176472,1
2016-05-10,21.28662109375,21.320800345595995,20.988125887048184,21.266114585699786,134747200,239.557,4.8,0.37,1.77,0.00678940905952774,21.226922607421876,22.879350090026854,0.017056234457101783,1.0028123947796017,0.9303857412903032,0.0023640958693178504,-0.05882352941176472,0
2016-05-11,21.079269409179688,21.320799769083543,21.067875746062786,21.30029326158782,114876400,239.557,4.8,0.37,1.73,-0.009740939327904541,21.176337814331056,22.664569854736328,0.016223228925829086,0.9954161854612237,0.9300538039893419,0.0023640958693178504,-0.05882352941176472,0
2016-05-12,20.58481788635254,21.14079539282424,20.386581315893338,21.12712438477307,305258800,239.557,4.8,0.37,1.75,-0.023456767558168945,21.044179153442382,22.424387741088868,0.016359564376433593,0.97817157591463,0.9179656597104932,0.0023640958693178504,-0.05882352941176472,1
2016-05-13,20.625825881958008,20.887864460354056,20.507339794719385,20.507339794719385,177571200,239.557,4.8,0.37,1.71,0.0019921476027562335,20.943921279907226,22.21173486709595,0.01640991461008523,0.9848120419429581,0.9286003999855376,0.0023640958693178504,-0.05882352941176472,1
2016-05-16,21.391441345214844,21.50765013411861,20.883315821127283,21.05193130218317,245039200,239.557,4.8,0.37,1.75,0.037119263375850586,20.993595123291016,22.064200973510744,0.019106777246335336,1.0189508380812033,0.9695089965368071,0.0023640958693178504,-0.05882352941176472,0
2016-05-17,21.302568435668945,21.57827801843774,21.19319692996382,21.54410050942285,187667600,239.557,4.8,0.37,1.76,-0.004154601277757242,20.996784591674803,21.91867790222168,0.01911154148516974,1.0145633652933403,0.9718911209288638,0.0023640958693178504,-0.05882352941176472,1
2016-05-18,21.546384811401367,21.694493772549624,21.393719427055466,21.455242440014104,168249600,239.557,4.8,0.37,1.87,0.011445398073416158,21.090207672119142,21.782854270935058,0.019437683821229772,1.0216298078413557,0.9891442390151224,0.0023640958693178504,-0.05882352941176472,0
2016-05-19,21.464351654052734,21.56461033172737,21.320800878824148,21.56461033172737,121768400,239.557,4.8,0.37,1.85,-0.0038072817350418564,21.26611442565918,21.656064987182617,0.01940426650907981,1.0093217418295448,0.9911473606473129,0.0023640958693178504,-0.05882352941176472,1
2016-05-20,21.696767807006836,21.744618062384657,21.53726521731853,21.564608965432527,128104000,239.557,4.8,0.37,1.85,0.010828007139466411,21.480302810668945,21.54418067932129,0.019735962540359992,1.0100773717319467,1.007082521723929,0.0023640958693178504,-0.05882352941176472,1
2016-05-23,21.972482681274418,22.145656317313065,21.799309045235763,21.844881969682415,152074400,239.557,4.8,0.37,1.84,0.012707647365730823,21.59651107788086,21.45287628173828,0.020112977458737746,1.0174089047086234,1.0242208267419344,0.0023640958693178504,-0.05882352941176472,1
2016-05-24,22.307432174682617,22.35072427188828,22.065900065721316,22.15248773699063,140560800,239.557,4.8,0.37,1.86,0.01524404402847268,21.797483825683592,21.386586093902586,0.02053717430251684,1.0233948263513866,1.0430571797077313,0.0023640958693178504,-0.05882352941176472,1
2016-05-25,22.69935607910156,22.726698096946325,22.355287867643145,22.48288858673049,152675200,239.557,4.8,0.37,1.87,0.017569207488782546,22.028078079223633,21.41383810043335,0.015414657150194187,1.030473743440698,1.060032114403732,0.0023640958693178504,-0.05882352941176472,1
2016-05-26,22.87936210632324,22.95227704133742,22.476050013878265,22.713023987281645,225324800,239.557,4.8,0.37,1.83,0.00793000588185877,22.311080169677734,21.483949375152587,0.013507903195379917,1.0254708392567133,1.0649514065968022,0.0023640958693178504,-0.05882352941176472,0
2016-05-27,22.865686416625977,22.893030165646422,22.61504146843989,22.658335303115027,145364800,239.557,4.8,0.37,1.85,-0.000597730375248684,22.544863891601562,21.565719985961913,0.013095214178515502,1.0142304041650891,1.060279296564653,0.0023640958693178504,-0.05882352941176472,0
2016-05-31,22.754037857055664,22.877082131035777,22.51706389291943,22.694793931414328,169228800,239.557,4.8,0.37,1.84,-0.004882799384895442,22.701174926757812,21.64304037094116,0.013197236083972348,1.0023286429212763,1.0513327825976877,0.0,0.0,0
2016-06-01,22.435033798217773,22.6811223398301,22.405412705375745,22.56263449160384,116693200,240.222,4.9,0.38,1.85,-0.014019668106466376,22.726695251464843,21.686971569061278,0.013394133062076052,0.9871665699733325,1.03449362336158,0.002775957287827202,0.02083333333333348,0
2016-06-02,22.26641845703125,22.29376046950281,22.018050833697107,22.239074706130616,160766400,240.222,4.9,0.38,1.81,-0.0075157159424434905,22.640107727050783,21.73368282318115,0.013267502340003077,0.9834943687316009,1.0245119816178545,0.002775957287827202,0.02083333333333348,1
2016-06-03,22.311988830566406,22.39173926144194,22.204894649778257,22.282367738649494,114019600,240.222,4.9,0.38,1.71,0.0020465964754545762,22.526633071899415,21.78700170516968,0.01318521152453654,0.990471534709696,1.0240963457248988,0.002775957287827202,0.02083333333333348,1
2016-06-06,22.47376251220703,23.216584329495404,22.227675785262203,22.32793269682175,93170000,240.222,4.9,0.38,1.73,0.00725052718828012,22.448248291015624,21.85433406829834,0.013081478154335425,1.0011365796057066,1.028343505776606,0.002775957287827202,0.02083333333333348,1
2016-06-07,22.564916610717773,22.75631941500039,22.548966521896663,22.61504595799249,89638000,240.222,4.9,0.38,1.72,0.004056023038475631,22.410424041748048,21.925426292419434,0.013070159026818426,1.00689378160279,1.029166608200427,0.002775957287827202,0.02083333333333348,0
2016-06-08,22.544408798217773,22.68568050864705,22.485164869544324,22.562636228369513,83392400,240.222,4.9,0.38,1.71,-0.0009088361749256535,22.432299041748045,21.988315677642824,0.013076586659225132,1.0049976935605702,1.0252903918939262,0.002775957287827202,0.02083333333333348,1
2016-06-09,22.706186294555664,22.783657644976127,22.435033091226018,22.44414767452766,106405600,240.222,4.9,0.38,1.68,0.007175947605717603,22.52025260925293,22.06966152191162,0.012755304500228536,1.0082562877303758,1.0288416191617655,0.002775957287827202,0.02083333333333348,0
2016-06-10,22.51934242248535,22.637828532439823,22.4395919890132,22.45098391469261,126851600,240.222,4.9,0.38,1.64,-0.00822876504431358,22.56172332763672,22.16638774871826,0.011428014199639042,0.9981215572704301,1.0159229675925658,0.002775957287827202,0.02083333333333348,0
2016-06-13,22.179832458496097,22.585423637920215,22.12514669098972,22.48744402948881,152082000,240.222,4.9,0.38,1.62,-0.015076371131079624,22.50293731689453,22.244088077545165,0.012238639197985606,0.9856416585155816,0.997111339479278,0.002775957287827202,0.02083333333333348,1
2016-06-14,22.207181930541992,22.43959954455035,22.045401928617956,22.175281746412164,127727600,240.222,4.9,0.38,1.62,0.0012330783876330909,22.431390380859376,22.284875106811523,0.00937914343138351,0.9900047011571471,0.9965136364508598,0.002775957287827202,0.02083333333333348,0
2016-06-15,22.134262084960938,22.423644497893772,22.109197411764256,22.289206547254377,117780800,240.222,4.9,0.38,1.6,-0.003283615445180188,22.34936103820801,22.32645978927612,0.009351460260665382,0.9903756106101046,0.9913914831939679,0.002775957287827202,0.02083333333333348,1
2016-06-16,22.22768783569336,22.27325902579635,21.89045511827106,21.97704107483852,125307200,240.222,4.9,0.38,1.57,0.004220865840198984,22.253661346435546,22.360524940490723,0.009101910253345348,0.9988328432639536,0.9940593029389565,0.002775957287827202,0.02083333333333348,0
2016-06-17,21.721832275390625,22.02260654816734,21.714996773032112,22.015771045808822,244032800,240.222,4.9,0.38,1.62,-0.02275790284810586,22.0941593170166,22.373398971557616,0.010563222136778017,0.9831481688765041,0.9708776168969542,0.002775957287827202,0.02083333333333348,0
2016-06-20,21.66942596435547,22.004379519882672,21.653475877826985,21.874499747171008,137647600,240.222,4.9,0.38,1.67,-0.002412610058430853,21.992078018188476,22.372031879425048,0.01030345142086703,0.9853287145686661,0.9685944522671744,0.002775957287827202,0.02083333333333348,1
2016-06-21,21.853994369506836,21.954251316406683,21.573726562077685,21.63297048872019,142185600,240.222,4.9,0.38,1.71,0.008517457059313394,21.921440505981444,22.36610746383667,0.010071170987971565,0.9969232799068928,0.9771031640101945,0.002775957287827202,0.02083333333333348,0
2016-06-22,21.77196502685547,22.077295769638027,21.726392106599683,21.931465901677825,116876400,240.222,4.9,0.38,1.69,-0.0037535171495158837,21.84898109436035,22.339334106445314,0.009409872890363068,0.996475072811301,0.9746022385051241,0.002775957287827202,0.02083333333333348,1
2016-06-23,21.897289276123047,21.94058312095867,21.70360912245369,21.86083267396886,128960800,240.222,4.9,0.38,1.74,0.005756221320077914,21.78290138244629,22.299230766296386,0.008498176525466484,1.0052512698684362,0.9819750961642657,0.002775957287827202,0.02083333333333348,0
2016-06-24,21.28206443786621,21.56916771642104,21.111169918940774,21.17041383892837,301245600,240.222,4.9,0.38,1.57,-0.028095936008283973,21.694947814941408,22.219365882873536,0.010017799748377978,0.9809686854009927,0.9578160128444625,0.002775957287827202,0.02083333333333348,0
2016-06-27,20.972179412841797,21.202317893911776,20.84913512806466,21.190924228524736,181958400,240.222,4.9,0.38,1.46,-0.014560853620621983,21.55549850463867,22.124690532684326,0.010283246606583541,0.9729387333968943,0.9479083733108064,0.002775957287827202,0.02083333333333348,1
2016-06-28,21.325353622436523,21.34130544425021,20.994958292992543,21.168131868621376,161779600,240.222,4.9,0.38,1.46,0.01684012913691113,21.449770355224608,22.05325632095337,0.01131016767061253,0.9941996240179896,0.9669934141279061,0.002775957287827202,0.02083333333333348,1
2016-06-29,21.50992774963379,21.544107007386295,21.33447503777124,21.411948137905544,146124000,240.222,4.9,0.38,1.5,0.008655149662000206,21.397362899780273,22.00700101852417,0.011302432509991295,1.005260687982007,0.9774129483398498,0.0,0.0,1
2016-06-30,21.78335189819336,21.82208756760016,21.48713580819995,21.519035975761877,143345600,240.222,4.9,0.38,1.49,0.012711532634702927,21.374575424194337,21.982847690582275,0.011685364250610368,1.0191244254394087,0.9909249340578208,0.0,0.0,1
2016-07-01,21.849435806274418,21.981594663880156,21.72183510978838,21.758291706600488,104106000,240.101,4.8,0.39,1.46,0.0030336886806909824,21.488049697875976,21.959720039367674,0.011701119799531152,1.016818004122271,0.9949778852874468,-0.0005037007434789409,-0.020408163265306256,0
2016-07-05,21.644359588623047,21.737782758376927,21.5235944089345,21.735503678072735,110820800,240.101,4.8,0.39,1.37,-0.009385881606722268,21.622485733032228,21.918249893188477,0.011676427946349056,1.0010116253913122,0.9875040066656715,-0.0005037007434789409,-0.020408163265306256,1
2016-07-06,21.76740837097168,21.797031205793836,21.503092368925596,21.55549905780756,123796400,240.101,4.8,0.39,1.38,0.005685027632478912,21.710896682739257,21.87837448120117,0.011725104442980437,1.0026029182054628,0.9949280459421317,-0.0005037007434789409,-0.020408163265306256,1
2016-07-07,21.860828399658203,21.988429089892936,21.787913471177067,21.806140899475583,100558400,240.101,4.8,0.39,1.4,0.004291738689990554,21.78107681274414,21.844195461273195,0.011801731449827541,1.0036615079961244,1.0007614351562866,-0.0005037007434789409,-0.020408163265306256,1
2016-07-08,22.02944564819336,22.07729591094634,21.88589485993442,21.986151808280542,115648400,240.101,4.8,0.39,1.37,0.0077132140398574744,21.83029556274414,21.810358428955077,0.011823043681990098,1.009122647234749,1.0100450994398802,-0.0005037007434789409,-0.020408163265306256,1
2016-07-11,22.09780502319336,22.25047040152665,22.040840174105185,22.045396597123375,95179600,240.101,4.8,0.39,1.43,0.003103091021521287,21.87996940612793,21.789281558990478,0.011752144236044558,1.00995593791847,1.0141594142683232,-0.0005037007434789409,-0.020408163265306256,1
2016-07-12,22.19806480407715,22.26186516503708,22.129708019518414,22.141099947730144,96670000,240.101,4.8,0.39,1.53,0.004537092293943168,21.99071044921875,21.790193176269533,0.011315222276864205,1.0094291794408927,1.018718128128015,-0.0005037007434789409,-0.020408163265306256,0
2016-07-13,22.072738647460938,22.255025107420938,22.06590140581734,22.19578292060921,103568800,240.101,4.8,0.39,1.48,-0.005645814521326731,22.051776504516603,21.783471012115477,0.011383386799786344,1.0009505874930322,1.0132792260326453,-0.0005037007434789409,-0.020408163265306256,1
2016-07-14,22.510229110717773,22.555800292868337,22.175275532780702,22.19122562037632,155676000,240.101,4.8,0.39,1.53,0.019820397923624222,22.181656646728516,21.80226936340332,0.012201350332812,1.0148128009202468,1.0324718374731585,-0.0005037007434789409,-0.020408163265306256,0
2016-07-15,22.50794982910156,22.626437683121686,22.444149479288797,22.539850004007945,120548000,240.101,4.8,0.39,1.6,-0.00010125537172467336,22.277357482910155,21.81628246307373,0.012177944705166007,1.0103509739145813,1.0317041809115988,-0.0005037007434789409,-0.020408163265306256,1
2016-07-18,22.74720573425293,22.815562515447628,22.466937889909502,22.489723483641068,145975600,240.101,4.8,0.39,1.59,0.010629839988448353,22.40723762512207,21.867551136016846,0.011027476590006484,1.0151722454511618,1.0402264795342013,-0.0005037007434789409,-0.020408163265306256,1
2016-07-19,22.756319046020508,22.785940142371057,22.63555210298535,22.685681449447255,95119600,240.101,4.8,0.39,1.56,0.00040063434050074953,22.518888473510742,21.9218957901001,0.010981146823750506,1.0105436186510297,1.0380634623898375,-0.0005037007434789409,-0.020408163265306256,1
2016-07-20,22.776824951171875,22.890754648849864,22.726695606044885,22.78593953559762,105104000,240.101,4.8,0.39,1.59,0.0009011081761465256,22.65970573425293,21.96803731918335,0.010893474840522735,1.005168611556235,1.0368165630928832,-0.0005037007434789409,-0.020408163265306256,0
2016-07-21,22.65606689453125,23.01380618851855,22.587708358995425,22.747211029102427,130808000,240.101,4.8,0.39,1.57,-0.005301794999939657,22.688873291015625,22.01224241256714,0.010942851698936475,0.9985540755566137,1.029248473185837,-0.0005037007434789409,-0.020408163265306256,0
2016-07-22,22.48060417175293,22.626434015811363,22.400852008984117,22.617319433254103,113254800,240.101,4.8,0.39,1.57,-0.007744624148363299,22.683404159545898,22.041408157348634,0.01111717945283666,0.9910595435161956,1.0199259507953835,-0.0005037007434789409,-0.020408163265306256,0
2016-07-25,22.179832458496097,22.52162154766204,22.084131930752637,22.387185340369452,161531600,240.101,4.8,0.39,1.58,-0.013379165033062357,22.56992950439453,22.086296558380127,0.0094216490377965,0.9827160715844293,1.0042350196588519,-0.0005037007434789409,-0.020408163265306256,0
2016-07-26,22.02716636657715,22.32338426293091,21.970201520234436,22.061345622068604,224959200,240.101,4.8,0.39,1.57,-0.006883103928067236,22.42409896850586,22.139045906066894,0.008845428816463044,0.9822988382950774,0.9949465058266541,-0.0005037007434789409,-0.020408163265306256,1
2016-07-27,23.45812606811523,23.777129596654746,23.412554880507894,23.758900426240057,369379200,240.101,4.8,0.39,1.52,0.06496340372265696,22.56035919189453,22.24568452835083,0.01633112668283253,1.039793997452986,1.0545023255283161,-0.0005037007434789409,-0.020408163265306256,1
2016-07-28,23.77484703063965,23.79991170167832,23.42850153567756,23.43078061625265,159479200,240.101,4.8,0.39,1.52,0.01350154575880258,22.78411521911621,22.35893049240112,0.016425457239034442,1.0434834445838914,1.0633266666632262,-0.0005037007434789409,-0.020408163265306256,0
2016-07-29,23.74522399902344,23.822697086391937,23.62445881483596,23.74066757667422,110934800,240.101,4.8,0.39,1.46,-0.001245982006867652,23.03703918457031,22.457024097442627,0.016383399884666368,1.030741138597683,1.057362894388465,-0.0005037007434789409,-0.020408163265306256,1
2016-08-01,24.16448402404785,24.187269610665417,23.790794840547623,23.790794840547623,152671600,240.545,4.9,0.4,1.51,0.01765660433616678,23.433969497680664,22.572776508331298,0.016641377175011563,1.0311733155767524,1.070514476370644,0.0018492217858316895,0.02083333333333348,0
2016-08-02,23.80674934387207,24.169044932095986,23.697376074006293,24.164488509298263,135266400,240.545,4.9,0.4,1.55,-0.014804151407486033,23.78988609313965,22.68089599609375,0.01693246849497476,1.0007088411716811,1.0496388391345837,0.0018492217858316895,0.02083333333333348,1
2016-08-03,24.105239868164062,24.11663179214504,23.872822367063407,23.881936949305473,120810400,240.545,4.9,0.4,1.55,0.012538063050125059,23.919308853149413,22.797787570953368,0.01701820975840328,1.0077732603461145,1.057349964032322,0.0018492217858316895,0.02083333333333348,1
2016-08-04,24.254152297973633,24.283933851774712,24.118986096899697,24.187714910713066,109634800,240.545,4.9,0.4,1.51,0.006177595851524442,24.01516990661621,22.91745376586914,0.01701785969165745,1.0099513096216564,1.0583266599230683,0.0018492217858316895,0.02083333333333348,1
2016-08-05,24.622997283935547,24.66194280237132,24.325174706593064,24.34579230534849,162213600,240.545,4.9,0.4,1.59,0.015207498552432641,24.190724563598632,23.04713134765625,0.017154780039179224,1.0178693581170108,1.0683757953433781,0.0018492217858316895,0.02083333333333348,1
2016-08-08,24.826887130737305,24.826887130737305,24.54968393855186,24.63215606994949,112148800,240.545,4.9,0.4,1.59,0.008280464171385837,24.323205184936523,23.183585453033448,0.017152330396465226,1.0207078771885176,1.070882119637316,0.0018492217858316895,0.02083333333333348,1
2016-08-09,24.92768669128418,24.957469993000934,24.74441276709909,24.79481366430005,105260800,240.545,4.9,0.4,1.55,0.004060096620896125,24.547392654418946,23.3200665473938,0.017154767054686302,1.0154922374941835,1.0689372022426773,0.0018492217858316895,0.02083333333333348,0
2016-08-10,24.74211883544922,24.948303508647196,24.687136838545147,24.904775147681462,96034000,240.545,4.9,0.4,1.5,-0.007444246958537182,24.674768447875977,23.453535556793213,0.017223334050672105,1.0027295246038688,1.0549419628241412,0.0018492217858316895,0.02083333333333348,0
2016-08-11,24.726089477539062,24.95518323652753,24.707761557336784,24.861253956375855,109938000,240.545,4.9,0.4,1.57,-0.0006478571223734741,24.76915588378906,23.564328575134276,0.016956291955441332,0.9982612889009195,1.0493016764174095,0.0018492217858316895,0.02083333333333348,1
2016-08-12,24.783355712890625,24.842920562309494,24.69171788636455,24.69171788636455,74641600,240.545,4.9,0.4,1.51,0.002316024756101598,24.801227569580078,23.67809886932373,0.016927821578208806,0.9992793962863606,1.0466784453290217,0.0018492217858316895,0.02083333333333348,1
2016-08-15,25.08118057250977,25.094925636036056,24.76044902340779,24.774194086934088,103472800,240.545,4.9,0.4,1.55,0.012017132105489381,24.85208625793457,23.79479761123657,0.01695510174258181,1.0092183131909924,1.054061521442222,0.0018492217858316895,0.02083333333333348,0
2016-08-16,25.05827522277832,25.253006320033588,25.019329702465953,25.115548663654177,135177600,240.545,4.9,0.4,1.57,-0.000913248467919181,24.8782039642334,23.909895420074463,0.016976508300913226,1.0072381132819637,1.0480294782778385,0.0018492217858316895,0.02083333333333348,0
2016-08-17,25.021617889404297,25.05598229904924,24.820014285005417,24.994126012119047,101424000,240.545,4.9,0.4,1.56,-0.0014628833408574238,24.934103775024415,24.022135066986085,0.017014463414338727,1.0035098159199747,1.0416067439314258,0.0018492217858316895,0.02083333333333348,0
2016-08-18,24.989547729492188,25.108675715492865,24.975800915373384,25.02391214301918,87938800,240.545,4.9,0.4,1.53,-0.0012816980921801502,24.98679542541504,24.13880910873413,0.016911723947729333,1.0001101503426226,1.035243603647797,0.0018492217858316895,0.02083333333333348,1
2016-08-19,25.053693771362305,25.129295131759974,24.824600011015427,24.91852754387737,101472400,240.545,4.9,0.4,1.58,0.0025669148783518114,25.040863037109375,24.267463588714598,0.016656530145470992,1.0005123918546224,1.0323985314647113,0.0018492217858316895,0.02083333333333348,0
2016-08-22,24.858964920043945,24.994129402375847,24.70776219623532,24.93914738819395,103280800,240.545,4.9,0.4,1.55,-0.007772460743530996,24.99641990661621,24.401420211791994,0.016365621563985987,0.9945010130616392,1.0187507409110081,0.0018492217858316895,0.02083333333333348,1
2016-08-23,24.93684959411621,25.04452391578845,24.86353967797605,24.87728474105037,85030800,240.545,4.9,0.4,1.55,0.0031330618279068467,24.97213478088379,24.546904373168946,0.01610694851110711,0.9985870176067371,1.0158857188270751,0.0018492217858316895,0.02083333333333348,0
2016-08-24,24.748994827270508,24.913942588893786,24.66881237310542,24.872705648487965,94700400,240.545,4.9,0.4,1.56,-0.0075332197091178,24.91761016845703,24.61144781112671,0.008652804088830157,0.9932330853542298,1.005588741353185,0.0018492217858316895,0.02083333333333348,0
2016-08-25,24.643613815307617,24.71463231618468,24.439720524273135,24.60237687173623,100344800,240.545,4.9,0.4,1.58,-0.0042579915951485026,24.848423385620116,24.654886150360106,0.008395298842222381,0.9917576432462503,0.9995427950880104,0.0018492217858316895,0.02083333333333348,0
2016-08-26,24.499277114868164,24.73066045826229,24.35494698717623,24.60695141716343,111065200,240.545,4.9,0.4,1.62,-0.005856961625887669,24.73754005432129,24.692588806152344,0.008546158650243166,0.9903683656931965,0.992171266739111,0.0018492217858316895,0.02083333333333348,0
2016-08-29,24.4717960357666,24.613834800036564,24.350376619335105,24.425977981664925,99881200,240.545,4.9,0.4,1.57,-0.001121709794648762,24.66010627746582,24.70795440673828,0.00767642222372256,0.9923637700673132,0.9904420104115428,0.0,0.0,0
2016-08-30,24.283935546875,24.398482412662144,24.169388681087852,24.238117499698724,99455600,240.545,4.9,0.4,1.57,-0.007676612236267255,24.52952346801758,24.73181371688843,0.007061535682125924,0.9899880679923201,0.9818906055520065,0.0,0.0,1
2016-08-31,24.30684280395508,24.41451712962516,24.201459904831214,24.20604275792366,118649600,240.545,4.9,0.4,1.58,0.0009433090874362282,24.441093063354494,24.74189386367798,0.006521119941612329,0.994507190858796,0.9824164204195553,0.0,0.0,1
2016-09-01,24.451173782348633,24.467210273016907,24.19687961043286,24.316007577133412,106806000,241.176,5.0,0.4,1.57,0.005937874349114081,24.402605056762695,24.751744937896728,0.006510223709893635,1.0019903090458155,0.9878565670298299,0.0026232097944252075,0.020408163265306145,1
2016-09-02,24.680269241333008,24.742123781734875,24.47179310013169,24.67339496098034,107210000,241.176,5.0,0.4,1.6,0.009369507616430184,24.438803482055665,24.7546085357666,0.005916307907911835,1.009880424770167,0.9969969513221676,0.0026232097944252075,0.020408163265306145,0
2016-09-06,24.67339515686035,24.81085279946069,24.62986853469367,24.719214953675976,107521600,241.176,5.0,0.4,1.55,-0.00027852550575679924,24.479123306274413,24.746933937072754,0.005596863766354317,1.007936225826198,0.9970283680233115,0.0026232097944252075,0.020408163265306145,1
2016-09-07,24.82459831237793,24.916236159815647,24.529067172010745,24.70317890735775,169457200,241.176,5.0,0.4,1.54,0.006128186030187832,24.587255859375,24.74177951812744,0.005699723545717335,1.0096530680105333,1.003347325692148,0.0026232097944252075,0.020408163265306145,0
2016-09-08,24.17397117614746,24.57488522944636,24.109825207275087,24.570304123604007,212008000,241.176,5.0,0.4,1.61,-0.026208969347393474,24.560681533813476,24.713372135162352,0.008026077932079293,0.984254901186939,0.9781737208477742,0.0026232097944252075,0.020408163265306145,0
2016-09-09,23.626436233520508,24.219789915352393,23.626436233520508,23.972368262360416,186228000,241.176,5.0,0.4,1.67,-0.022649772295881943,24.39573402404785,24.658389472961424,0.009354436767598553,0.9684658887587061,0.9581500145995958,0.0026232097944252075,0.020408163265306145,1
2016-09-12,24.1556453704834,24.219791340326505,23.488981724228417,23.51647360323829,181171200,241.176,5.0,0.4,1.68,0.022399025046869525,24.29080924987793,24.627003955841065,0.010829697345578926,0.9944355958665637,0.9808600921897416,0.0026232097944252075,0.020408163265306145,1
2016-09-13,24.730663299560547,24.92310290931046,24.568006988328705,24.62986326383074,248704800,241.176,5.0,0.4,1.73,0.02380470156180481,24.30226287841797,24.609478092193605,0.0118600868704071,1.0176280053954574,1.0049243306547562,0.0026232097944252075,0.020408163265306145,1
2016-09-14,25.605802536010746,25.89446109254896,24.879575913559066,24.909359213711117,443554800,241.176,5.0,0.4,1.7,0.035386808103353706,24.458503723144535,24.636854457855225,0.014334893620668214,1.0469079722068422,1.039329212250413,0.0026232097944252075,0.020408163265306145,1
2016-09-15,26.476362228393555,26.513018064052147,25.999846851910497,26.084612160986165,359934400,241.176,5.0,0.4,1.71,0.033998531823343336,24.91898193359375,24.709591674804688,0.01607810104726606,1.0624977496652972,1.071501406289541,0.0026232097944252075,0.020408163265306145,0
2016-09-16,26.327449798583984,26.604652989154474,26.125847954854457,26.373269591145036,319547600,241.176,5.0,0.4,1.7,-0.005624353849105201,25.459184646606445,24.776486778259276,0.016167354537964515,1.0341042010586647,1.0625981816633356,0.0026232097944252075,0.020408163265306145,0
2016-09-19,26.020471572875977,26.616115042630625,25.944870207093928,26.38931269313128,188092000,241.176,5.0,0.4,1.7,-0.011660006117437116,25.83214988708496,24.82482566833496,0.01648497462715606,1.007290205678358,1.0481633152439862,0.0026232097944252075,0.020408163265306145,0
2016-09-20,26.018177032470703,26.144179293697142,25.775338217576035,25.89904905191292,138057200,241.176,5.0,0.4,1.69,-8.818212225125688e-05,26.089652633666994,24.8827862739563,0.016333508805073057,0.9972603850959649,1.0456295668022824,0.0026232097944252075,0.020408163265306145,0
2016-09-21,26.013599395751953,26.11439947032936,25.759305160343047,26.082326480984708,144012800,241.176,5.0,0.4,1.66,-0.0001759399481768842,26.171212005615235,24.936623764038085,0.016342526348901848,0.9939776342865029,1.0431885102772818,0.0026232097944252075,0.020408163265306145,1
2016-09-22,26.25872802734375,26.332037962380134,26.116689263527817,26.196871731872807,124296000,241.176,5.0,0.4,1.63,0.00942309550718412,26.127685165405275,25.012110424041747,0.01624828712425803,1.0050154792171173,1.0498405605191854,0.0026232097944252075,0.020408163265306145,0
2016-09-23,25.82115173339844,26.29766706763384,25.555403939820497,26.212901766073433,209924800,241.176,5.0,0.4,1.62,-0.016664032373908233,26.026425552368163,25.07098731994629,0.016771927156820503,0.9921128693390229,1.0299216143296968,0.0026232097944252075,0.020408163265306145,1
2016-09-26,25.860105514526367,25.976943832886217,25.555412112457752,25.57602971389645,119477600,241.176,5.0,0.4,1.59,0.0015085996755730413,25.994352340698242,25.1390287399292,0.016659969399611743,0.9948355387196284,1.0286835574300393,0.0026232097944252075,0.020408163265306145,1
2016-09-27,25.908206939697266,25.92882628256868,25.736386656436167,25.88758934467216,98429600,241.176,5.0,0.4,1.56,0.0018600629894520715,25.972358322143556,25.210849285125732,0.016635997845863396,0.997530013191309,1.0276610139819038,0.0026232097944252075,0.020408163265306145,1
2016-09-28,26.105234146118164,26.263309405238047,25.986106155894436,26.04567102492967,118564400,241.176,5.0,0.4,1.57,0.0076048183063957,25.990685272216798,25.30191421508789,0.016470576321012058,1.0044073048748667,1.0317493737509884,0.0026232097944252075,0.020408163265306145,0
2016-09-29,25.699737548828125,26.07087006177409,25.61268255100721,25.92425019815642,143548000,241.176,5.0,0.4,1.56,-0.015533153045874326,25.878887176513672,25.371558952331544,0.01702124195135513,0.9930773828695334,1.0129349007332646,0.0026232097944252075,0.020408163265306145,1
2016-09-30,25.89905166625977,25.972361603506258,25.612684450789608,25.76388543167753,145516400,241.176,5.0,0.4,1.6,0.007755492329560187,25.894467163085938,25.4439528465271,0.01704300284593298,1.000177045665584,1.0178863253865362,0.0,0.0,0
2016-10-03,25.777626037597656,25.899047184134982,25.722644031139744,25.821154406127008,86807200,241.741,4.9,0.4,1.63,-0.004688419878334793,25.877971267700197,25.49882068634033,0.017057141110714408,0.9961223687489063,1.0109340488600196,0.0023426874979268764,-0.019999999999999907,1
2016-10-04,25.88759994506836,26.187712270076247,25.802834608058696,25.90134501404673,118947200,241.741,4.9,0.4,1.69,0.004266254282310644,25.873849868774414,25.55953092575073,0.017051044706547076,1.0005314275364385,1.0128354867024223,0.0023426874979268764,-0.019999999999999907,1
2016-10-05,25.89905166625977,26.038799007236943,25.816577768376614,25.979234137022058,85812400,241.741,4.9,0.4,1.72,0.00044236318607016045,25.832613372802733,25.613253593444824,0.017035500492018206,1.0025718765847742,1.0111582104074466,0.0023426874979268764,-0.019999999999999907,1
2016-10-06,26.091487884521484,26.194579376189363,25.917376139540035,26.047959511314456,115117200,241.741,4.9,0.4,1.75,0.007430241876864363,25.910963439941405,25.709129428863527,0.015684003796789803,1.0069671066071517,1.014872477759931,0.0023426874979268764,-0.019999999999999907,1
2016-10-07,26.130435943603516,26.244982833411136,26.004435413523233,26.18770938850733,97433600,241.741,4.9,0.4,1.73,0.001492749637522106,25.957240295410156,25.834329414367676,0.014406889494314368,1.0066723444488814,1.0114617462867512,0.0023426874979268764,-0.019999999999999907,1
2016-10-10,26.58633041381836,26.74669533984366,26.28163530652368,26.350362382885976,144944000,241.741,4.9,0.4,1.73,0.017446875788784677,26.118981170654298,25.955863666534423,0.014134762215966433,1.017893088559256,1.024289954492896,0.0023426874979268764,-0.019999999999999907,1
2016-10-11,26.64360809326172,27.19114210366573,26.620697316313425,26.9643379963752,256164000,241.741,4.9,0.4,1.77,0.0021544033551013086,26.270182800292968,26.051510906219484,0.01342174812747428,1.0142147961362715,1.0227279403936944,0.0023426874979268764,-0.019999999999999907,1
2016-10-12,26.88185691833496,27.02847851071256,26.746692459220384,26.884148344987565,150347200,241.741,4.9,0.4,1.79,0.008942063110945364,26.466743850708006,26.115313625335695,0.011279605187804192,1.0156843270924636,1.0293522530112602,0.0023426874979268764,-0.019999999999999907,0
2016-10-13,26.799388885498047,26.904771805638177,26.51073025772928,26.75586051167074,140769600,241.741,4.9,0.4,1.75,-0.003067795245226046,26.60832405090332,26.131464958190918,0.008544327993355924,1.0071806414499918,1.0255601409402717,0.0023426874979268764,-0.019999999999999907,1
2016-10-14,26.94829559326172,27.07200642070408,26.833748725020257,27.00556902738245,142608800,241.741,4.9,0.4,1.8,0.005556347139104023,26.771895980834962,26.162507247924804,0.00847831632730281,1.0065889846782998,1.030034902155612,0.0023426874979268764,-0.019999999999999907,0
2016-10-17,26.929967880249023,26.996403521918943,26.753564734466902,26.879566981454133,94499600,241.741,4.9,0.4,1.77,-0.0006801065748023305,26.840623474121095,26.207982063293457,0.007940157198167756,1.003328700848327,1.0275483177305271,0.0023426874979268764,-0.019999999999999907,0
2016-10-18,26.911645889282227,27.08117479250557,26.9070630350118,27.074302258946716,98214000,241.741,4.9,0.4,1.75,-0.0006803569557999323,26.894231033325195,26.252655506134033,0.007948469477324051,1.0006475312841425,1.0251018561910514,0.0023426874979268764,-0.019999999999999907,0
2016-10-19,26.831459045410156,26.978078896927713,26.0708679102204,26.861240601927424,80138400,241.741,4.9,0.4,1.76,-0.0029796335832438237,26.884151458740234,26.293548488616942,0.008008161302679121,0.9980400194735197,1.0204578912970264,0.0023426874979268764,-0.019999999999999907,0
2016-10-20,26.817705154418945,26.891015060828305,26.650467749725433,26.77188711835536,96503200,241.741,4.9,0.4,1.76,-0.0005126031710737111,26.887814712524413,26.3214973449707,0.007801488291542073,0.9973925155742459,1.0188518078187165,0.0023426874979268764,-0.019999999999999907,0
2016-10-21,26.71232795715332,26.783348200363697,26.63901803514478,26.76043742961082,92770800,241.741,4.9,0.4,1.74,-0.003929389060654209,26.840621185302734,26.366056156158447,0.0067217906602046185,0.9952201840909828,1.0131332421862416,0.0023426874979268764,-0.019999999999999907,1
2016-10-24,26.952877044677734,26.973494640922336,26.803965774141,26.826874797028253,94154800,241.741,4.9,0.4,1.77,0.00900517124191702,26.845203018188478,26.420694732666014,0.006915636021745795,1.004010922413822,1.0201426312743298,0.0023426874979268764,-0.019999999999999907,1
2016-10-25,27.090330123901367,27.11553057082107,26.874981485804383,27.021601314511965,192516000,241.741,4.9,0.4,1.77,0.005099755361766656,26.880939865112303,26.47980089187622,0.006947728609318426,1.0077895438120756,1.0230564132456317,0.0023426874979268764,-0.019999999999999907,0
2016-10-26,26.48094940185547,26.506149857683653,25.958615858956467,26.187709640778618,264536800,241.741,4.9,0.4,1.79,-0.02249440000394276,26.810837936401366,26.498586654663086,0.0087534573752012,0.9876957021884794,0.999334407791726,0.0023426874979268764,-0.019999999999999907,0
2016-10-27,26.226652145385746,26.542800877615743,26.139595405493814,26.435126540073536,138248000,241.741,4.9,0.4,1.85,-0.00960302641006916,26.692627334594725,26.524932384490967,0.008259309681306276,0.9825429253041323,0.9887547219807571,0.0023426874979268764,-0.019999999999999907,0
2016-10-28,26.05254554748535,26.39389479823127,25.99068924665176,26.08690996485436,151446800,241.741,4.9,0.4,1.86,-0.00663853689503513,26.560670852661133,26.532607078552246,0.008271176798138985,0.9808692593649279,0.9819067334903944,0.0023426874979268764,-0.019999999999999907,0
2016-10-31,26.01129722595215,26.16937242804241,25.933404464108357,26.03649767115048,105677600,241.741,4.9,0.4,1.84,-0.0015832741356509583,26.372354888916014,26.544290637969972,0.008200900923156847,0.9863092369079405,0.979920600656195,0.0,0.0,0
2016-11-01,25.541650772094727,26.063984018999623,25.321721075916127,25.992965546190263,175303200,242.026,4.7,0.41,1.83,-0.01805547988544165,26.062619018554688,26.526993179321288,0.009125746777712105,0.9800109019707854,0.9628551038345851,0.0011789477167711837,-0.04081632653061229,1
2016-11-02,25.564577102661133,25.738688885504285,25.482104940100736,25.521050467835625,113326800,242.026,4.7,0.41,1.81,0.000897605670478141,25.87934455871582,26.510269451141358,0.009129136616260324,0.9878371163790283,0.9643273203909473,0.0011789477167711837,-0.04081632653061229,0
2016-11-03,25.290552139282227,25.66589157147003,25.22607682644707,25.55536296570134,107730400,242.026,4.7,0.41,1.82,-0.010718931992439673,25.692124557495116,26.470222663879394,0.009189691227216832,0.9843698244061432,0.9554340535938552,0.0011789477167711837,-0.04081632653061229,0
2016-11-04,25.06258201599121,25.387263508213582,24.89448592624151,24.99119888939781,123348000,242.026,4.7,0.41,1.79,-0.00901404295309649,25.49413185119629,26.416829967498778,0.009308107674887389,0.9830725816543218,0.9487354102224329,0.0011789477167711837,-0.04081632653061229,1
2016-11-07,25.42410659790039,25.447133242057223,25.20534908635963,25.348117091044536,130240000,242.026,4.7,0.41,1.83,0.014424873769131485,25.376693725585938,26.35871877670288,0.008994316592399935,1.0018683628697718,0.9645425793749678,0.0011789477167711837,-0.04081632653061229,1
2016-11-08,25.57378196716309,25.725760988623172,25.26061467156694,25.401079491951407,97016800,242.026,4.7,0.41,1.88,0.005887143710884946,25.383119964599608,26.30522747039795,0.009127043408549348,1.0075113698721587,0.9721939107328391,0.0011789477167711837,-0.04081632653061229,0
2016-11-09,25.532331466674805,25.633650807028452,24.88066884225742,25.302061516285825,236705600,242.026,4.7,0.41,2.07,-0.0016208201251386445,25.376670837402344,26.23775119781494,0.008758271447719939,1.0061340051368375,0.9731143219622083,0.0011789477167711837,-0.04081632653061229,0
2016-11-10,24.820798873901367,25.580688677849547,24.369469969035215,25.580688677849547,228538000,242.026,4.7,0.41,2.15,-0.027867905197069054,25.282720184326173,26.13882169723511,0.010433096119737188,0.9817297621831385,0.9495760429218905,0.0011789477167711837,-0.04081632653061229,1
2016-11-11,24.96817398071289,25.069493334010403,24.53526705113169,24.666520869348684,136575600,242.026,4.7,0.41,2.15,0.00593756500587439,25.26383857727051,26.039815616607665,0.010451374378390603,0.9882969250435434,0.958846035944613,0.0011789477167711837,-0.04081632653061229,0
2016-11-14,24.341833114624023,24.82539959689381,23.96649377621111,24.802372956180022,204702000,242.026,4.7,0.41,2.23,-0.025085569596426827,25.047383880615236,25.910408878326415,0.011450317827511181,0.9718313589413522,0.9394615588249371,0.0011789477167711837,-0.04081632653061229,1
2016-11-15,24.664216995239254,24.795470809824764,24.44546122320357,24.539870998765544,129058000,242.026,4.7,0.41,2.23,0.013244026409068965,24.86547088623047,25.798037433624266,0.01212853244667464,0.9919062907792081,0.956050128181176,0.0011789477167711837,-0.04081632653061229,1
2016-11-16,25.327396392822266,25.382662456827013,24.546781246166884,24.569807894425203,235362000,242.026,4.7,0.41,2.22,0.026888321559570327,24.82448387145996,25.722834300994872,0.013992696558433838,1.0202587302103183,0.9846269698142357,0.0011789477167711837,-0.04081632653061229,0
2016-11-17,25.31818199157715,25.410290329096046,25.060280754708725,25.28594433696859,110528000,242.026,4.7,0.41,2.29,-0.00036381162525367383,24.923960494995118,25.647858142852783,0.01399400892370591,1.0158169684413194,0.9871460552596862,0.0011789477167711837,-0.04081632653061229,1
2016-11-18,25.343507766723633,25.454038105396624,25.251401200786297,25.26521683431287,113715600,242.026,4.7,0.41,2.34,0.0010002999091685005,24.999027252197266,25.579417133331297,0.01401608725656678,1.0137797567501787,0.9907773752084342,0.0011789477167711837,-0.04081632653061229,1
2016-11-21,25.72805976867676,25.787928684907193,25.33199521234556,25.357325044912333,117058400,242.026,4.7,0.41,2.33,0.01517359023434195,25.276272583007813,25.51817626953125,0.01434730022160094,1.0178739639788765,1.0082248628165529,0.0011789477167711837,-0.04081632653061229,1
2016-11-22,25.74418258666992,25.886948839478784,25.652074250032346,25.778721675691163,103862000,242.026,4.7,0.41,2.31,0.0006266628007753905,25.492265701293945,25.45086889266968,0.014261723272807175,1.009882090839936,1.0115247025646625,0.0011789477167711837,-0.04081632653061229,0
2016-11-23,25.612926483154297,25.677401785977857,25.405683183492684,25.64286094323088,109705600,242.026,4.7,0.41,2.36,-0.005098476250847583,25.54937171936035,25.407467746734618,0.013484072786278663,1.0024875274622032,1.0080865491385336,0.0011789477167711837,-0.04081632653061229,1
2016-11-25,25.741878509521484,25.7603005275793,25.548450833555098,25.589899495775015,45903600,242.026,4.7,0.41,2.36,0.005034646331882442,25.63411102294922,25.383229064941407,0.013422705533796462,1.0042040656871536,1.0141293861258744,0.0011789477167711837,-0.04081632653061229,0
2016-11-28,25.691219329833984,25.89846264489884,25.649770666821013,25.65898167602616,108776000,242.026,4.7,0.41,2.32,-0.001967967476373622,25.70365333557129,25.365162754058836,0.013357102835641427,0.9995162553130105,1.0128545035936336,0.0011789477167711837,-0.04081632653061229,0
2016-11-29,25.6658935546875,25.797147382192698,25.34581840065166,25.509309887065452,114115200,242.026,4.7,0.41,2.3,-0.0009857755220311626,25.691220092773438,25.347892570495606,0.013355486747089484,0.9990141948107376,1.0125454604680644,0.0011789477167711837,-0.04081632653061229,0
2016-11-30,25.44943046569824,25.836283996711312,25.391862986421415,25.698122397810938,144649200,242.026,4.7,0.41,2.37,-0.008433880882737776,25.632269668579102,25.343281555175782,0.012856977237144549,0.9928668352336745,1.0041884438008297,0.0,0.0,0
2016-12-01,25.212257385253903,25.54614988077354,25.106333414654,25.414896074071443,148347600,242.637,4.7,0.54,2.45,-0.00931938656796294,25.552135848999022,25.32566556930542,0.013017143691217129,0.9866986280225795,0.9955220057794268,0.002524522158776188,0.0,1
2016-12-02,25.30667495727539,25.350425065413624,25.064890739203975,25.138577073607134,106112000,242.637,4.7,0.54,2.4,0.0037449075098174855,25.465095138549803,25.326471710205077,0.0128265249821665,0.9937789283561486,0.9992183375104038,0.002524522158776188,0.0,0
2016-12-05,25.124757766723633,25.33660572760053,24.926725442523757,25.32969790926202,137298000,242.637,4.7,0.54,2.39,-0.007188506228450908,25.35180282592773,25.3295804977417,0.012764522626895779,0.9910442243195464,0.9919136943055047,0.002524522158776188,0.0,1
2016-12-06,25.31818199157715,25.41259352065963,25.143178082793696,25.214561209881143,104782000,242.637,4.7,0.54,2.39,0.007698550833779461,25.282260513305662,25.324284267425536,0.012454901628455094,1.0014208175037427,0.9997590346173677,0.002524522158776188,0.0,1
2016-12-07,25.56687355041504,25.6037175875377,25.136269846671315,25.159296491462783,119994800,242.637,4.7,0.54,2.34,0.009822646780903277,25.305749130249023,25.323938846588135,0.012585454427140052,1.0103187785045211,1.0095930852344337,0.002524522158776188,0.0,1
2016-12-08,25.817867279052734,25.88925040096269,25.467855973231696,25.52772665179956,108273200,242.637,4.7,0.54,2.4,0.009817145930759219,25.42687110900879,25.338215637207032,0.012763579442956322,1.015377282103161,1.018929969209883,0.002524522158776188,0.0,1
2016-12-09,26.239259719848633,26.41196217984804,25.861617147862216,25.861617147862216,137610400,242.637,4.7,0.54,2.47,0.016321737045173812,25.613388061523438,25.409138679504395,0.011312297452165698,1.0244353326792164,1.0326701763021127,0.002524522158776188,0.0,0
2016-12-12,26.089588165283203,26.48104640947774,25.90306829593507,26.0872849736857,105497600,242.637,4.7,0.54,2.49,-0.005704107362915045,25.806354141235353,25.46520938873291,0.011443457139165841,1.0109753598860862,1.024518894269393,0.002524522158776188,0.0,1
2016-12-13,26.52479362487793,26.692889688855924,26.19320436567073,26.213927815961114,174935200,242.637,4.7,0.54,2.48,0.016681193157883634,26.047676467895506,25.574357414245604,0.009896741581984609,1.018317071680865,1.0371636399397042,0.002524522158776188,0.0,0
2016-12-14,26.52479362487793,26.75736498774174,26.47643715071357,26.49025278424049,136127200,242.637,4.7,0.54,2.54,0.0,26.239260482788087,25.66738624572754,0.00971163742818859,1.0108819050855926,1.0334045457898196,0.002524522158776188,0.0,1
2016-12-15,26.66986656188965,26.87941306770243,26.53400812945132,26.56854721782014,186098000,242.637,4.7,0.54,2.6,0.005469333298625756,26.40966033935547,25.73450975418091,0.008058847873571418,1.0098526909922587,1.0363464008696253,0.002524522158776188,0.0,1
2016-12-16,26.704408645629883,26.826451448381032,26.630722325658223,26.819543630386885,177404400,242.637,4.7,0.54,2.6,0.0012951727246206524,26.50269012451172,25.803821086883545,0.00803506063131586,1.0076112470156982,1.034901325494158,0.002524522158776188,0.0,1
2016-12-19,26.858686447143555,27.02908571582107,26.653746335091068,26.66526053515615,111117600,242.637,4.7,0.54,2.54,0.005777240887860691,26.656509780883788,25.87958002090454,0.008052874919409446,1.0075845137987551,1.0378331652000585,0.002524522158776188,0.0,1
2016-12-20,26.93006896972656,27.056718140345637,26.867896858490077,26.8817124928048,85700000,242.637,4.7,0.54,2.57,0.0026577071340954106,26.737564849853516,25.93968048095703,0.007520741637103326,1.0071997626169047,1.0381804428738666,0.002524522158776188,0.0,1
2016-12-21,26.955398559570312,27.033691252558103,26.89092325759226,26.895529640202245,95132800,242.637,4.7,0.54,2.55,0.0009405690669499478,26.82368583679199,26.00024127960205,0.007517365151216366,1.0049103140999982,1.0367364775463683,0.002524522158776188,0.0,0
2016-12-22,26.77809715270996,26.828756831231956,26.628421308936957,26.791912789826657,104343600,242.637,4.7,0.54,2.55,-0.006577584318351759,26.845331954956055,26.058499813079834,0.007601082675120555,0.9974954751031238,1.0276146879057455,0.002524522158776188,0.0,1
2016-12-23,26.831058502197266,26.831058502197266,26.616907340902003,26.616907340902003,56998000,242.637,4.7,0.54,2.55,0.0019777861431033994,26.87066192626953,26.11295881271362,0.007572911880410805,0.9985261463159735,1.0274997442700373,0.002524522158776188,0.0,1
2016-12-27,27.00145721435547,27.125803209159265,26.824148353371736,26.831056171390763,73187600,242.637,4.7,0.54,2.57,0.00635080096240892,26.899216079711913,26.1784707069397,0.00756609287748129,1.0038008964402747,1.0314375318798743,0.002524522158776188,0.0,0
2016-12-28,26.886322021484375,27.176460916964754,26.757369644450435,27.061325932682575,83623600,242.637,4.7,0.54,2.51,-0.004264036268749272,26.890466690063477,26.23949213027954,0.00768062138952811,0.9998458684772238,1.0246510065055114,0.002524522158776188,0.0,0
2016-12-29,26.879409790039062,26.96691173127073,26.803420291253055,26.81493273369872,60158000,242.637,4.7,0.54,2.49,-0.00025709100113391337,26.875268936157227,26.310991096496583,0.007283556729912148,1.0001540767421406,1.021603849564533,0.002524522158776188,0.0,0
2016-12-30,26.66986656188965,26.98763847262534,26.58006141848999,26.86099104935882,122345200,242.637,4.7,0.54,2.45,-0.007795678170994136,26.853622817993163,26.38387155532837,0.007157409613309681,0.9931571148761206,1.0108397664823956,0.0,0.0,1
2017-01-03,26.74586296081543,26.78731163435732,26.425787776116692,26.66526880582309,115127600,243.618,4.7,0.65,2.45,0.0028495230281495587,26.8365837097168,26.45583095550537,0.007154240547058101,0.9966195120108182,1.0109628764183536,0.004043076694815628,0.0,0
2017-01-04,26.71592140197754,26.828754953267687,26.65374928248377,26.67677592833996,84472400,243.618,4.7,0.65,2.46,-0.0011194837452714879,26.77947654724121,26.535389137268066,0.006829918244375898,0.9976267218983331,1.006803452693894,0.004043076694815628,0.0,1
2017-01-05,26.851781845092773,26.909349338670825,26.66756516291481,26.692895000634792,88774400,243.618,4.7,0.65,2.37,0.005085373664304171,26.77256851196289,26.612069129943848,0.006761914159667908,1.0029587498522783,1.009007669188684,0.004043076694815628,0.0,1
2017-01-06,27.1511287689209,27.20869625243724,26.81953950168431,26.890922619062124,127007600,243.618,4.7,0.65,2.42,0.01114812140047361,26.826912307739256,26.691281890869142,0.006838708507493903,1.0120854930102452,1.0172283549337158,0.004043076694815628,0.0,1
2017-01-09,27.399826049804688,27.50114540918331,27.158043610588383,27.1603450456138,134247600,243.618,4.7,0.65,2.38,0.009159740024085705,26.972904205322266,26.77037982940674,0.0068058838032742895,1.015827804126416,1.0235127863111795,0.004043076694815628,0.0,1
2017-01-10,27.42745780944824,27.489629931843083,27.240939685443166,27.349165101699334,97848400,243.618,4.7,0.65,2.38,0.0010084647834378568,27.10922317504883,26.82978973388672,0.006047392273699501,1.01173898021144,1.0222762862284622,0.004043076694815628,0.0,1
2017-01-11,27.574831008911133,27.616279676942657,27.310020171866448,27.34225782957757,110354400,243.618,4.7,0.65,2.38,0.005373199386059291,27.281005096435546,26.904051876068117,0.0057835994414115665,1.010770347772633,1.0249322717608826,0.004043076694815628,0.0,0
2017-01-12,27.45969009399414,27.471204293616974,27.22020914776478,27.379095967094887,108344800,243.618,4.7,0.65,2.36,-0.004175580074444851,27.40258674621582,26.950796699523927,0.004969758777424463,1.0020838670563175,1.0188823135784777,0.004043076694815628,0.0,0
2017-01-13,27.411338806152344,27.54489581704745,27.35837593741099,27.427457634583096,104447600,243.618,4.7,0.65,2.4,-0.001760809669602681,27.45462875366211,26.995123958587648,0.005017667878792365,0.9984232186164967,1.0154181491517948,0.004043076694815628,0.0,1
2017-01-17,27.63239288330078,27.68765717715772,27.222512669956387,27.250143938474743,137759200,243.618,4.7,0.65,2.33,0.008064329827583094,27.50114212036133,27.043250274658202,0.005153156412718607,1.0047725568038237,1.0217851997322471,0.004043076694815628,0.0,0
2017-01-18,27.630098342895508,27.74753654132879,27.56562302040532,27.632401534933237,94852000,243.618,4.7,0.65,2.42,-8.303806387544022e-05,27.54167022705078,27.089534759521484,0.0051692678214393375,1.003210702732105,1.0199547016282375,0.004043076694815628,0.0,0
2017-01-19,27.58173370361328,27.653116824309897,27.487323939803588,27.494231757055484,102389200,243.618,4.7,0.65,2.47,-0.0017504331212292445,27.54305076599121,27.12568712234497,0.005132067549564473,1.0014044536297277,1.0168123513041865,0.004043076694815628,0.0,1
2017-01-20,27.63239288330078,27.736013653885067,27.570220772314254,27.736013653885067,130391600,243.618,4.7,0.65,2.48,0.0018366930894146982,27.577591323852538,27.16080331802368,0.005124263723939262,1.0019871771542588,1.0173628725098922,0.004043076694815628,0.0,1
2017-01-23,27.65082359313965,27.81891971887362,27.57943869444451,27.63240157045569,88200800,243.618,4.7,0.65,2.41,0.0006669965180614579,27.62548828125,27.19557456970215,0.005125640157926188,1.0009170991524825,1.0167398200126532,0.004043076694815628,0.0,0
2017-01-24,27.625490188598633,27.655424653984163,27.517263015313222,27.528777217211033,92844000,243.618,4.7,0.65,2.47,-0.0009161898724528994,27.62410774230957,27.237944221496583,0.004815396770300448,1.0000500449209784,1.0142281650902345,0.004043076694815628,0.0,1
2017-01-25,28.06529998779297,28.115959656285376,27.69686843078487,27.72910608222181,129510400,243.618,4.7,0.65,2.53,0.015920434214624413,27.711148071289063,27.299656295776366,0.005788479956847152,1.0127801242876269,1.028045909579274,0.004043076694815628,0.0,1
2017-01-26,28.079118728637695,28.194253705538035,28.00082603079889,28.016944857292128,105350400,243.618,4.7,0.65,2.51,0.0004923781627397261,27.810625076293945,27.353539371490477,0.005718759912061482,1.0096543551828547,1.026525977033285,0.004043076694815628,0.0,1
2017-01-27,28.08141326904297,28.173521579313945,28.000819156363324,28.12516511170616,82251600,243.618,4.7,0.65,2.49,8.171696652770066e-05,27.90042915344238,27.41329393386841,0.005549310897631481,1.00648678608509,1.0243720924886417,0.004043076694815628,0.0,0
2017-01-30,28.00773811340332,28.00773811340332,27.784377699931905,27.846549823924857,121510000,243.618,4.7,0.65,2.49,-0.0026236270565793696,27.971812057495118,27.46971035003662,0.005628927578475296,1.0012843664126714,1.0195862190212712,0.004043076694815628,0.0,0
2017-01-31,27.94326400756836,27.95247501834034,27.77516789223655,27.897210710529123,196804000,243.618,4.7,0.65,2.45,-0.002302010450608516,28.035366821289063,27.533380222320556,0.005242796589403656,0.996714763380561,1.01488679493539,0.004043076694815628,0.0,1
2017-02-01,29.647253036499023,30.047923973514425,29.246583856303737,29.251188481832827,447940000,244.006,4.6,0.66,2.48,0.06098031455699471,28.351757431030272,27.678449726104738,0.014125030349166776,1.0456936614465693,1.0711312710746737,0.0015926573570097524,-0.021276595744680993,0
2017-02-02,29.596599578857425,29.794631897723733,29.423897097763813,29.469952146814403,134841600,244.006,4.6,0.66,2.48,-0.001708537974133284,28.655253601074218,27.822483634948732,0.014139626742443992,1.0328507292550333,1.063765549013754,0.0015926573570097524,-0.021276595744680993,1
2017-02-03,29.72324562072754,29.748575455818408,29.511397687986015,29.54593677509147,98029200,244.006,4.6,0.66,2.49,0.004279074071758648,28.98362007141113,27.96605682373047,0.01414119480481433,1.025518742913897,1.0628329123434384,0.0015926573570097524,-0.021276595744680993,1
2017-02-06,30.001873016357425,30.050231256335135,29.68179789677811,29.734762520001546,107383600,244.006,4.6,0.66,2.42,0.009374056897594851,29.382447052001954,28.108594036102296,0.014107342023878961,1.0210814968290147,1.067355876207235,0.0015926573570097524,-0.021276595744680993,1
2017-02-07,30.28740882873535,30.416359449564307,30.038716839861973,30.059440293857865,152735200,244.006,4.6,0.66,2.4,0.009517266212754283,29.851276016235353,28.25297317504883,0.014112988050183678,1.014610189938373,1.072007842894326,0.0015926573570097524,-0.021276595744680993,1
2017-02-08,30.40485382080078,30.446304254120136,30.216034219533626,30.245970448395273,92016400,244.006,4.6,0.66,2.34,0.003877683717664393,30.002796173095703,28.401842975616454,0.014083613399234049,1.0134006725701659,1.0705239743387058,0.0015926573570097524,-0.021276595744680993,1
2017-02-09,30.62455177307129,30.63148954064726,30.323902238905653,30.44647417124728,113399600,244.006,4.6,0.66,2.4,0.007225752623754023,30.208386611938476,28.554329013824464,0.014090506924533171,1.013776477588126,1.0725011874117067,0.0015926573570097524,-0.021276595744680993,0
2017-02-10,30.55516815185547,30.74480986093238,30.53898120508331,30.633802059621765,80262000,244.006,4.6,0.66,2.41,-0.0022656207911205817,30.374771118164062,28.70910291671753,0.014028888622331434,1.0059390417458498,1.064302435380625,0.0015926573570097524,-0.021276595744680993,1
2017-02-13,30.82575798034668,30.948333457030444,30.70087461934591,30.777193601186696,92141600,244.006,4.6,0.66,2.43,0.008855779393731833,30.539548110961913,28.879823875427245,0.013942460520920314,1.00937177813977,1.0673804007016523,0.0015926573570097524,-0.021276595744680993,1
2017-02-14,31.225845336914062,31.242032282113,30.816499477718175,30.86737878355604,132904800,244.006,4.6,0.66,2.47,0.012978994930877619,30.727235412597658,29.05949649810791,0.014024271326132393,1.0162269699054014,1.0745487396502966,0.0015926573570097524,-0.021276595744680993,1
2017-02-15,31.33916282653809,31.51492897486805,31.133334201946823,31.34147776777854,142492400,244.006,4.6,0.66,2.51,0.0036289646733780323,30.914097213745116,29.244949722290038,0.013960858398134945,1.0137498957143727,1.0716093932160833,0.0015926573570097524,-0.021276595744680993,0
2017-02-16,31.302167892456055,31.42936264279203,31.18421879315438,31.37617191834929,90338400,244.006,4.6,0.66,2.45,-0.001180469761965286,31.04962043762207,29.43097143173218,0.013943900693177172,1.008133672852502,1.0635791606493277,0.0015926573570097524,-0.021276595744680993,1
2017-02-17,31.387733459472656,31.41317311322332,31.244348244991187,31.244348244991187,88792800,244.006,4.6,0.66,2.42,0.0027335348564538897,31.216133499145506,29.618738460540772,0.01392976631738976,1.0054971561526622,1.0597255349443262,0.0015926573570097524,-0.021276595744680993,1
2017-02-21,31.61436653137207,31.625930648718445,31.44785312242911,31.50567018028783,98028800,244.006,4.6,0.66,2.43,0.007220434447490209,31.373855209350587,29.816915607452394,0.013862726343616755,1.007665979217938,1.060282926228306,0.0015926573570097524,-0.021276595744680993,1
2017-02-22,31.709203720092773,31.711515133205836,31.477935369287305,31.551939406530067,83347600,244.006,4.6,0.66,2.42,0.00299981303204655,31.470526885986327,30.0211012840271,0.01377525811816951,1.007584138485229,1.056230529989379,0.0015926573570097524,-0.021276595744680993,0
2017-02-23,31.57505798339844,31.79476214360493,31.521867267087664,31.771637432931243,83152800,244.006,4.6,0.66,2.38,-0.0042304984344129215,31.5177059173584,30.196589183807372,0.013825638073886015,1.0018196776818218,1.045649817971172,0.0015926573570097524,-0.021276595744680993,1
2017-02-24,31.605131149291992,31.605131149291992,31.28597972137464,31.43167990001077,87106400,244.006,4.6,0.66,2.31,0.0009524342254372264,31.578298568725586,30.37288980484009,0.013816377628284474,1.00084971584229,1.0405704347650035,0.0015926573570097524,-0.021276595744680993,1
2017-02-27,31.667570114135746,31.785519218610354,31.51724711412349,31.71613801519139,81029600,244.006,4.6,0.66,2.36,0.0019755958154012987,31.634265899658203,30.552197647094726,0.013779979989779095,1.0010527892312464,1.0365071108770822,0.0015926573570097524,-0.021276595744680993,1
2017-02-28,31.681455612182617,31.7855256740096,31.614385808002236,31.702268918772955,93931600,244.006,4.6,0.66,2.36,0.00043847690229559255,31.647683715820314,30.735883522033692,0.013694530213670857,1.0010671206356065,1.0307644349794296,0.0015926573570097524,-0.021276595744680993,1
2017-03-01,32.3289909362793,32.412247657275685,31.82251637316461,31.889582620887936,145658400,243.892,4.4,0.79,2.46,0.02043893853941725,31.771641159057616,30.955169868469238,0.013888268919249349,1.0175423666165506,1.0443809894646847,0.0011247116387129719,-0.06382978723404253,0
2017-03-02,32.13703155517578,32.442303753000616,32.09077509073836,32.37754893743556,104844000,243.892,4.4,0.79,2.49,-0.005937685512111046,31.884035873413087,31.079658794403077,0.006276751728202068,1.0079348700637254,1.0340213760957735,-0.00046720162618951733,-0.04347826086956508,1
2017-03-03,32.326683044433594,32.33824716533462,32.05147319981067,32.095414741910034,84432400,243.892,4.4,0.79,2.49,0.005901338116191646,32.02834625244141,31.216162967681885,0.006137860988621977,1.009314773533443,1.0355751627098253,-0.00046720162618951733,-0.04347826086956508,0
2017-03-06,32.22492599487305,32.32437320481221,32.05378970115708,32.23186376197643,87000000,243.892,4.4,0.79,2.49,-0.003147772674996663,32.13981742858887,31.34124698638916,0.006368392027027513,1.0026480724874458,1.0281954004212932,-0.00046720162618951733,-0.04347826086956508,1
2017-03-07,32.26655960083008,32.37294106045336,32.097731172803236,32.160174612332,69785200,243.892,4.4,0.79,2.52,0.0012919690168926579,32.25683822631836,31.454481315612792,0.006269624405203512,1.0003013740665936,1.0258175703827042,-0.00046720162618951733,-0.04347826086956508,0
2017-03-08,32.14630126953125,32.331316658871906,32.104674659588994,32.13473714603339,74828800,243.892,4.4,0.79,2.57,-0.003727026766613628,32.22030029296875,31.547425937652587,0.006318081338509481,0.9977033415963026,1.0189833342682926,-0.00046720162618951733,-0.04347826086956508,0
2017-03-09,32.072288513183594,32.09772816921292,31.695323556043785,32.08616757646052,88623600,243.892,4.4,0.79,2.6,-0.0023023723857713563,32.20735168457031,31.63079767227173,0.006423226714836245,0.9958064490148246,1.0139576259026464,-0.00046720162618951733,-0.04347826086956508,1
2017-03-10,32.17866516113281,32.229544460019554,32.063031032549056,32.20410481057618,78451200,243.892,4.4,0.79,2.58,0.003316777594635667,32.177748107910155,31.708503341674806,0.006336920025847987,1.0000284996084743,1.0148276257126292,-0.00046720162618951733,-0.04347826086956508,1
2017-03-13,32.19254684448242,32.245737565712,32.104667289597515,32.111605056328585,69686800,243.892,4.4,0.79,2.62,0.0004313940084244017,32.17127227783203,31.79037227630615,0.006258445228175463,1.0006612908083543,1.0126508291466603,-0.00046720162618951733,-0.04347826086956508,0
2017-03-14,32.14398193359375,32.296616327969346,32.109289571651075,32.215674541184775,61236400,243.892,4.4,0.79,2.6,-0.001508576228009595,32.14675674438477,31.856283473968507,0.0061440219757399476,0.9999136830252245,1.009031136976802,-0.00046720162618951733,-0.04347826086956508,1
2017-03-15,32.48394775390625,32.551014009818594,32.15323224191797,32.24111532727662,102767200,243.892,4.4,0.79,2.51,0.010576344306527874,32.21428604125977,31.919188594818117,0.005940513253019686,1.0083708734783412,1.0176934058774858,-0.00046720162618951733,-0.04347826086956508,1
2017-03-16,32.53713607788086,32.61345503656059,32.43768887879854,32.54407384422683,76928000,243.892,4.4,0.79,2.53,0.0016373725378933113,32.307255554199216,31.979087257385252,0.005928336670884598,1.0071154457331106,1.0174504299013953,-0.00046720162618951733,-0.04347826086956508,0
2017-03-17,32.37525939941406,32.60883917559597,32.352131151569246,32.60883917559597,175540000,243.892,4.4,0.79,2.5,-0.004975136043913864,32.34657440185547,32.03274183273315,0.006090419729968418,1.0008868017120522,1.0106927333435725,-0.00046720162618951733,-0.04347826086956508,1
2017-03-20,32.71521759033203,32.72446677028318,32.43075502037318,32.47007021069586,86168000,243.892,4.4,0.79,2.47,0.01050055496772706,32.45110855102539,32.099116039276126,0.006399300886783054,1.008138675413549,1.019193723288269,-0.00046720162618951733,-0.04347826086956508,0
2017-03-21,32.34056854248047,33.02512448157474,32.31512888020964,32.86554873904641,158119600,243.892,4.4,0.79,2.43,-0.01145182809244949,32.49042587280273,32.135426139831544,0.006950179334460141,0.9953876464744125,1.006383683905615,-0.00046720162618951733,-0.04347826086956508,1
2017-03-22,32.70596694946289,32.747597084061425,32.322060673038834,32.342877504775444,103440800,243.892,4.4,0.79,2.4,0.011298453411616949,32.534829711914064,32.18526430130005,0.007304545522048263,1.0052601239675816,1.0161782933732755,-0.00046720162618951733,-0.04347826086956508,0
2017-03-23,32.59033203125,32.74296997312818,32.51863941490938,32.66896241505103,81385200,243.892,4.4,0.79,2.41,-0.003535590872196792,32.54546890258789,32.236028003692624,0.0072770836372380585,1.0013784754122421,1.0109909331111386,-0.00046720162618951733,-0.04347826086956508,0
2017-03-24,32.52556228637695,32.77995873966594,32.45849605534966,32.72445309652844,89582400,243.892,4.4,0.79,2.4,-0.0019873913776312646,32.57552947998047,32.282049560546874,0.007320597973149117,0.9984661126188533,1.0075432857933433,-0.00046720162618951733,-0.04347826086956508,1
2017-03-27,32.581077575683594,32.65970794675348,32.05840898579476,32.23648655581988,94300400,243.892,4.4,0.79,2.38,0.0017068202793188991,32.548701477050784,32.32772493362427,0.007319851586089319,1.0009946970897023,1.0078370080969048,-0.00046720162618951733,-0.04347826086956508,1
2017-03-28,33.25638198852539,33.31188412161657,32.52094696519964,32.58801674785039,133499200,243.892,4.4,0.79,2.42,0.020726890056754987,32.73186416625977,32.406471252441406,0.008485559038559734,1.0160246852914139,1.0262265746079946,-0.00046720162618951733,-0.04347826086956508,1
2017-03-29,33.33038330078125,33.41595496380093,33.11530549478005,33.228624693216595,116760000,243.892,4.4,0.79,2.39,0.0022251762768839,32.856747436523435,32.4565408706665,0.007357104623442331,1.0144151780444135,1.02692346154807,0.0,0.0,0
2017-03-30,33.28644561767578,33.418270246070115,33.18700193986894,33.34657763576764,84829200,243.892,4.4,0.79,2.42,-0.0013182471593250478,32.99597015380859,32.51401157379151,0.007179975381842676,1.0088033618200392,1.0237569591230296,0.0,0.0,0
2017-03-31,33.224002838134766,33.365076633853526,33.073676334799764,33.23787837068514,78646800,243.892,4.4,0.79,2.4,-0.001875922117315465,33.135658264160156,32.558877563476564,0.007155751954716444,1.0026661481498367,1.0204283846505913,0.0,0.0,1
2017-04-03,33.233253479003906,33.33038574000391,33.082930497929304,33.23556842044681,79942800,244.193,4.4,0.9,2.35,0.0002784324608389177,33.26609344482422,32.609293937683105,0.0070819270920756995,0.9990128096683554,1.019134408200104,0.001234152821740775,0.0,1
2017-04-04,33.480716705322266,33.50846777533685,33.11068597037959,33.129187860014184,79565600,244.193,4.4,0.9,2.36,0.0074462533881825,33.310960388183595,32.67000179290771,0.007202104914916314,1.0050961099638211,1.0248152699088786,0.001234152821740775,0.0,0
2017-04-05,33.30727005004883,33.640297051616685,33.25870214195555,33.35352301607212,110871600,244.193,4.4,0.9,2.34,-0.005180494097543176,33.30633773803711,32.728050231933594,0.007268613801845436,1.000027992030197,1.0176979628792575,0.001234152821740775,0.0,0
2017-04-06,33.224002838134766,33.42289370539606,33.17543494533447,33.36969945878765,84596000,244.193,4.4,0.9,2.34,-0.0024999710810564846,33.29384918212891,32.78563594818115,0.007274615928837596,0.9979021246954036,1.013370699615114,0.001234152821740775,0.0,0
2017-04-07,33.150001525878906,33.344266075859544,33.13381457781785,33.240196033289536,66688800,244.193,4.4,0.9,2.38,-0.0022273448692016196,33.279048919677734,32.83420276641846,0.007318894503244119,0.9961222631659247,1.0096179816427107,0.001234152821740775,0.0,0
2017-04-10,33.110687255859375,33.274889327194714,33.048243817027654,33.21013447539691,75733600,244.193,4.4,0.9,2.37,-0.0011859507755630494,33.25453567504883,32.880109786987305,0.007340382015852867,0.9956743218249959,1.0070126733263927,0.001234152821740775,0.0,0
2017-04-11,32.75454330444336,33.15232521876181,32.39145023718006,33.057504331643614,121517600,244.193,4.4,0.9,2.32,-0.010756163067953017,33.109300994873045,32.910637855529785,0.007811531611249843,0.9892852558112109,0.9952570183607001,0.001234152821740775,0.0,1
2017-04-12,32.79384231567383,32.87478409512995,32.61113840105722,32.7475893661455,81400000,244.193,4.4,0.9,2.28,0.00119980336361869,33.006615447998044,32.92613258361816,0.007478944465883286,0.9935536216168713,0.9959822105554494,0.001234152821740775,0.0,0
2017-04-13,32.62040328979492,32.92799063588841,32.62040328979492,32.81929422302548,71291600,244.193,4.4,0.9,2.24,-0.005288768062289839,32.885895538330075,32.93029594421387,0.007583198382457393,0.9919268657827576,0.9905894360942299,0.001234152821740775,0.0,1
2017-04-17,32.800785064697266,32.81234918605461,32.57876593280913,32.71983974407023,66328400,244.193,4.4,0.9,2.26,0.005529722404099546,32.81605224609375,32.951572227478025,0.00757296175035895,0.9995347648375865,0.995423976684942,0.001234152821740775,0.0,0
2017-04-18,32.65509033203125,32.849354899207185,32.6342770274499,32.70365823826272,58790000,244.193,4.4,0.9,2.18,-0.004441806267095227,32.72493286132813,32.94856586456299,0.007284727218702791,0.9978657701272349,0.9910929193780972,0.001234152821740775,0.0,0
2017-04-19,32.53483200073242,32.840107937390805,32.481641264693536,32.81235686274012,69313600,244.193,4.4,0.9,2.21,-0.003682682548909244,32.680990600585936,32.958279037475585,0.006839194395758758,0.9955277181882335,0.987152028288198,0.001234152821740775,0.0,1
2017-04-20,32.94186019897461,33.052868004939796,32.645837030484415,32.65971256512075,93278400,244.193,4.4,0.9,2.24,0.012510536345570422,32.710594177246094,32.97007369995117,0.006946117868666361,1.0070700648381798,0.9991442693991732,0.001234152821740775,0.0,0
2017-04-21,32.902549743652344,32.9973670869395,32.805417458342916,32.94186494040556,69283600,244.193,4.4,0.9,2.24,-0.0011933283392262517,32.76702346801758,32.98568458557129,0.006896152907039114,1.0041360569649254,0.9974796690454224,0.001234152821740775,0.0,1
2017-04-24,33.21936798095703,33.29106056669834,33.11298304384622,33.186990570336015,68537200,244.193,4.4,0.9,2.28,0.009628987412010792,32.85074005126953,33.020374870300294,0.007159839105744877,1.011221297575403,1.0060263734569446,0.001234152821740775,0.0,1
2017-04-25,33.425209045410156,33.51077719210791,33.27257111167275,33.28182382037621,75486000,244.193,4.4,0.9,2.35,0.006196417239819896,33.004763793945315,33.06258144378662,0.0072503312064093025,1.0127389262377322,1.0109679155646114,0.001234152821740775,0.0,0
2017-04-26,33.228641510009766,33.44141154016675,33.15926381417127,33.41134551938628,80164800,244.193,4.4,0.9,2.32,-0.0058808169347076555,33.14352569580078,33.06119441986084,0.0057937529374378965,1.002568097763352,1.0050647622715148,0.001234152821740775,0.0,1
2017-04-27,33.254066467285156,33.33963813576577,33.14305867416402,33.284132474768136,56985200,244.193,4.4,0.9,2.3,0.0007651518726015105,33.20596694946289,33.05737857818603,0.005773058988935697,1.001448520318516,1.0059498937168876,0.001234152821740775,0.0,0
2017-04-28,33.2216911315918,33.3720176495641,33.13381157392462,33.32344975203475,83441600,244.193,4.4,0.9,2.29,-0.0009735752385414687,33.26979522705078,33.05414085388183,0.005769740661367524,0.9985541210839834,1.005068964837133,0.001234152821740775,0.0,1
2017-05-01,33.89930725097656,34.042692465256124,33.52465374069815,33.55703116098302,134411600,244.004,4.4,0.91,2.33,0.02039679788427118,33.405783081054686,33.08790607452393,0.007340760940082357,1.0147736147577922,1.0245225906597146,0.00045921965460116176,0.0,1
2017-05-02,34.1143798828125,34.248515897551556,33.95943057152953,34.12131764832714,181408800,244.004,4.4,0.91,2.29,0.0063444550723006365,33.543617248535156,33.13196239471436,0.0074327242550093296,1.0170155362210458,1.0296516540853877,-0.0007739779600562935,0.0,0
2017-05-03,34.01032257080078,34.1097697951006,33.365085434890055,33.670357818144886,182788000,244.004,4.4,0.91,2.33,-0.0030502477948938234,33.69995346069336,33.158442687988284,0.007348627307982068,1.0092097785971552,1.0256911909533404,-0.0007739779600562935,0.0,0
2017-05-04,33.887752532958984,34.02882637381585,33.72123903132874,33.88544111975236,93487600,244.004,4.4,0.91,2.36,-0.003603906948740021,33.826690673828125,33.18746681213379,0.007289194331662318,1.001805138425146,1.0211009091109406,-0.0007739779600562935,0.0,1
2017-05-05,34.449729919433594,34.45435274496605,33.94093680090705,33.94093680090705,109310800,244.004,4.4,0.91,2.36,0.0165834953477082,34.07229843139648,33.24875316619873,0.008033233279050813,1.0110773709263277,1.0361209560921458,-0.0007739779600562935,0.0,1
2017-05-08,35.3863639831543,35.54593968681708,34.465917067774505,34.465917067774505,195009600,244.004,4.4,0.91,2.39,0.027188429805144354,34.36970977783203,33.3605712890625,0.009756646634199588,1.0295799473400848,1.0607241607626776,-0.0007739779600562935,0.0,1
2017-05-09,35.61301040649414,35.81883907325609,35.488123535633214,35.58525580803918,156521600,244.004,4.4,0.91,2.42,0.00640490849661024,34.66943588256836,33.48568744659424,0.009719944351905962,1.0272163218092685,1.0635293201996445,-0.0007739779600562935,0.0,0
2017-05-10,35.444183349609375,35.60144765064016,35.178226178926415,35.529755032223434,103222800,244.004,4.4,0.91,2.41,-0.004740600554621444,34.956208038330075,33.620169448852536,0.009334701889899598,1.0139596180096029,1.054253560605391,-0.0007739779600562935,0.0,1
2017-05-11,35.75071334838867,35.7785825048383,35.36986794901809,35.40237901200923,109020400,244.004,4.4,0.91,2.39,0.008648245489416118,35.328800201416016,33.76801300048828,0.00936586008439333,1.011942470295262,1.0587153395099593,-0.0007739779600562935,0.0,1
2017-05-12,36.24999237060547,36.32430184835647,35.917911815248516,35.92487821805518,130108000,244.004,4.4,0.91,2.33,0.01396556810912708,35.68885269165039,33.94949245452881,0.009310511386309802,1.0157231078231428,1.067762424406135,-0.0007739779600562935,0.0,0
2017-05-15,36.1571159362793,36.37772705040875,36.00617242225423,36.229104490458674,104038800,244.004,4.4,0.91,2.34,-0.0025621090723727535,35.84300308227539,34.11730899810791,0.009475716872250031,1.0087635752306492,1.0597880371598039,-0.0007739779600562935,0.0,0
2017-05-16,36.10368728637695,36.24069791939979,35.92952014640026,36.212832310904176,80194000,244.004,4.4,0.91,2.33,-0.0014776800781484134,35.941138458251956,34.2897388458252,0.009343761733173722,1.0045226399356773,1.052900619882458,-0.0007739779600562935,0.0,0
2017-05-17,34.8914794921875,35.89468379807155,34.76608072567155,35.66942737411441,203070800,244.004,4.4,0.91,2.22,-0.03357573381838086,35.830597686767575,34.40757122039795,0.01263082852848516,0.9737900494211712,1.0140640055262802,-0.0007739779600562935,0.0,1
2017-05-18,35.42328643798828,35.60906550250236,35.09585477886025,35.12836584939215,134272800,244.004,4.4,0.91,2.23,0.015241742498189437,35.7651123046875,34.531642532348634,0.012746711383724709,0.9904424774683451,1.0258210684535023,-0.0007739779600562935,0.0,1
2017-05-19,35.544029235839844,35.75767383492193,35.44417511011823,35.61834224948902,107843200,244.004,4.4,0.91,2.23,0.0034085713098059855,35.62391967773438,34.66371650695801,0.012694870192643606,0.9977573932734733,1.0253957976117514,-0.0007739779600562935,0.0,1
2017-05-22,35.760009765625,35.8970204419808,35.50920857952385,35.762330719253846,91865600,244.004,4.4,0.91,2.25,0.006076422241048984,35.544498443603516,34.790748596191406,0.012635876127061687,1.0060631414553063,1.027859738825502,-0.0007739779600562935,0.0,0
2017-05-23,35.715885162353516,35.971328243695154,35.60209465796139,35.971328243695154,79675600,244.004,4.4,0.91,2.29,-0.0012339091504919297,35.46693801879883,34.90528240203857,0.012669898068215208,1.0070191326756974,1.0232229251429177,-0.0007739779600562935,0.0,0
2017-05-24,35.60905456542969,35.80179997561155,35.45346566542646,35.725166002158055,76712000,244.004,4.4,0.91,2.26,-0.0029911227577927857,35.610453033447264,35.02430305480957,0.012574654975017923,0.9999607287215284,1.0166955930487764,-0.0007739779600562935,0.0,1
2017-05-25,35.732139587402344,35.84360914034475,35.537073184913964,35.69962852032095,76942400,244.004,4.4,0.91,2.25,0.003456565288654234,35.67222366333008,35.14820671081543,0.012557778025989093,1.0016796240301065,1.0166134472063189,-0.0007739779600562935,0.0,0
2017-05-26,35.67176818847656,35.818069783737286,35.60210059342664,35.762334999009134,87710400,244.004,4.4,0.91,2.25,-0.001689554547331551,35.69777145385742,35.27071056365967,0.012572739944851398,0.9992715717446264,1.011370840519162,-0.0007739779600562935,0.0,1
2017-05-30,35.68568801879883,35.862176124415456,35.6067330933998,35.62763230128075,80507600,244.004,4.4,0.91,2.21,0.0003902198020775405,35.68290710449219,35.36002960205078,0.011949763947572599,1.0000779340735466,1.0092097891436482,0.0,0.0,0
2017-05-31,35.47438430786133,35.80181958924268,35.38614197714428,35.755375697795536,97804800,244.004,4.4,0.91,2.21,-0.005921245257375696,35.63460693359375,35.42802982330322,0.012063799592060692,0.9955037352865712,1.0013084127113276,0.0,0.0,1
2017-06-01,35.57190704345703,35.606742609341595,35.348975012935064,35.569586089774354,65616400,244.163,4.3,1.04,2.21,0.0027491029794728394,35.62717742919922,35.50610904693603,0.012004920131963748,0.9984486453957228,1.0018531457906024,0.0006516286618252209,-0.022727272727272818,1
2017-06-02,36.09905624389648,36.09905624389648,35.50456606913834,35.66480046881506,111082800,244.163,4.3,1.04,2.15,0.01481925609991741,35.70056076049805,35.61667423248291,0.012231461334587126,1.0111621631400074,1.0135437129324565,0.0006516286618252209,-0.022727272727272818,0
2017-06-05,35.74606704711914,35.86682393968477,35.636925550951005,35.841279280554346,101326800,244.163,4.3,1.04,2.18,-0.009778349727273539,35.71542053222656,35.68149108886719,0.012137564214985566,1.0008580751517382,1.001809788668616,0.0006516286618252209,-0.022727272727272818,1
2017-06-06,35.866825103759766,36.18264837987697,35.71123619071204,35.73910180396234,106499600,244.163,4.3,1.04,2.14,0.003378219385126835,35.75164794921875,35.705514144897464,0.010598720722805433,1.0032215900845918,1.0045178164416757,0.0006516286618252209,-0.022727272727272818,1
2017-06-07,36.08047103881836,36.22212715034009,35.87379279841193,35.999195149432616,84278400,244.163,4.3,1.04,2.18,0.005956644738990269,35.87286529541016,35.72888717651367,0.010586551818531846,1.0057872640420158,1.009840325016778,0.0006516286618252209,-0.022727272727272818,0
2017-06-08,35.99222946166992,36.119949225164746,35.855215254172016,36.05260614156639,85003200,244.163,4.3,1.04,2.19,-0.0024456880580494555,35.956929779052736,35.7562894821167,0.010536729742121869,1.0009817212658059,1.0065985588261674,0.0006516286618252209,-0.022727272727272818,0
2017-06-09,34.5965690612793,36.03867492991036,33.90919121369438,36.03867492991036,259530800,244.163,4.3,1.04,2.21,-0.03877671434265939,35.6564323425293,35.69858226776123,0.013579521618293134,0.9702756778617515,0.9691300568124481,0.0006516286618252209,-0.022727272727272818,0
2017-06-12,33.76984786987305,33.92543676083212,33.094078496969885,33.84416088591062,289229200,244.163,4.3,1.04,2.21,-0.023896045585963033,35.26118850708008,35.57457504272461,0.013937011435355575,0.9577058885321581,0.9492691853470039,0.0006516286618252209,-0.022727272727272818,1
2017-06-13,34.041568756103516,34.241280678055496,33.70716706879399,34.17393756709761,136661600,244.163,4.3,1.04,2.21,0.008046257338129026,34.89613723754883,35.46879768371582,0.014172207350964602,0.9755110866389595,0.9597610006310543,0.0006516286618252209,-0.022727272727272818,0
2017-06-14,33.70948028564453,34.25288107395131,33.4029443270465,34.25288107395131,126124800,244.163,4.3,1.04,2.15,-0.009755380923784363,34.421939086914065,35.3490873336792,0.014248743733838207,0.9793021886573384,0.9536167077651106,0.0006516286618252209,-0.022727272727272818,0
2017-06-15,33.50743865966797,33.551561574955535,33.024418175046314,33.28218572022731,128661600,244.163,4.3,1.04,2.16,-0.005993614385760848,33.92498092651367,35.27988529205322,0.01237909013501357,0.9876921886043162,0.9497604196353638,0.0006516286618252209,-0.022727272727272818,0
2017-06-16,33.03835678100586,33.55621291549686,33.022099475281784,33.389012124760995,201444400,244.163,4.3,1.04,2.16,-0.013999335593106066,33.613338470458984,35.1606388092041,0.011961770277379033,0.9828942403338351,0.939640401879084,0.0006516286618252209,-0.022727272727272818,1
2017-06-19,33.98349380493164,34.07638507861162,33.36113821675473,33.36113821675473,130165600,244.163,4.3,1.04,2.19,0.028607264888826256,33.6560676574707,35.08261203765869,0.013889522538276931,1.009728591907803,0.9686705701517542,0.0006516286618252209,-0.022727272727272818,0
2017-06-20,33.67463684082031,34.10657151739421,33.65838308263558,34.10657151739421,99600400,244.163,4.3,1.04,2.16,-0.009088440578952639,33.582681274414064,34.978343391418456,0.013830602308467709,1.0027381841746004,0.9627281790904371,0.0006516286618252209,-0.022727272727272818,1
2017-06-21,33.87434768676758,33.920795093838045,33.581748156797836,33.79307181127359,85063200,244.163,4.3,1.04,2.16,0.005930601327381657,33.61565475463867,34.88626651763916,0.0139683507534611,1.007695608906538,0.9709937768674692,0.0006516286618252209,-0.022727272727272818,0
2017-06-22,33.818634033203125,34.067110781578684,33.700198044473254,33.851145108974926,76425200,244.163,4.3,1.04,2.15,-0.001644715171481126,33.677893829345706,34.796745491027835,0.013969357681096434,1.0041790084786948,0.9718907201227508,0.0006516286618252209,-0.022727272727272818,1
2017-06-23,33.96957015991211,34.17392747367492,33.6978697550815,33.70251520587812,141757600,244.163,4.3,1.04,2.15,0.004463105356673935,33.86413650512695,34.70861701965332,0.013993673205791504,1.0031134310709264,0.9787071072488215,0.0006516286618252209,-0.022727272727272818,0
2017-06-26,33.86274337768555,34.434009700347254,33.76056473956652,34.17624215179792,102769600,244.163,4.3,1.04,2.14,-0.0031447787453203757,33.839986419677736,34.61816577911377,0.01399339059447973,1.0006724872086408,0.9781784394283538,0.0006516286618252209,-0.022727272727272818,0
2017-06-27,33.37739944458008,33.94170298522307,33.35185478153137,33.67464449999742,99047600,244.163,4.3,1.04,2.21,-0.014332682018471488,33.780538940429686,34.50275135040283,0.01421850692560564,0.9880659246863845,0.9673837053052984,0.0006516286618252209,-0.022727272727272818,1
2017-06-28,33.865047454833984,33.930069547881544,33.24501307534872,33.55386978904377,88329600,244.163,4.3,1.04,2.22,0.014610125964534815,33.77867889404297,34.42228450775146,0.014746218769566216,1.0025568957584734,0.9838117353079225,0.0006516286618252209,-0.022727272727272818,0
2017-06-29,33.365787506103516,33.70251357547515,33.04067683488191,33.60498037410866,125997600,244.163,4.3,1.04,2.27,-0.014742632485495122,33.68810958862305,34.31197853088379,0.01495357387749696,0.9904321706840924,0.9724238861968096,0.0,0.0,1
2017-06-30,33.44474411010742,33.663034209976,33.389009336702564,33.544598259420724,92096400,244.163,4.3,1.04,2.31,0.0023663941391900423,33.58314437866211,34.17926292419433,0.014418320704830715,0.9958788770046612,0.9785098111765608,0.0,0.0,0
2017-07-03,33.32398223876953,33.741984118396765,33.23109450704785,33.64445093705705,57111200,244.243,4.3,1.15,2.35,-0.0036107877201965177,33.4753921508789,34.05815868377685,0.01434752688315839,0.9954769786884962,0.9784434486953918,0.0003276499715354486,0.0,1
2017-07-05,33.46099853515625,33.623553864846315,33.14285427965996,33.36811078774491,86278400,244.243,4.3,1.15,2.33,0.004111642342292221,33.49211196899414,33.93786735534668,0.014366697489378433,0.9990710220404526,0.9859487688133914,0.0003276499715354486,0.0,0
2017-07-06,33.145172119140625,33.323984736720405,33.07086263688104,33.21251874161098,96515200,244.243,4.3,1.15,2.37,-0.009438642892972804,33.34813690185547,33.79110240936279,0.014252836410946382,0.9939137594609205,0.9808846044027497,0.0003276499715354486,0.0,1
2017-07-07,33.48188400268555,33.61425270902256,33.184639080858084,33.184639080858084,76806800,244.243,4.3,1.15,2.39,0.0101587007101549,33.37135620117188,33.665585136413576,0.014605837123136508,1.0033120560293498,0.9945433553884875,0.0003276499715354486,0.0,1
2017-07-10,33.68625259399414,33.89293082888166,33.29379533435106,33.46564155235199,84362400,244.243,4.3,1.15,2.38,0.006103855783390344,33.41965789794922,33.620069313049314,0.012141566879690736,1.0079771820782546,1.0019685646786916,0.0003276499715354486,0.0,1
2017-07-11,33.79539489746094,33.869707918712685,33.52834000714723,33.609615887771454,79127200,244.243,4.3,1.15,2.37,0.00323996571486429,33.5139404296875,33.621346664428714,0.010935479475904175,1.0083981311706371,1.0051767180764466,0.0003276499715354486,0.0,1
2017-07-12,33.84415817260742,33.9463332463082,33.63051358378686,33.874344732442935,99538000,244.243,4.3,1.15,2.33,0.0014428970365469862,33.590572357177734,33.61147613525391,0.010781355696422424,1.0075493151094075,1.0069226961772577,0.0003276499715354486,0.0,1
2017-07-13,34.31556701660156,34.48276773005297,33.774487422160064,33.78842022437451,100797600,244.243,4.3,1.15,2.35,0.013928809858112734,33.82465133666992,33.64178047180176,0.01097960494971626,1.014513547384284,1.0200282664992883,0.0003276499715354486,0.0,1
2017-07-14,34.61050796508789,34.67785460697006,34.213408692796655,34.3620312435945,80528400,244.243,4.3,1.15,2.33,0.008594960658631745,34.05037612915039,33.69693393707276,0.01097873581306639,1.0164500924692568,1.0271114882357304,0.0003276499715354486,0.0,1
2017-07-17,34.73125457763672,35.04243239726825,34.50135618621704,34.55941190824262,95174000,244.243,4.3,1.15,2.31,0.003488726969006928,34.259376525878906,33.781578826904294,0.010342388202378983,1.0137736905807777,1.0281122370152838,0.0003276499715354486,0.0,1
2017-07-18,34.85200119018555,34.863613039853156,34.52456616412977,34.64764397504055,71475200,244.243,4.3,1.15,2.27,0.0034765980675681707,34.47069778442383,33.825004196166994,0.008343754040311551,1.0110616677430306,1.030362065531833,0.0003276499715354486,0.0,1
2017-07-19,35.0703010559082,35.16318879245551,34.821820868312145,34.94489871378533,83692000,244.243,4.3,1.15,2.27,0.006263624993336991,34.71592636108399,33.89478740692139,0.008038762864576915,1.0102078421050422,1.0346812515704633,0.0003276499715354486,0.0,0
2017-07-20,34.912391662597656,35.23750586474434,34.877559643250706,35.1817710903488,68974800,244.243,4.3,1.15,2.27,-0.0045026529158905815,34.8352912902832,33.94668960571289,0.008112775168684458,1.0022132834105497,1.0284476061760746,0.0003276499715354486,0.0,0
2017-07-21,34.896148681640625,34.93562616357618,34.57335887669316,34.831126529812465,105010400,244.243,4.3,1.15,2.24,-0.0004652497346503415,34.89241943359375,34.00056533813476,0.008092655934942941,1.0001068784597746,1.0263402485987898,0.0003276499715354486,0.0,1
2017-07-24,35.31877517700195,35.400054598254506,34.81020652865198,34.96811992162958,85972800,244.243,4.3,1.15,2.26,0.012110978183207832,35.0099235534668,34.06802558898926,0.008409518888276407,1.0088218308464307,1.0367132983608225,0.0003276499715354486,0.0,1
2017-07-25,35.46973419189453,35.72517730746856,35.25144405481644,35.25144405481644,75415600,244.243,4.3,1.15,2.33,0.004274186013983661,35.133470153808595,34.14837512969971,0.008334720106067589,1.0095710454052453,1.038694639413329,0.0003276499715354486,0.0,1
2017-07-26,35.636932373046875,35.74607389010833,35.54404107504466,35.61138770902635,63124000,244.243,4.3,1.15,2.29,0.004713826730355031,35.246796417236325,34.26135177612305,0.007358742835801284,1.0110686926321555,1.0401496299945314,0.0003276499715354486,0.0,0
2017-07-27,34.96348190307617,35.760008352946,34.206436467421675,35.704273577089516,129905200,244.243,4.3,1.15,2.32,-0.01889754322625281,35.257014465332034,34.31627349853515,0.008391614080117571,0.991674491822202,1.018860101594908,0.0003276499715354486,0.0,0
2017-07-28,34.71733093261719,34.886852693502604,34.64534238525931,34.80789774113855,68854800,244.243,4.3,1.15,2.3,-0.007040230465070629,35.22125091552734,34.38385066986084,0.007753078849946021,0.985692728968692,1.009698746832002,0.0003276499715354486,0.0,0
2017-07-31,34.538509368896484,34.9100674095341,34.39917776123744,34.81020972444371,79383600,244.243,4.3,1.15,2.3,-0.00515078662204127,35.06519775390625,34.43853893280029,0.00791570424704513,0.9849797400628921,1.0029028651967862,0.0003276499715354486,0.0,1
2017-08-01,34.84504318237305,34.88452064600083,34.464197808236975,34.62443215930494,141474400,245.183,4.4,1.16,2.26,0.008875131529347602,34.940259552001955,34.514591979980466,0.0079719473718627,0.9972748808723875,1.009574246237193,0.0038486261632881824,0.023255813953488413,1
2017-08-02,36.49150085449219,37.09760267371583,36.26392343901686,36.98845764372018,279747200,245.183,4.4,1.16,2.27,0.04725084321181239,35.11117324829102,34.666117095947264,0.012844826407661778,1.0393130584512256,1.0526561354850534,0.0038486261632881824,0.023255813953488413,0
2017-08-03,36.12692642211914,36.50777192249038,35.99920308955295,36.470615399663664,108389200,245.183,4.4,1.16,2.24,-0.009990666972749862,35.34386215209961,34.815204811096194,0.012876730118394105,1.0221555942768696,1.0376766880488055,0.0038486261632881824,0.023255813953488413,1
2017-08-04,36.31733703613281,36.55188087558903,36.1547817244582,36.24302755512729,82239600,245.183,4.4,1.16,2.27,0.005270600985781471,35.66386337280274,34.956977462768556,0.012807755471542838,1.018323131638857,1.038915251606439,0.0038486261632881824,0.023255813953488413,1
2017-08-07,36.87932205200195,36.904866715420106,36.38236513559111,36.47293193435718,87481200,245.183,4.4,1.16,2.26,0.015474290290337311,36.13202590942383,35.116630935668944,0.013052074872512627,1.020682375919121,1.0501953367782384,0.0038486261632881824,0.023255813953488413,1
2017-08-08,37.17423248291016,37.58062245105715,36.75390971137699,36.83054367344028,144823600,245.183,4.4,1.16,2.29,0.007996633736714776,36.59786376953125,35.2855728149414,0.013068971303514082,1.015748698257595,1.0535249825154893,0.0038486261632881824,0.023255813953488413,1
2017-08-09,37.40181350708008,37.45058186710962,36.948979635832835,36.98381164768275,104526000,245.183,4.4,1.16,2.24,0.0061220100313985615,36.77992630004883,35.46345558166504,0.013046522751183828,1.0169083320602093,1.0546578976476615,0.0038486261632881824,0.023255813953488413,0
2017-08-10,36.21049880981445,37.30156796526827,36.04963522878747,37.27825306234809,163217200,245.183,4.4,1.16,2.2,-0.03185178967431923,36.79664077758789,35.55820217132568,0.015244972271685064,0.9840707750656836,1.0183444774667147,0.0038486261632881824,0.023255813953488413,1
2017-08-11,36.71407699584961,36.96819669849492,36.38535954469906,36.508920736715325,105028400,245.183,4.4,1.16,2.19,0.013906966282902111,36.87598876953125,35.66338062286377,0.01539675205952045,0.9956092899720315,1.0294614911608306,0.0038486261632881824,0.023255813953488413,1
2017-08-14,37.2666130065918,37.35054170797339,37.01016320866023,37.14305180141279,88490800,245.183,4.4,1.16,2.22,0.01504970452626786,36.95344696044922,35.79014854431152,0.015628719879043036,1.0084746098646158,1.0412533762035738,0.0038486261632881824,0.023255813953488413,1
2017-08-15,37.67460250854492,37.81448131875585,37.33422397805453,37.455455126122445,117862000,245.183,4.4,1.16,2.27,0.010947855708834053,37.05352096557617,35.93127861022949,0.015713559814355526,1.0167617415776966,1.0485182817240217,0.0038486261632881824,0.023255813953488413,0
2017-08-16,37.523048400878906,37.88673814928685,37.336539834236234,37.75385315230165,110686400,245.183,4.4,1.16,2.23,-0.004022712850962229,37.07776794433594,36.05391597747803,0.015804264482236676,1.012009365213447,1.0407482067778326,0.0038486261632881824,0.023255813953488413,0
2017-08-17,36.80266189575195,37.46709753887228,36.797998203410614,37.42280135501694,111762400,245.183,4.4,1.16,2.19,-0.01919850693980607,37.19620056152344,36.148429489135744,0.016521448609077206,0.9894199230074436,1.0180985015355324,0.0038486261632881824,0.023255813953488413,0
2017-08-18,36.718727111816406,37.18499666244265,36.53688227166053,36.80265577322331,109712400,245.183,4.4,1.16,2.19,-0.0022806715496097585,37.197130584716795,36.239558410644534,0.016545122087247986,0.9871386995346101,1.013222255518189,0.0038486261632881824,0.023255813953488413,0
2017-08-21,36.65113067626953,36.809660663895095,36.16154607710975,36.71873821632033,105474000,245.183,4.4,1.16,2.18,-0.001840925349645972,37.07403411865234,36.30617618560791,0.01642012120441892,0.9885930017480875,1.0095012619587949,0.0038486261632881824,0.023255813953488413,1
2017-08-22,37.25028991699219,37.30157987390728,36.83997381902732,36.888930150492534,86418400,245.183,4.4,1.16,2.22,0.01634763320168431,36.9891716003418,36.39520397186279,0.016727938332359943,1.0070593177774216,1.0234944677268594,0.0038486261632881824,0.023255813953488413,1
2017-08-23,37.296905517578125,37.41114285393085,37.04045936367374,37.084755546287134,77596400,245.183,4.4,1.16,2.17,0.001251415779308429,36.94394302368164,36.47820262908935,0.016722652893531097,1.0095540016849374,1.0224436191885151,0.0038486261632881824,0.023255813953488413,0
2017-08-24,37.13138961791992,37.47409814181354,36.96353223652894,37.40182334806708,79275600,245.183,4.4,1.16,2.19,-0.004437791751387921,37.00968856811524,36.586598014831544,0.01605204376504707,1.003288356495643,1.0148904689872376,0.0038486261632881824,0.023255813953488413,1
2017-08-25,37.26893615722656,37.4321298359122,37.13138745357405,37.21997627494317,101920400,245.183,4.4,1.16,2.17,0.0037043197338419986,37.119730377197264,36.714178276062015,0.015872407660487087,1.0040195814601325,1.0151101810584784,0.0038486261632881824,0.023255813953488413,1
2017-08-28,37.6442756652832,37.76783682215001,37.28524608855897,37.3342059607867,103864000,245.183,4.4,1.16,2.16,0.010071108723715527,37.318359375,36.869466590881345,0.015791869881349476,1.0087334034974094,1.0210149249784233,0.0038486261632881824,0.023255813953488413,1
2017-08-29,37.97999954223633,38.028955868971686,37.3015762700593,37.3248911781703,118067600,245.183,4.4,1.16,2.13,0.008918324792280163,37.46430130004883,37.02621440887451,0.015792512396664633,1.0137650569820402,1.0257597258750064,0.0,0.0,1
2017-08-30,38.08258438110352,38.20847565209221,37.910063287850285,38.18749436648676,109078400,245.183,4.4,1.16,2.15,0.00270102264622496,37.621437072753906,37.10576858520508,0.012159446901423628,1.0122575676058794,1.0263251735011338,0.0,0.0,1
2017-08-31,38.23410415649414,38.35533523890325,38.11287307408504,38.15017549288083,107140400,245.183,4.4,1.16,2.12,0.003978715674186173,37.84197998046875,37.21112747192383,0.01181834254742589,1.010362147441222,1.0274911499347112,0.0,0.0,1
2017-09-01,38.24577331542969,38.45326319213896,38.14785710413093,38.42062445503937,66364400,246.435,4.3,1.15,2.16,0.00030520288608792967,38.037347412109376,37.30754928588867,0.011818196011824707,1.0054795067874254,1.0251483693649075,0.005106389920997767,-0.022727272727272818,0
2017-09-05,37.786495208740234,38.29239738351499,37.43212925668109,38.17582996377826,117874000,246.435,4.3,1.15,2.07,-0.01200859773187446,38.065791320800784,37.35290794372558,0.011847194790477423,0.9926628055697891,1.0116078583672221,0.005106389920997767,-0.022727272727272818,0
2017-09-06,37.74685287475586,37.99863886264556,37.42279567464267,37.933361409195015,86606800,246.435,4.3,1.15,2.1,-0.0010491138107776576,38.019161987304685,37.38153896331787,0.011749667383467697,0.9928375824632917,1.0097725754896412,0.005106389920997767,-0.022727272727272818,0
2017-09-07,37.59532165527344,37.823796351489214,37.38550172981959,37.78882399234343,87714000,246.435,4.3,1.15,2.05,-0.004014406710546203,37.92170944213867,37.39121437072754,0.011728011702627002,0.9913931151399374,1.0054586963269556,0.005106389920997767,-0.022727272727272818,0
2017-09-08,36.982177734375,37.56967492105878,36.958862829370304,37.50206738831323,114446000,246.435,4.3,1.15,2.06,-0.016309048410879434,37.67132415771484,37.42979831695557,0.009848003861211273,0.9817063392713603,0.9880410634652605,0.005106389920997767,-0.022727272727272818,1
2017-09-11,37.65127944946289,37.77950433243373,37.2759321869604,37.41814459219067,126323200,246.435,4.3,1.15,2.14,0.01809254500623858,37.552425384521484,37.47665843963623,0.010173557287173595,1.0026324282367698,1.0046594605041408,0.005106389920997767,-0.022727272727272818,0
2017-09-12,37.5020637512207,38.224783048013585,37.01481287713145,37.910049647749496,286856000,246.435,4.3,1.15,2.17,-0.0039630976801856566,37.49553909301758,37.488430976867676,0.009699396029720395,1.0001740115854032,1.0003636528389637,0.005106389920997767,-0.022727272727272818,0
2017-09-13,37.219966888427734,37.29224165973439,36.81431464047578,37.27125682555916,179629600,246.435,4.3,1.15,2.2,-0.007522169037531556,37.39016189575195,37.465699195861816,0.009515759131710811,0.9954481339824433,0.9934411391563934,0.005106389920997767,-0.022727272727272818,0
2017-09-14,36.90058517456055,37.16169507812137,36.856288982201704,37.06611248958219,95042800,246.435,4.3,1.15,2.2,-0.008580924180415894,37.251214599609376,37.4345760345459,0.009656507920849395,0.9905874364415354,0.9857353570802414,0.005106389920997767,-0.022727272727272818,1
2017-09-15,37.27359771728515,37.5277138279372,36.835303099019114,36.944876753585625,196458400,246.435,4.3,1.15,2.2,0.010108580689440094,37.3094985961914,37.45812282562256,0.008911193123164582,0.9990377549884866,0.9950738292680489,0.005106389920997767,-0.022727272727272818,0
2017-09-18,36.99148941040039,37.418126418881315,36.83528955877413,37.32720401099875,113077600,246.435,4.3,1.15,2.23,-0.007568582700937743,37.1775405883789,37.47176094055176,0.009080301741905678,0.9949956028550024,0.9871831075429491,0.005106389920997767,-0.022727272727272818,1
2017-09-19,37.0054817199707,37.24794387730473,36.937874200675346,37.18732655929405,83242400,246.435,4.3,1.15,2.24,0.00037825753418774255,37.078224182128906,37.489478492736815,0.009064904337972185,0.9980381352191817,0.9870897971317504,0.005106389920997767,-0.022727272727272818,0
2017-09-20,36.385353088378906,36.8959153563297,35.86312981059454,36.811986678781416,211805600,246.435,4.3,1.15,2.28,-0.01675775054853923,36.91130142211914,37.44623165130615,0.009045199163356915,0.985751021679635,0.9716692837664951,0.005106389920997767,-0.022727272727272818,0
2017-09-21,35.76055908203125,36.32241499630013,35.61135290120424,36.32241499630013,150046800,246.435,4.3,1.15,2.27,-0.017171580136382092,36.68329620361328,37.36941432952881,0.009703498687941658,0.9748458503712341,0.9569472715491218,0.005106389920997767,-0.022727272727272818,0
2017-09-22,35.41083908081055,35.4994314292816,35.100769418516045,35.32924049065519,186581600,246.435,4.3,1.15,2.26,-0.009779489196980351,36.31074447631836,37.28338680267334,0.0098449822991914,0.975216553433799,0.9497752784162696,0.005106389920997767,-0.022727272727272818,0
2017-09-25,35.09844970703125,35.39686200772558,34.774392432494984,34.96789477014689,177549200,246.435,4.3,1.15,2.22,-0.008821857428071622,35.93213653564453,37.174862480163576,0.00983977639714912,0.9767982950920198,0.9441447086928622,0.005106389920997767,-0.022727272727272818,1
2017-09-26,35.7022705078125,35.88411540480355,35.36422568942429,35.38520697199507,146640000,246.435,4.3,1.15,2.24,0.017203631665255292,35.67149429321289,37.07776222229004,0.01044704352841781,1.0008627677424062,0.9629025153613333,0.005106389920997767,-0.022727272727272818,1
2017-09-27,35.956382751464844,36.070620095370714,35.79551915443488,35.85613648511578,102016800,246.435,4.3,1.15,2.31,0.007117537345327607,35.58570022583008,36.97658138275146,0.010349918346664648,1.0104166146312248,0.9724096010735457,0.005106389920997767,-0.022727272727272818,0
2017-09-28,35.73491668701172,35.968051583747105,35.599698020022444,35.87712911631455,88022000,246.435,4.3,1.15,2.31,-0.006159297668620556,35.58057174682617,36.859197998046874,0.01029682135847808,1.0043378993818253,0.9694979442825986,0.005106389920997767,-0.022727272727272818,1
2017-09-29,35.93074035644531,35.93307398154975,35.43649563463179,35.71859035590698,105199200,246.435,4.3,1.15,2.33,0.0054798971870773094,35.68455200195312,36.74402980804443,0.01035663553579209,1.0068990176611636,0.9778660790379322,0.005106389920997767,-0.022727272727272818,0
2017-10-02,35.85845947265625,36.00766558760655,35.6043434195518,35.963369410810394,74795200,246.626,4.2,1.15,2.34,-0.0020116725420075143,35.836553955078124,36.62466411590576,0.010330042390627632,1.0006112618307437,0.9790795448437505,0.0007750522450138408,-0.023255813953488302,1
2017-10-03,36.014671325683594,36.15688372921722,35.88178630844872,35.905097659484454,64921200,246.626,4.2,1.15,2.33,0.0043563459034390295,35.899034118652345,36.53607292175293,0.010240572997713191,1.0032211787829457,0.9857291286563284,0.0007750522450138408,-0.023255813953488302,0
2017-10-04,35.78152084350586,35.87011318787319,35.543725957078856,35.81649319081855,80655200,246.626,4.2,1.15,2.33,-0.006473763985497372,35.864061737060545,36.43780632019043,0.010276120088915488,0.9976985068183342,0.9819888861882192,0.0007750522450138408,-0.023255813953488302,1
2017-10-05,36.226829528808594,36.238486984494706,35.914429637614404,35.944734753571076,85135200,246.626,4.2,1.15,2.35,0.012445214032414498,35.96244430541992,36.369381713867185,0.010804091311774929,1.0073517033809858,0.9960804341910426,0.0007750522450138408,-0.023255813953488302,0
2017-10-06,36.205848693847656,36.250144891592896,36.03332759667044,36.12891375418847,69630400,246.626,4.2,1.15,2.37,-0.0005791518395020789,36.01746597290039,36.33056526184082,0.010250409873104452,1.0052303157887066,0.9965671723769144,0.0007750522450138408,-0.023255813953488302,1
2017-10-09,36.33172607421875,36.53921590218833,36.25013102931436,36.32473231486565,65051600,246.626,4.2,1.15,2.37,0.0034767139816413994,36.11211929321289,36.264587593078616,0.009293117684631534,1.0060812487692223,1.0018513510175129,0.0007750522450138408,-0.023255813953488302,1
2017-10-10,36.34571075439453,36.83529521500408,36.15920577640464,36.38301317293429,62468000,246.626,4.2,1.15,2.35,0.00038491648173311077,36.17832717895508,36.206769943237305,0.009289259798576486,1.0046266256206788,1.0038374262983152,0.0007750522450138408,-0.023255813953488302,1
2017-10-11,36.49724578857422,36.59749202344709,36.310737277284304,36.36202720682288,67622400,246.626,4.2,1.15,2.35,0.004169268698683171,36.32147216796875,36.17063388824463,0.009259736606791821,1.0048393859090459,1.0090297532893318,0.0007750522450138408,-0.023255813953488302,0
2017-10-12,36.369041442871094,36.688435091547525,36.30609402892953,36.4506400741789,64500400,246.626,4.2,1.15,2.33,-0.003512712889235603,36.34991455078125,36.144056701660155,0.009107701344195787,1.0005261880894691,1.00622466766993,0.0007750522450138408,-0.023255813953488302,1
2017-10-13,36.59983825683594,36.66744579232641,36.46461962849979,36.539220924304615,65576800,246.626,4.2,1.15,2.28,0.0063459691212204294,36.42871246337891,36.110368728637695,0.008909704058515783,1.0046975526140007,1.0135548194447004,0.0007750522450138408,-0.023255813953488302,1
2017-10-16,37.27359771728515,37.30157275850037,36.753704485667825,36.81198819310298,96486000,246.626,4.2,1.15,2.3,0.018408809780009694,36.617086791992186,36.124474143981935,0.009737439557824188,1.0179290867409074,1.0318101121340377,0.0007750522450138408,-0.023255813953488302,1
2017-10-17,37.41114807128906,37.50440058437659,37.12205958894918,37.25028446246104,75989200,246.626,4.2,1.15,2.3,0.003690289170560135,36.83017425537109,36.144757461547854,0.009764728527717806,1.0157743976960207,1.035036633212671,0.0007750522450138408,-0.023255813953488302,0
2017-10-18,37.24562072753906,37.467101671243675,37.20832185675938,37.39949057557953,65496800,246.626,4.2,1.15,2.34,-0.004424545951772885,36.97984924316406,36.18777084350586,0.008968454683401262,1.0071869271999299,1.0292322477835918,0.0007750522450138408,-0.023255813953488302,0
2017-10-19,36.36436462402344,36.62081432355264,36.140557211120395,36.54387941369388,170336800,246.626,4.2,1.15,2.33,-0.02366066362438235,36.97891387939453,36.217961120605466,0.00975153542302686,0.9833810896292026,1.0040422900375439,0.0007750522450138408,-0.023255813953488302,1
2017-10-20,36.42732238769531,36.77702468261719,36.35971484258026,36.51125108077079,95896400,246.626,4.2,1.15,2.39,0.0017313038278767845,36.944410705566405,36.268785285949704,0.009423284977778381,0.9860036116967165,1.0043711720835333,0.0007750522450138408,-0.023255813953488302,0
2017-10-23,36.40867614746094,36.76304218413668,36.252476194598465,36.57653355655175,87937200,246.626,4.2,1.15,2.38,-0.000511875125926764,36.771426391601565,36.33429660797119,0.009124618712962829,0.990134996660791,1.0020470890159858,0.0007750522450138408,-0.023255813953488302,1
2017-10-24,36.62548828125,36.70008958734267,36.415664770818275,36.43664605465474,71028800,246.626,4.2,1.15,2.42,0.005954957903740787,36.61429443359375,36.38045749664307,0.00845184621562412,1.0003057234293167,1.006735230985744,0.0007750522450138408,-0.023255813953488302,0
2017-10-25,36.4646110534668,36.730384554978386,36.1988375519552,36.5811784411009,84828400,246.626,4.2,1.15,2.44,-0.004392493734085234,36.458092498779294,36.40586891174316,0.008427520666181108,1.0001787958239374,1.0016135349458637,0.0007750522450138408,-0.023255813953488302,1
2017-10-26,36.697757720947266,36.795673931407954,36.55088162657848,36.65579159797525,68002000,246.626,4.2,1.15,2.46,0.0063937790845653986,36.52477111816406,36.45401096343994,0.008354099093906048,1.0047361447447147,1.0066864180666368,0.0007750522450138408,-0.023255813953488302,1
2017-10-27,38.01263046264648,38.14085531617906,36.998492643399054,37.13604132384546,177816800,246.626,4.2,1.15,2.42,0.035829784252694896,36.8418327331543,36.55810546875,0.01135770298997064,1.0317790305919978,1.0397866622256946,0.0007750522450138408,-0.023255813953488302,1
2017-10-30,38.86823654174805,39.1829699641332,38.16883209854099,38.20846459010681,178803200,246.626,4.2,1.15,2.37,0.022508468072009347,37.333744812011716,36.70859432220459,0.012100863739935857,1.041102004030483,1.0588320598873249,0.0,0.0,1
2017-10-31,39.40911865234375,39.55133107180744,38.919537537485446,39.14334503074754,144187200,246.626,4.2,1.15,2.38,0.013915787252522849,37.89047088623047,36.878316688537595,0.012298411458590206,1.0400799391137987,1.0686257451819317,0.0,0.0,0
2017-11-01,38.90787124633789,39.61893318218024,38.609458951518015,39.60261203671337,134551200,247.284,4.2,1.16,2.37,-0.01271907170590958,38.37912292480469,37.0346342086792,0.012667721186301956,1.0137769777222154,1.0505806815075736,0.002668007428251684,0.0,1
2017-11-02,39.192291259765625,39.28321368921502,38.53251935074372,38.84025899340612,165573600,247.284,4.2,1.16,2.35,0.007310089303703693,38.87802963256836,37.182907295227054,0.012544803280080497,1.0080832704272134,1.0540405285843935,0.002668007428251684,0.0,1
2017-11-03,40.215763092041016,40.62607916236106,39.894035848950885,40.56546537979789,237594400,247.284,4.2,1.16,2.34,0.02611411069314218,39.31865615844727,37.38340301513672,0.013419654220923156,1.0228163172713371,1.0757651751435646,0.002668007428251684,0.0,1
2017-11-06,40.623741149902344,40.79626219210494,40.03391035782357,40.185446563274354,140105200,247.284,4.2,1.16,2.32,0.010144729988775802,39.66975708007813,37.5980037689209,0.013453435856573265,1.024048144986078,1.0804760114281007,0.002668007428251684,0.0,1
2017-11-07,40.754302978515625,40.85688288274763,40.47221179923316,40.54448303429965,97446000,247.284,4.2,1.16,2.32,0.0032139292176833756,39.9387939453125,37.818433380126955,0.013409588740689107,1.0204189699448558,1.0776306508754387,0.002668007428251684,0.0,1
2017-11-08,41.08768081665039,41.08768081665039,40.64239246904859,40.7193273843951,97638000,247.284,4.2,1.16,2.32,0.00818018745923621,40.374755859375,38.04795513153076,0.013413507422108461,1.0176576908541195,1.0798919593605327,0.002668007428251684,0.0,0
2017-11-09,41.00375747680664,41.05504742704472,40.36496672397675,40.82424265097337,117930400,247.284,4.2,1.16,2.33,-0.002042542635060096,40.7370491027832,38.27969093322754,0.013362413094012258,1.006547071520829,1.071162187498608,0.002668007428251684,0.0,0
2017-11-10,40.86804962158203,41.0341719661069,40.77446188137926,40.97099827789114,100582000,247.284,4.2,1.16,2.4,-0.003309644373479026,40.867506408691405,38.49310150146484,0.013526461911947346,1.0000132920488272,1.0616980193198204,0.002668007428251684,0.0,0
2017-11-13,40.70426559448242,40.82827094555374,40.570899328154894,40.59429804615229,67928400,247.284,4.2,1.16,2.4,-0.004007630132002116,40.88361129760742,38.66463489532471,0.013338125405890319,0.9956132617096989,1.0527518416940838,0.002668007428251684,0.0,0
2017-11-14,40.088924407958984,40.58962637830053,40.05148787911344,40.48667770904722,99130000,247.284,4.2,1.16,2.38,-0.015117363685020035,40.750535583496095,38.7985237121582,0.01404232829610349,0.9837643563191582,1.0332590153525973,0.002668007428251684,0.0,0
2017-11-15,39.56014251708984,39.850270228825735,39.3963621839097,39.76837827716392,116632400,247.284,4.2,1.16,2.33,-0.013190223950337976,40.44502792358398,38.91424980163574,0.014435792712148905,0.97812128086137,1.0165978457440787,0.002668007428251684,0.0,1
2017-11-16,40.032772064208984,40.21292866021531,39.84559299536479,40.05148675796399,94550000,247.284,4.2,1.16,2.37,0.011947114369342149,40.250830841064456,39.09767017364502,0.013092710037666445,0.9945825024651912,1.0239170745062527,0.002668007428251684,0.0,0
2017-11-17,39.81048583984375,40.100613508945926,39.691160951092115,40.018721569317975,87598000,247.284,4.2,1.16,2.35,-0.005552606349835232,40.0393180847168,39.26682834625244,0.013285313809464804,0.9942848116346819,1.0138452102318367,0.002668007428251684,0.0,0
2017-11-20,39.77071762084961,39.90642234859549,39.67244941871851,39.8432486578885,65049600,247.284,4.2,1.16,2.37,-0.0009989382986714812,39.85260848999023,39.434930419921876,0.013295491665863968,0.9979451566097313,1.0085149687688582,0.002668007428251684,0.0,1
2017-11-21,40.51006317138672,40.64108740931225,39.95788704717005,39.95788704717005,100525200,247.284,4.2,1.16,2.36,0.018590198889182563,39.93683624267578,39.629159164428714,0.013662926624690536,1.0143533384874988,1.0222286827561233,0.002668007428251684,0.0,1
2017-11-22,40.93589782714844,40.94525517175338,40.48900875672528,40.56153978037809,102355600,247.284,4.2,1.16,2.32,0.01051182403641615,40.2119873046875,39.85272350311279,0.013521309713096783,1.0180023562868417,1.027179430383247,0.002668007428251684,0.0,1
2017-11-24,40.93824005126953,41.062245407058306,40.863367006944024,40.96865767179468,56106800,247.284,4.2,1.16,2.34,5.721687431847755e-05,40.39308090209961,40.0647476196289,0.013582885978260949,1.013496349795432,1.0218020200684523,0.002668007428251684,0.0,0
2017-11-27,40.73235321044922,40.963987734408754,40.55687348415556,40.956968830968535,82867200,247.284,4.2,1.16,2.32,-0.005029205959085403,40.5774543762207,40.200733757019044,0.011739625280944048,1.0038173620452469,1.0132241231377364,0.002668007428251684,0.0,0
2017-11-28,40.49370574951172,40.9148542614237,40.21059687014083,40.78149151802341,105715200,247.284,4.2,1.16,2.34,-0.005858916613643572,40.722052001953124,40.28200721740723,0.011016931014601099,0.994392565177451,1.005255411701853,0.002668007428251684,0.0,0
2017-11-29,39.65371322631836,40.45858031239413,39.11089813091454,40.390729764271896,166665600,247.284,4.2,1.16,2.37,-0.02074377999359789,40.55078201293945,40.294236946105954,0.011762552147625375,0.9778778918163689,0.9841038379596491,0.002668007428251684,0.0,1
2017-11-30,40.208251953125,40.276102536188226,39.41040335529264,39.87600723010315,166108800,247.284,4.2,1.16,2.42,0.013984534654842617,40.405252838134764,40.359255981445315,0.011713480793676132,0.9951243744025323,0.9962585031698865,0.0,0.0,0
2017-12-01,40.02106857299805,40.166130640564205,39.42443691456497,39.76369693362898,159037200,247.805,4.1,1.3,2.37,-0.004655347373598184,40.22181854248047,40.400694847106934,0.011717977116926098,0.9950089285677026,0.9906034716594467,0.0021068892447551058,-0.023809523809523947,0
2017-12-04,39.728607177734375,40.38840903284762,39.68883220509846,40.35565296302134,130169600,247.805,4.1,1.3,2.37,-0.007307685818788823,40.0210693359375,40.3763370513916,0.010256796585830653,0.9926922952570759,0.9839576860864623,0.0021068892447551058,-0.023809523809523947,0
2017-12-05,39.6911735534668,40.13104386915621,39.40104579224594,39.55546880564466,109400800,247.805,4.1,1.3,2.36,-0.000942233491854183,39.86056289672852,40.329708671569826,0.009942630281519616,0.9957504528046787,0.9841671279278752,0.0021068892447551058,-0.023809523809523947,0
2017-12-06,39.54376602172851,39.82219439660401,38.9471378700168,39.19046816116915,114240000,247.805,4.1,1.3,2.33,-0.0037138617617269443,39.83857345581055,40.26918182373047,0.00990453589195707,0.9925999500356346,0.981985832114064,0.0021068892447551058,-0.023809523809523947,1
2017-12-07,39.616302490234375,39.878351057626205,39.52037272176273,39.548448333942154,102693200,247.805,4.1,1.3,2.37,0.001834333848374614,39.720183563232425,40.19561290740967,0.009678525924157787,0.9973846779224301,0.9855877202691316,0.0021068892447551058,-0.023809523809523947,1
2017-12-08,39.62799453735352,40.00937156075876,39.49931228026131,39.8900466501275,93420800,247.805,4.1,1.3,2.38,0.0002951322153810221,39.64156875610352,40.12682476043701,0.009689262945950277,0.9996575761460524,0.9875686594675364,0.0021068892447551058,-0.023809523809523947,1
2017-12-11,40.400108337402344,40.45158267136319,39.49229216043162,39.58822192555354,141095200,247.805,4.1,1.3,2.39,0.01948404932076553,39.77586898803711,40.103427696228025,0.010765790186279682,1.0156939210945455,1.007397887368172,0.0021068892447551058,-0.023809523809523947,0
2017-12-12,40.17314529418945,40.33458716270803,40.11699408436946,40.27843238274499,77636800,247.805,4.1,1.3,2.4,-0.005617882044211431,39.87226333618164,40.076871681213376,0.01079920943549327,1.0075461469410687,1.0024022237499441,0.0021068892447551058,-0.023809523809523947,1
2017-12-13,40.30652618408203,40.60366929758717,40.24335247996725,40.3603389697346,95273600,247.805,4.1,1.3,2.36,0.0033201505362805417,40.02481536865234,40.08775177001953,0.010268746112924918,1.0070384038710727,1.0054573879652218,0.0021068892447551058,-0.023809523809523947,0
2017-12-14,40.2948112487793,40.50772743470711,40.16144498831584,40.33692465515115,81906000,247.805,4.1,1.3,2.35,-0.0002906461164435825,40.16051712036133,40.12448520660401,0.009768382601345878,1.0033439342430648,1.004244940247788,0.0021068892447551058,-0.023809523809523947,1
2017-12-15,40.70426559448242,40.75105946033409,40.35096780163774,40.62471566552028,160677200,247.805,4.1,1.3,2.35,0.010161465782161372,40.37577133178711,40.15805988311767,0.009670399207888866,1.0081359253795035,1.0136013969039968,0.0021068892447551058,-0.023809523809523947,1
2017-12-18,41.27750396728515,41.46000256744993,40.91250676695561,40.91718722520547,117684400,247.805,4.1,1.3,2.39,0.014083004924192233,40.55125045776367,40.23141078948974,0.009975286867147652,1.0179095219339267,1.0260019014314232,0.0021068892447551058,-0.023809523809523947,0
2017-12-19,40.8376350402832,41.03651346570218,40.732347932179394,40.952283065190386,109745600,247.805,4.1,1.3,2.46,-0.010656383858640539,40.68414840698242,40.284756660461426,0.010347662600070952,1.0037726396965565,1.0137242576511432,0.0021068892447551058,-0.023809523809523947,0
2017-12-20,40.793182373046875,41.0435315553513,40.53581071820715,40.91484572793144,93902400,247.805,4.1,1.3,2.49,-0.0010885220751024605,40.78147964477539,40.298912620544435,0.009527697336143144,1.0002869618359467,1.0122650890647222,0.0021068892447551058,-0.023809523809523947,1
2017-12-21,40.947601318359375,41.18391626326869,40.73468866472213,40.75106491339718,83799600,247.805,4.1,1.3,2.48,0.0037854106085757344,40.9120376586914,40.29949779510498,0.009266796701600032,1.0008692712879437,1.016082173692326,0.0021068892447551058,-0.023809523809523947,0
2017-12-22,40.947601318359375,41.043531076785065,40.82827640894882,40.870389822807745,65397600,247.805,4.1,1.3,2.48,0.0,40.9607048034668,40.29996585845947,0.00926680482671967,0.9996800962002413,1.0160703724210216,0.0021068892447551058,-0.023809523809523947,0
2017-12-26,39.90875244140625,40.11932658733625,39.70051316868228,39.962565199563024,132742000,247.805,4.1,1.3,2.47,-0.02537020102536125,40.686954498291016,40.258785820007326,0.010837044086429248,0.9808734257336107,0.9913054164085813,0.0021068892447551058,-0.023809523809523947,1
2017-12-27,39.91578674316406,39.957900160542586,39.70755096023451,39.79880026803186,85992800,247.805,4.1,1.3,2.42,0.0001762596254577531,40.502584838867186,40.22988986968994,0.010777457638734913,0.9855120827957622,0.9921922946460132,0.0021068892447551058,-0.023809523809523947,1
2017-12-28,40.0280876159668,40.20824776415976,39.88770243579035,40.00936935393371,65920800,247.805,4.1,1.3,2.43,0.002813445054342223,40.34956588745117,40.24860858917236,0.009700852539337224,0.9920326708747973,0.9945210286532764,0.0021068892447551058,-0.023809523809523947,0
2017-12-29,39.59523010253906,39.91343336712557,39.592891658953874,39.8970571217435,103999600,247.805,4.1,1.3,2.4,-0.010813844457936872,40.07909164428711,40.217957496643066,0.009470670209904405,0.9879273326341212,0.9845161854836616,0.0021068892447551058,-0.023809523809523947,1
2018-01-02,40.30418014526367,40.31354106279126,39.60226127674198,39.81283907938488,102223600,248.859,4.0,1.41,2.46,0.017904935541191547,39.95040740966797,40.23211307525635,0.010286333322673131,1.0088552973181968,1.001791282249394,0.004253344363511546,-0.024390243902438935,0
2018-01-03,40.29715347290039,40.83997234023749,40.2339833574163,40.367346060248224,118071600,248.859,4.0,1.41,2.44,-0.00017434103207047968,40.0280876159668,40.26054039001465,0.010127349681799075,1.0067219263511922,1.0009094036625208,0.004253344363511546,-0.024390243902438935,1
2018-01-04,40.48433303833008,40.587281691749936,40.262059483979016,40.369685025177354,89738400,248.859,4.0,1.41,2.46,0.004644982320043178,40.141796875,40.30019836425781,0.010154960144475507,1.008533154716435,1.0045690761223542,0.004253344363511546,-0.024390243902438935,1
2018-01-05,40.945255279541016,41.03182410540059,40.48900886331186,40.58025814655769,94640000,248.859,4.0,1.41,2.47,0.011385200313774213,40.32523040771484,40.37027282714844,0.010342553820815588,1.0153756064269766,1.0142427190139252,0.004253344363511546,-0.024390243902438935,0
2018-01-08,40.793182373046875,41.08798698392758,40.694910599276334,40.793182373046875,82271200,248.859,4.0,1.41,2.49,-0.003714054423544555,40.56482086181641,40.429116821289064,0.010415564928467798,1.005629545659979,1.0090050335100593,0.004253344363511546,-0.024390243902438935,0
2018-01-09,40.78850173950195,40.959300980538,40.57324707008062,40.83997607024875,86336000,248.859,4.0,1.41,2.55,-0.00011474058341709448,40.661685180664065,40.487142181396486,0.010418497200012037,1.0031188220132645,1.007443339832564,0.004253344363511546,-0.024390243902438935,0
2018-01-10,40.77913284301758,40.781474856775525,40.47730939010454,40.51474590880253,95839600,248.859,4.0,1.41,2.55,-0.00022969454833643432,40.7580810546875,40.506093406677245,0.009520973353831376,1.0005165058752847,1.0067407003089397,0.004253344363511546,-0.024390243902438935,1
2018-01-11,41.010772705078125,41.059908588629746,40.82593567106534,40.849330820735744,74670800,248.859,4.0,1.41,2.54,0.005680352815550682,40.86336898803711,40.54797477722168,0.009473296842610477,1.0036072335857615,1.0114135892211422,0.004253344363511546,-0.024390243902438935,1
2018-01-12,41.434268951416016,41.49744264769773,41.0973473314388,41.22135270960487,101672400,248.859,4.0,1.41,2.55,0.010326463472985381,40.96117172241211,40.60436191558838,0.009687800835054607,1.0115498949153607,1.020438864118907,0.004253344363511546,-0.024390243902438935,0
2018-01-16,41.223690032958984,41.97240267540656,41.21199067273534,41.623781733545634,118263600,248.859,4.0,1.41,2.54,-0.005082240468727628,41.04727325439453,40.65080585479736,0.009791170405153739,1.0042978927606492,1.0140928123345927,0.004253344363511546,-0.024390243902438935,1
2018-01-17,41.904544830322266,41.93963933476282,40.9616343961619,41.21432196841968,137547200,248.859,4.0,1.41,2.57,0.016516105104102285,41.27048187255859,40.71081981658936,0.010192641810699284,1.0153635947290762,1.0293220578487705,0.004253344363511546,-0.024390243902438935,1
2018-01-18,41.941993713378906,42.13853372334617,41.70568229669723,41.96773088312794,124773600,248.859,4.0,1.41,2.62,0.0008936711568703348,41.50305404663086,40.74404430389404,0.009753115114582286,1.0105760811301954,1.0294018286586826,0.004253344363511546,-0.024390243902438935,0
2018-01-19,41.75479888916016,42.01684735445012,41.50912666787953,41.78989339071057,129700400,248.859,4.0,1.41,2.64,-0.004463183736519216,41.651859283447266,40.78990249633789,0.009462751580382952,1.0024714288265593,1.02365527578569,0.004253344363511546,-0.024390243902438935,0
2018-01-22,41.4132080078125,41.59570660494731,41.31962026523079,41.48340059982055,108434400,248.859,4.0,1.41,2.66,-0.00818087717903826,41.647647094726565,40.82090377807617,0.009681569031353076,0.9943708923968541,1.0145098264594141,0.004253344363511546,-0.024390243902438935,1
2018-01-23,41.42255783081055,41.98409489474454,41.371087080839246,41.48339306556889,130756400,248.859,4.0,1.41,2.63,0.00022576910719607213,41.68742065429687,40.84465160369873,0.009656469036968252,0.9936464569088416,1.014148883744169,0.004253344363511546,-0.024390243902438935,0
2018-01-24,40.76275634765625,41.48339326253361,40.524103005097594,41.47169390424431,204420400,248.859,4.0,1.41,2.65,-0.015928554819073182,41.45906295776367,40.83540935516358,0.010342866991356416,0.9832049602564154,0.9982208331285373,0.004253344363511546,-0.024390243902438935,0
2018-01-25,40.03511047363281,40.93356571913233,39.899405738092184,40.83061705285022,166116000,248.859,4.0,1.41,2.63,-0.01785075248144441,41.07768630981445,40.8417272567749,0.009479433249326296,0.9746194119036217,0.9802501794776985,0.004253344363511546,-0.024390243902438935,1
2018-01-26,40.128700256347656,40.24334828963391,39.78944018537663,40.24334828963391,156572000,248.859,4.0,1.41,2.66,0.0023376926304845558,40.75246658325195,40.85237293243408,0.009491452652619496,0.9846937773538192,0.9822856636190189,0.004253344363511546,-0.024390243902438935,0
2018-01-29,39.298095703125,39.81283544569889,39.089859933941504,39.81283544569889,202561600,248.859,4.0,1.41,2.7,-0.02069851622197183,40.329444122314456,40.815873336791995,0.010560751698543596,0.9744269121076528,0.962814035090146,0.004253344363511546,-0.024390243902438935,0
2018-01-30,39.066463470458984,39.16005122173868,38.535343878079864,38.729541853621896,184192800,248.859,4.0,1.41,2.73,-0.005894235548100535,39.85822525024414,40.78943500518799,0.010372486775417413,0.9801355485645888,0.9577593674805778,0.004253344363511546,-0.024390243902438935,1
2018-01-31,39.17408752441406,39.41040247806591,38.95649440447249,39.04306324959199,129915600,248.859,4.0,1.41,2.72,0.0027548962561319,39.5404914855957,40.73293037414551,0.009461549309605095,0.990733449499101,0.9617301570151482,0.0,0.0,1
2018-02-01,39.255977630615234,39.452514033583086,39.01732424407224,39.11325400152449,188923200,249.529,4.1,1.42,2.78,0.002090415153898295,39.384664916992186,40.68087158203125,0.009490226041681685,0.9967325534786655,0.9649738588185659,0.0026922876006090224,0.02499999999999991,0
2018-02-02,37.55265808105469,39.026688364620185,37.45907033009402,38.839509292555,346375200,249.529,4.1,1.42,2.84,-0.04339006827414105,38.8694564819336,40.53428783416748,0.01324951308995773,0.9661225414486834,0.9264417876216023,0.0026922876006090224,0.02499999999999991,0
2018-02-05,36.614410400390625,38.34346951607353,36.499762425469704,37.22507964531474,290954000,249.529,4.1,1.42,2.77,-0.024984854031875003,38.33271942138672,40.31774559020996,0.01356698534501094,0.955173829383015,0.9081462731706262,0.0026922876006090224,0.02499999999999991,1
2018-02-06,38.14461898803711,38.30606093384665,36.03184302362693,36.226041047561246,272975200,249.529,4.1,1.42,2.79,0.041792522968775225,38.14835052490234,40.18531742095947,0.01720727109246711,0.9999021835331309,0.949217809789951,0.0026922876006090224,0.02499999999999991,0
2018-02-07,37.32804107666016,38.23117676302514,37.21807707998179,38.1586457232369,206434400,249.529,4.1,1.42,2.84,-0.02140742083786551,37.77914123535156,40.012294387817384,0.017658470960865976,0.9880595443956444,0.932914286665488,0.0026922876006090224,0.02499999999999991,0
2018-02-08,36.3008918762207,37.66963468893804,36.27281627231443,37.5035123688258,217562000,249.529,4.1,1.42,2.85,-0.027516825710998782,37.188124084472655,39.788382339477536,0.01836933853512872,0.9761420552906458,0.912349026067426,0.0026922876006090224,0.02499999999999991,1
2018-02-09,36.74490737915039,37.09259809366148,35.29540922724705,36.89995995166039,282690400,249.529,4.1,1.42,2.83,0.012231531512881144,37.026573944091794,39.575089073181154,0.01863824785925604,0.9923928537010552,0.9284857782935808,0.0026922876006090224,0.02499999999999991,1
2018-02-12,38.224945068359375,38.50215699971971,37.003322717140904,37.235901563137254,243278000,249.529,4.1,1.42,2.86,0.040278716011916904,37.348680877685545,39.41462287902832,0.02101298069740942,1.0234617172569906,0.9698163340463687,0.0026922876006090224,0.02499999999999991,1
2018-02-13,38.607872009277344,38.70419286398582,37.97591830186138,38.04639706346999,130196800,249.529,4.1,1.42,2.83,0.010017723772608678,37.441331481933595,39.28383197784424,0.021235104719920666,1.031156491534139,0.9827929218069121,0.0026922876006090224,0.02499999999999991,1
2018-02-14,39.319698333740234,39.35963546055641,38.26487927006366,38.3024648346151,162579600,249.529,4.1,1.42,2.91,0.018437336413978933,37.83966293334961,39.15458965301514,0.021332439145906792,1.0391133346773607,1.0042168410443904,0.0026922876006090224,0.02499999999999991,1
2018-02-15,40.64000701904297,40.66349755897296,39.702647367623015,39.88823804728054,204588800,249.529,4.1,1.42,2.9,0.033578810144883064,38.70748596191406,39.08949031829834,0.022842001942176657,1.049926287101942,1.0396658203552684,0.0026922876006090224,0.02499999999999991,0
2018-02-16,40.50844192504883,41.06992063350234,40.35339290200922,40.49199890679154,160704400,249.529,4.1,1.42,2.87,-0.0032373295096256305,39.46019287109375,39.02717247009277,0.022834791366755588,1.026564722006794,1.0379548238113119,0.0026922876006090224,0.02499999999999991,0
2018-02-20,40.37217712402344,40.938348059316176,40.27115672319348,40.419161773030865,135722000,249.529,4.1,1.42,2.88,-0.0033638618161990763,39.88963928222656,38.97512092590332,0.02278337704882559,1.0120968213922124,1.0358448201039863,0.0026922876006090224,0.02499999999999991,0
2018-02-21,40.188934326171875,40.90545828630088,40.174835705295834,40.60240425439604,149886400,249.529,4.1,1.42,2.94,-0.004538838648424637,40.20585174560547,38.91343975067139,0.02279450282600303,0.9995792299205439,1.0327777390966442,0.0026922876006090224,0.02499999999999991,1
2018-02-22,40.524879455566406,40.865522652890775,40.33928883126937,40.36043138630971,123967600,249.529,4.1,1.42,2.92,0.008359144999168455,40.4468879699707,38.90154590606689,0.022618445152838937,1.0019282444091522,1.0417292812326604,0.0026922876006090224,0.02499999999999991,1
2018-02-23,41.22966003417969,41.2648976259703,40.76920185482098,40.799743490838885,135249600,249.529,4.1,1.42,2.88,0.017391305984908234,40.56481857299805,38.96127338409424,0.02253130358528395,1.016389607659288,1.058221573707894,0.0026922876006090224,0.02499999999999991,1
2018-02-26,42.04486083984375,42.1435296918628,41.39646399027595,41.42935360761563,152648800,249.529,4.1,1.42,2.86,0.01977219324603352,40.87210235595703,39.057081413269046,0.022891181266438736,1.0286933731392898,1.0764977647705047,0.0026922876006090224,0.02499999999999991,0
2018-02-27,41.90858459472656,42.39958066305348,41.854552443613976,42.07538417168006,155712400,249.529,4.1,1.42,2.9,-0.0032412105164597582,41.17938385009766,39.18760585784912,0.022281394048129788,1.0177079080950644,1.069434676533893,0.0026922876006090224,0.02499999999999991,0
2018-02-28,41.84517288208008,42.43249005630509,41.82872986524554,42.112989370138706,151128400,249.529,4.1,1.42,2.87,-0.0015130960222040635,41.5106315612793,39.326541328430174,0.022206033823461927,1.0080591720293852,1.0640440646080696,0.0026922876006090224,0.02499999999999991,0
2018-03-01,41.11219787597656,42.235147908327306,40.562469918991304,41.943837330028686,195208000,249.577,4.0,1.51,2.81,-0.017516357458219667,41.62809524536133,39.423446846008304,0.02270723761492875,0.9876069907512222,1.0428362095421204,0.002885167906324426,0.0,1
2018-03-02,41.39646911621094,41.4176116761117,40.51314171022488,40.59536755610546,153816000,249.577,4.0,1.51,2.86,0.0069145230593590234,41.66145706176758,39.53047142028809,0.02272646021322648,0.9936394940492895,1.047204033467842,0.000192362410782021,-0.024390243902438935,1
2018-03-05,41.539756774902344,41.75588899178021,40.99942444035851,41.16152449919149,113605600,249.577,4.0,1.51,2.88,0.0034613497660671566,41.5604362487793,39.72982635498047,0.019948407420955137,0.9995024240421067,1.045555960998933,0.000192362410782021,-0.024390243902438935,0
2018-03-06,41.5045166015625,41.875701369248965,41.37765770904358,41.79582711897045,95154000,249.577,4.0,1.51,2.88,-0.0008483480905004948,41.47962265014648,39.97433166503906,0.018715261718320064,1.0006001489364063,1.038279187488248,0.000192362410782021,-0.024390243902438935,0
2018-03-07,41.11924362182617,41.31188534708122,40.940700517810946,41.098101067014966,126814000,249.577,4.0,1.51,2.89,-0.009282675990058942,41.3344367980957,40.12306289672851,0.01704979347370456,0.9947938524644554,1.0248281325795514,0.000192362410782021,-0.024390243902438935,1
2018-03-08,41.56796646118164,41.61025158273074,41.12865430315472,41.2249716082499,95096400,249.577,4.0,1.51,2.86,0.010912721145417414,41.42559051513672,40.33505916595459,0.016025920162130204,1.0034369080627323,1.0305666415451227,0.000192362410782021,-0.024390243902438935,1
2018-03-09,42.282135009765625,42.286834550653744,41.67367530628129,41.807585336347394,128740800,249.577,4.0,1.51,2.9,0.01718074299475081,41.60272369384766,40.634121322631835,0.014188358625986296,1.0163309335445851,1.040557384618919,0.000192362410782021,-0.024390243902438935,1
2018-03-12,42.69090270996094,42.84830325175137,42.33616449649583,42.35495548786584,128828400,249.577,4.0,1.51,2.87,0.009667622037082602,41.832952880859374,40.93142108917236,0.014157281773029079,1.020508947373259,1.0429860868244816,0.000192362410782021,-0.024390243902438935,0
2018-03-13,42.2797966003418,43.109088312159365,42.10830095845635,42.8953039621089,126774000,249.577,4.0,1.51,2.84,-0.009629829390401246,41.98800888061523,41.13416366577148,0.012385725512622112,1.0069493107081169,1.0278511298753745,0.000192362410782021,-0.024390243902438935,0
2018-03-14,41.920352935791016,42.409001275131494,41.77234785465769,42.362016616189074,117473600,249.577,4.0,1.51,2.81,-0.00850154668312375,42.148230743408206,41.29978771209717,0.012689312117448871,0.9945934193773287,1.0150258695763725,0.000192362410782021,-0.024390243902438935,1
2018-03-15,41.96968460083008,42.34322105481381,41.83343016846324,41.93444700361445,90975200,249.577,4.0,1.51,2.82,0.0011767950788634796,42.22857437133789,41.43228702545166,0.012249383416409588,0.9938693225058639,1.0129705023294586,0.000192362410782021,-0.024390243902438935,0
2018-03-16,41.82168197631836,42.080099379873786,41.727709078453145,41.96968346531936,157618800,249.577,4.0,1.51,2.85,-0.0035264173633745566,42.13648376464844,41.49137077331543,0.010038368116694715,0.9925289971966244,1.0079609614444303,0.000192362410782021,-0.024390243902438935,0
2018-03-19,41.182674407958984,41.69246520374782,40.79739454647945,41.65722761279198,133787200,249.577,4.0,1.51,2.85,-0.015279336893270212,41.83483810424805,41.525082397460935,0.010677137286170972,0.9844109903171147,0.9917541888002879,0.000192362410782021,-0.024390243902438935,0
2018-03-20,41.16859436035156,41.53507977851933,41.09811556808077,41.16859436035156,78597600,249.577,4.0,1.51,2.89,-0.00034189250236504876,41.61259765625,41.564903259277344,0.010635223360410142,0.9893300750035788,0.9904652996194012,0.000192362410782021,-0.024390243902438935,0
2018-03-21,40.235931396484375,41.13335029556511,40.23357983326294,41.12160323355802,148219600,249.577,4.0,1.51,2.89,-0.02265471965604471,41.27571334838867,41.56725311279297,0.011838000341563926,0.9748088677928353,0.967971862064206,0.000192362410782021,-0.024390243902438935,0
2018-03-22,39.66740036010742,40.56716704796147,39.60866864715772,39.937564805796335,165963200,249.577,4.0,1.51,2.83,-0.014129933535641404,40.81525650024414,41.52437915802002,0.012080308072910726,0.9718767872957051,0.9552797938086947,0.000192362410782021,-0.024390243902438935,0
2018-03-23,38.748836517333984,39.91877126601318,38.748836517333984,39.55933346018585,164115200,249.577,4.0,1.51,2.82,-0.02315664335032186,40.200687408447266,41.40033798217773,0.012232960494763015,0.963884923748637,0.9359545937527085,0.000192362410782021,-0.024390243902438935,1
2018-03-26,40.58831024169922,40.66583652732721,39.101222947632834,39.48415483536228,150164800,249.577,4.0,1.51,2.85,0.04747171501632996,40.08181457519531,41.32751045227051,0.015952567923808295,1.0126365453229094,0.9821136041711247,0.000192362410782021,-0.024390243902438935,0
2018-03-27,39.547603607177734,41.1474556320794,39.214007753963806,40.80211271391902,163690400,249.577,4.0,1.51,2.78,-0.025640550895668857,39.757616424560545,41.20946140289307,0.01683276605176242,0.9947176708195948,0.9596729066786913,0.000192362410782021,-0.024390243902438935,0
2018-03-28,39.110626220703125,39.94226938848122,38.80757212089568,39.291520923138435,166674000,249.577,4.0,1.51,2.77,-0.011049402406655529,39.532555389404294,41.07273406982422,0.01693031599918245,0.9893270454048549,0.9522284577942758,0.000192362410782021,-0.024390243902438935,1
2018-03-29,39.41603469848633,40.348694771240936,39.20929788093871,39.42308221865727,153594000,249.577,4.0,1.51,2.74,0.007808836300901234,39.48228225708008,40.987925910949706,0.016752376240662444,0.9983220939923788,0.9616498962187434,0.0,0.0,0
2018-04-02,39.15761184692383,39.68854890632688,38.63842543352329,39.14821634870157,150347200,250.227,4.0,1.69,2.73,-0.006556287397738281,39.56403732299805,40.87598304748535,0.01664673656761649,0.9897274013580518,0.9579613486343485,0.002604406656061986,0.0,1
2018-04-03,39.559329986572266,39.643903791381845,38.734738078203186,39.38313485861057,121112000,250.227,4.0,1.69,2.79,0.010259005100179408,39.35824127197266,40.776961708068846,0.016846193485394165,1.005109189539493,0.9701392239516551,0.002604406656061986,0.0,1
2018-04-04,40.3158073425293,40.40977667305489,38.70890813152043,38.73475023512,138422000,250.227,4.0,1.69,2.79,0.019122602840184744,39.51188201904297,40.717526245117185,0.017515720883156845,1.0203464194162877,0.9901340051905521,0.002604406656061986,0.0,1
2018-04-05,40.595367431640625,40.93131116470009,40.426219783553385,40.54368322890842,107732800,250.227,4.0,1.69,2.83,0.006934255011592505,39.80883026123047,40.69133243560791,0.017502453105583883,1.0197578568686596,0.9976416352519508,0.002604406656061986,0.0,0
2018-04-06,39.556983947753906,40.52018187700721,39.51469525092662,40.165443625813566,140021200,250.227,4.0,1.69,2.77,-0.025578866495919117,39.83702011108399,40.590783309936526,0.01814089034737104,0.9929704540513018,0.9745311797929864,0.002604406656061986,0.0,1
2018-04-09,39.94931411743164,40.66349020989333,39.90232946136302,39.90937698053834,116070800,250.227,4.0,1.69,2.78,0.009918101192849083,39.99536056518555,40.47414226531983,0.01779944362152594,0.9988487052722312,0.9870330013555869,0.002604406656061986,0.0,1
2018-04-10,40.701080322265625,40.877275475175864,40.29700581814884,40.64234860462888,113634400,250.227,4.0,1.69,2.8,0.018818000294677395,40.22371063232422,40.37465114593506,0.018245657871832143,1.011867868041935,1.0080850030171327,0.002604406656061986,0.0,0
2018-04-11,40.51078414916992,40.8584748625263,40.336937000142214,40.46144793637185,89726400,250.227,4.0,1.69,2.79,-0.004675457545327166,40.26270599365235,40.286200523376465,0.018173347227077568,1.0061614873962195,1.0055747035678666,0.002604406656061986,0.0,1
2018-04-12,40.910160064697266,41.11219729191981,40.651739104982695,40.7386644739953,91557200,250.227,4.0,1.69,2.83,0.009858508639495778,40.32566452026367,40.235690879821775,0.01828987648523546,1.0144943809702103,1.0167629577155772,0.002604406656061986,0.0,1
2018-04-13,41.04876327514648,41.309532195215816,40.842030106003335,41.06051033337822,100497200,250.227,4.0,1.69,2.82,0.00338798993281908,40.624020385742185,40.1896448135376,0.01831078736400538,1.0104554617039667,1.021376612448177,0.002604406656061986,0.0,1
2018-04-16,41.304840087890625,41.3917618744456,41.07226121814989,41.1192458707553,86313600,250.227,4.0,1.69,2.83,0.0062383563428618505,40.89512557983399,40.16380271911621,0.01836858157287099,1.0100186636487227,1.0284095949966243,0.002604406656061986,0.0,1
2018-04-17,41.87336730957031,42.03781540441986,41.44345070001389,41.46224528009664,106421600,250.227,4.0,1.69,2.82,0.0137641792213683,41.12958297729492,40.198337364196775,0.01828338621048252,1.0180839259344299,1.0416691349743592,0.002604406656061986,0.0,0
2018-04-18,41.779388427734375,42.00961931226193,41.55386066842869,41.77234090929976,83018000,250.227,4.0,1.69,2.87,-0.0022443593117589256,41.383303833007815,40.22887706756592,0.0182956246845351,1.0095711206704245,1.038542248086227,0.002604406656061986,0.0,0
2018-04-19,40.595367431640625,41.203827218251746,40.56247781032921,40.82089523929037,139235200,250.227,4.0,1.69,2.92,-0.028339835518218393,41.32034530639648,40.24684886932373,0.018720008151683166,0.9824546995098894,1.0086595242138954,0.002604406656061986,0.0,0
2018-04-20,38.93206405639648,40.22416127298418,38.863933286636446,40.07850782476311,261964400,250.227,4.0,1.69,2.96,-0.04097273852847916,40.89700546264648,40.210082054138184,0.02069095213958364,0.9519539050837182,0.9682164787422964,0.002604406656061986,0.0,0
2018-04-23,38.81931686401367,39.21399228063409,38.54914881565371,39.192849722893605,146062000,250.227,4.0,1.69,2.98,-0.0028959983272266454,40.39990081787109,40.21360607147217,0.0200203489518961,0.9608765387572872,0.9653279239623422,0.002604406656061986,0.0,0
2018-04-24,38.27898788452149,39.07538989520362,37.87491334848278,38.92033728806554,134768000,250.227,4.0,1.69,3.0,-0.013919074912755014,39.68102493286133,40.098139953613284,0.016861291080605415,0.9646673176735726,0.9546325073632782,0.002604406656061986,0.0,1
2018-04-25,38.445777893066406,38.861599424791336,38.15447089081557,38.20380352230031,113528400,250.227,4.0,1.69,3.03,0.004357220965404807,39.014302825927736,40.04304866790771,0.01603546988520297,0.985427781821504,0.9601111596649875,0.002604406656061986,0.0,1
2018-04-26,38.57968521118164,38.934423442282075,38.3799959671343,38.556191093752886,111852000,250.227,4.0,1.69,3.0,0.003483017523736587,38.611166381835936,40.01650161743164,0.015898551537679856,0.9991846614955122,0.9640944023546498,0.002604406656061986,0.0,0
2018-04-27,38.133331298828125,38.605533017528785,37.736304314562105,38.52800672018398,142623200,250.227,4.0,1.69,2.96,-0.011569661854683777,38.451419830322266,39.95236644744873,0.015951985086549582,0.991727521821098,0.9544699022769209,0.002604406656061986,0.0,1
2018-04-30,38.82401657104492,39.29387035128862,38.020567036992176,38.08869784255944,169709600,250.227,4.0,1.69,2.95,0.018112376986010092,38.45235977172852,39.93568668365479,0.016487651257100583,1.0096653833866824,0.9721634907290863,0.0,0.0,1
2018-05-01,39.726131439208984,39.7496219731945,38.8263611810119,39.09417764440143,214277600,250.792,3.8,1.7,2.97,0.023236000492459663,38.74178848266602,39.94402675628662,0.01716631657464362,1.0254077830450028,0.9945449836991375,0.002257949781598212,-0.050000000000000044,1
2018-05-02,41.48103713989258,41.758249112359714,40.83028873791382,41.166232425025626,266157600,250.792,3.8,1.7,2.97,0.044175096771480016,39.34884033203125,40.002288246154784,0.019379487884998804,1.054187030414862,1.036966607626001,0.002257949781598212,-0.050000000000000044,1
2018-05-03,41.55620574951172,41.69951125552429,40.980635747713265,41.31893094778877,136272800,250.792,3.8,1.7,2.94,0.0018121198215377277,39.94414443969727,40.05033016204834,0.019339147626166828,1.0403578880566122,1.0375995798628983,0.002257949781598212,-0.050000000000000044,1
2018-05-04,43.18661117553711,43.28528004044497,41.85692410066955,41.87571868227579,224805200,250.792,3.8,1.7,2.95,0.039233741305762626,40.95480041503906,40.2318115234375,0.020008231578364247,1.054494485087968,1.0734443600775534,0.002257949781598212,-0.050000000000000044,1
2018-05-07,43.49905014038086,44.08871515844912,43.40272928542785,43.50374609572096,169805600,250.792,3.8,1.7,2.95,0.007234625647606574,41.88980712890625,40.40929832458496,0.019979590378295567,1.0384160998049605,1.0764614072478487,0.002257949781598212,-0.050000000000000044,1
2018-05-08,43.70814895629883,43.74808609775909,43.14902180645542,43.45912702442904,113611200,250.792,3.8,1.7,2.97,0.004806974295833211,42.68621063232422,40.55965175628662,0.019693040465308186,1.02394071314451,1.077626337102961,0.002257949781598212,-0.050000000000000044,1
2018-05-09,44.015899658203125,44.02529515598114,43.51315628663752,43.82560946207637,92844800,250.792,3.8,1.7,3.0,0.007041037180778309,43.19318313598633,40.73490753173828,0.019603144817686224,1.0190473695728006,1.0805449754343615,0.002257949781598212,-0.050000000000000044,1
2018-05-10,44.64550018310547,44.72302647930248,44.084025114920664,44.10517125730131,111957200,250.792,3.8,1.7,2.97,0.014303934028189413,43.81104202270508,40.92167453765869,0.019694002011935656,1.0190467544681527,1.0909988578795788,0.002257949781598212,-0.050000000000000044,0
2018-05-11,44.475704193115234,44.82237867598851,44.20685496134849,44.6879558593665,104848800,250.792,3.8,1.7,2.97,-0.0038032050104455095,44.068860626220705,41.09302158355713,0.01978201851995172,1.0092319964962393,1.0823176899435314,0.002257949781598212,-0.050000000000000044,0
2018-05-14,44.37192153930664,44.69737182030801,44.30353163892593,44.57473780741277,83115200,250.792,3.8,1.7,3.0,-0.0023334684788343107,44.24343490600586,41.24637565612793,0.019828396045511554,1.0029040835905654,1.0757774673158307,0.002257949781598212,-0.050000000000000044,0
2018-05-15,43.96866226196289,44.11723805875026,43.65264721346762,44.04884454020393,94780800,250.792,3.8,1.7,3.08,-0.009088163490655332,44.29553756713867,41.35114040374756,0.019880783005659396,0.9926205815951474,1.063299871119833,0.002257949781598212,-0.050000000000000044,1
2018-05-16,44.378997802734375,44.44503427241562,43.864884220345424,43.88139423739613,76732400,250.792,3.8,1.7,3.09,0.009332454517873012,44.36815719604492,41.481120872497556,0.019899871990052848,1.000244333039156,1.0698601404514636,0.002257949781598212,-0.050000000000000044,0
2018-05-17,44.09836196899414,44.55116036327544,43.94978620265184,44.33655172267472,69176000,250.792,3.8,1.7,3.11,-0.006323618099436712,44.25872955322266,41.656270599365236,0.018631242934746706,0.9963765886222362,1.058624820092899,0.002257949781598212,-0.050000000000000044,0
2018-05-18,43.938018798828125,44.29176808261261,43.89557061206541,44.14555286350931,73190800,250.792,3.8,1.7,3.06,-0.0036360346055200887,44.15119247436523,41.906568336486814,0.015454803360762966,0.9951717345876699,1.0484757054318998,0.002257949781598212,-0.050000000000000044,1
2018-05-21,44.24930191040039,44.636067492860136,44.07950203531832,44.33655888007339,73603200,250.792,3.8,1.7,3.06,0.007084595985028086,44.126668548583986,42.17806758880615,0.015306813881754857,1.0027791212400587,1.0491069041328942,0.002257949781598212,-0.050000000000000044,0
2018-05-22,44.13846206665039,44.5440947186547,44.0488444625845,44.426178333735365,60962800,250.792,3.8,1.7,3.06,-0.0025048947432987356,44.16062850952149,42.4710412979126,0.014699207322211773,0.9994980496514827,1.0392601810029023,0.002257949781598212,-0.050000000000000044,1
2018-05-23,44.42145919799805,44.45447564073993,43.80829257733751,43.94743664180622,80233600,250.792,3.8,1.7,3.01,0.006411576618150505,44.16912078857422,42.76982536315918,0.01468511671525003,1.0057130050342569,1.0386168009996493,0.002257949781598212,-0.050000000000000044,0
2018-05-24,44.37192153930664,44.53464667980733,43.91440911918023,44.51814026186224,92936000,250.792,3.8,1.7,2.98,-0.001115174052941481,44.22383270263672,43.05943717956543,0.014784509615006106,1.0033486205880362,1.0304807597523378,0.002257949781598212,-0.050000000000000044,1
2018-05-25,44.47334671020508,44.72568591712509,44.254020350486186,44.39080379663419,69844000,250.792,3.8,1.7,2.93,0.0022857962283331368,44.33089828491211,43.376437950134275,0.014174673219897665,1.0032132988683753,1.0252881244267178,0.002257949781598212,-0.050000000000000044,0
2018-05-29,44.31296157836914,44.513420806841594,44.070054192443976,44.24221464928128,90056400,250.792,3.8,1.7,2.77,-0.003606320272702468,44.34363021850586,43.65088520050049,0.014176067694516944,0.999308386796805,1.0151675361181693,0.002257949781598212,-0.050000000000000044,0
2018-05-30,44.218658447265625,44.33657486979166,44.04885851094623,44.270541961058974,74762000,250.792,3.8,1.7,2.84,-0.002128116193198637,44.3596694946289,43.87551155090332,0.013749591415963963,0.9968211880528021,1.0078209206965985,0.0,0.0,0
2018-05-31,44.07006072998047,44.390793384002414,43.89790384612601,44.15260362418949,109931200,250.792,3.8,1.7,2.83,-0.0033605207055833475,44.28938980102539,44.00496273040771,0.010407118328747234,0.9950478190819453,1.0014793331373002,0.0,0.0,1
2018-06-01,44.86483383178711,44.86954789692039,44.27760885562374,44.334210023930105,93770000,251.018,4.0,1.82,2.89,0.018034309203162957,44.38797225952148,44.17039413452149,0.010922317092314433,1.0107430357367437,1.0157218361047604,0.0009011451720948305,0.05263157894736836,1
2018-06-04,45.23979568481445,45.614768883892694,45.12659697535202,45.194986887719175,105064800,251.018,4.0,1.82,2.94,0.008357589252045328,44.54126205444336,44.273053359985354,0.0072182894478051715,1.0156828432368457,1.0218359081079973,0.0009011451720948305,0.05263157894736836,1
2018-06-05,45.58882522583008,45.7374009997512,45.36478484827352,45.53222767273398,86264000,251.018,4.0,1.82,2.92,0.007715099852512841,44.796434783935545,44.377542114257814,0.007236180486511963,1.0176886943283865,1.0272949571757175,0.0009011451720948305,0.05263157894736836,1
2018-06-06,45.74683380126953,45.77041851462867,45.2610189336562,45.66429450155658,83734400,251.018,4.0,1.82,2.97,0.0034659497071209966,45.10206985473633,44.479476356506346,0.007218638525219029,1.014295662008636,1.0284930837450788,0.0009011451720948305,0.05263157894736836,0
2018-06-07,45.62420654296875,45.798720479292754,45.36007140934705,45.78457108970132,85388800,251.018,4.0,1.82,2.93,-0.002680562743063053,45.412899017333984,44.55989170074463,0.007210366537328671,1.0046530287695157,1.0238850410448,0.0009011451720948305,0.05263157894736836,0
2018-06-08,45.209136962890625,45.279887506824466,44.7539814876387,45.08414589463377,106627200,251.018,4.0,1.82,2.93,-0.009097573668206405,45.48175964355469,44.588073539733884,0.006972834042770293,0.9940058897720617,1.013928913582761,0.0009011451720948305,0.05263157894736836,0
2018-06-11,45.098297119140625,45.27281465481039,44.85775029790672,45.12659949697931,73234000,251.018,4.0,1.82,2.96,-0.0024517133304486904,45.453459930419925,44.61920318603516,0.006933840842859887,0.9921862315471037,1.0107373932947197,0.0009011451720948305,0.05263157894736836,1
2018-06-12,45.345916748046875,45.42374198027441,45.07942461331518,45.13602576362299,67644400,251.018,4.0,1.82,2.96,0.005490664719603133,45.40487823486328,44.66790294647217,0.006973219055765236,0.9987014283683039,1.0151789933453381,0.0009011451720948305,0.05263157894736836,0
2018-06-13,44.97330093383789,45.4874181569556,44.91198571944777,45.37893351770335,86553600,251.018,4.0,1.82,2.98,-0.008217185601943622,45.25017166137695,44.71813488006592,0.006908602932235331,0.9938813331005464,1.0057060978606627,0.0009011451720948305,0.05263157894736836,1
2018-06-14,44.996883392333984,45.17847559309577,44.86009998383357,45.17375793114149,86440400,251.018,4.0,1.82,2.94,0.0005243657460409779,45.12470703125,44.7490291595459,0.006635060142905888,0.9971673247911063,1.0055387622355874,0.0009011451720948305,0.05263157894736836,0
2018-06-15,44.534664154052734,44.8459651708129,44.39788070109959,44.81530575592877,246876800,251.018,4.0,1.82,2.93,-0.010272250063434352,44.98981246948242,44.770844268798825,0.0069085527946795115,0.9898833026757241,0.9947246892792976,0.0009011451720948305,0.05263157894736836,0
2018-06-18,44.511077880859375,44.62427660179374,44.147893403349705,44.308261556652305,73939600,251.018,4.0,1.82,2.92,-0.0005296160561977237,44.87236862182617,44.79949722290039,0.00684494319326758,0.9919484807229217,0.9935619960062055,0.0009011451720948305,0.05263157894736836,0
2018-06-19,43.79179763793945,43.94273050126758,43.263530817029334,43.66208886511294,134314000,251.018,4.0,1.82,2.89,-0.016159578180631406,44.561544799804686,44.77662200927735,0.007627163265982168,0.9827262011376992,0.9780058359218379,0.0009011451720948305,0.05263157894736836,1
2018-06-20,43.982810974121094,44.147893191048695,43.80121873623951,43.94743749853748,82514800,251.018,4.0,1.82,2.93,0.004361851910279935,44.36344680786133,44.76883945465088,0.007686105116809181,0.99142005725144,0.9824425093412126,0.0009011451720948305,0.05263157894736836,0
2018-06-21,43.737552642822266,44.4191092904368,43.61491857931583,44.159691771196826,102847600,251.018,4.0,1.82,2.9,-0.0055762313928305884,44.11158065795898,44.73464412689209,0.007614690178638199,0.9915208657328123,0.9777109776208004,0.0009011451720948305,0.05263157894736836,0
2018-06-22,43.610198974609375,43.90027229792236,43.55831547307075,43.89319760212371,108801600,251.018,4.0,1.82,2.9,-0.0029117694182139164,43.92668762207031,44.69655799865723,0.007629832233440241,0.9927950714111683,0.9756947945727613,0.0009011451720948305,0.05263157894736836,0
2018-06-25,42.96165084838867,43.610190899003925,42.62205111884842,43.251724117986754,126652400,251.018,4.0,1.82,2.87,-0.014871478265859328,43.61680221557617,44.62097320556641,0.008203149111058189,0.9849793810204285,0.9628129501000947,0.0009011451720948305,0.05263157894736836,1
2018-06-26,43.49462890625,43.989879081387414,43.04890518803509,43.15503279593732,98276800,251.018,4.0,1.82,2.88,0.012405902644249123,43.557368469238284,44.58005657196045,0.00876873978308069,0.9985596108031046,0.9756521693964572,0.0009011451720948305,0.05263157894736836,0
2018-06-27,43.430965423583984,44.16676254218602,43.40030601080136,43.68330462576194,101141200,251.018,4.0,1.82,2.83,-0.0014637090663134344,43.44699935913086,44.54067192077637,0.008765080208627086,0.9996309541330038,0.9750855465502137,0.0009011451720948305,0.05263157894736836,1
2018-06-28,43.746978759765625,43.91442160952756,43.3460637711596,43.41681432174242,69460800,251.018,4.0,1.82,2.84,0.007276221771713942,43.44888458251953,44.52451782226562,0.008926699317317856,1.006860801608841,0.9825368336249299,0.0009011451720948305,0.05263157894736836,0
2018-06-29,43.654998779296875,44.145531311824726,43.13616746940925,43.93327968606021,90950800,251.018,4.0,1.82,2.85,-0.0021025447488352,43.45784454345703,44.464026069641115,0.007812450418619762,1.0045366777370355,0.9818049024828046,0.0,0.0,1
2018-07-02,44.14318084716797,44.1714832295676,43.25645083330846,43.35078611043578,70925200,251.214,3.8,1.91,2.87,0.011182730077239356,43.69415054321289,44.40919532775879,0.008019751239223334,1.0102766685785776,0.9940099234262743,0.0007808204989283585,-0.050000000000000044,0
2018-07-03,43.37435531616211,44.32476093119673,43.28473772713927,44.28702683071112,55819200,251.214,3.8,1.91,2.83,-0.017416631884042966,43.67009582519531,44.29847183227539,0.008504346683193869,0.9932278484064472,0.9791388624056332,0.0007808204989283585,-0.050000000000000044,1
2018-07-05,43.723388671875,43.96158204295714,43.459257153905625,43.69037223212883,66416800,251.214,3.8,1.91,2.84,0.008046998120634585,43.728580474853516,44.197299575805665,0.00873080847780858,0.9998812720897378,0.9892773787430649,0.0007808204989283585,-0.050000000000000044,1
2018-07-06,44.32948684692383,44.43796790786526,43.67622905491156,43.72811255310879,69940800,251.214,3.8,1.91,2.82,0.013862104321266777,43.84508209228515,44.13256359100342,0.009439990611306912,1.0110480977916543,1.0044620851339021,0.0007808204989283585,-0.050000000000000044,1
2018-07-09,44.94500350952149,44.9685846241399,44.64313789363866,44.69030372139748,79026400,251.214,3.8,1.91,2.86,0.013885039200276061,44.10308303833008,44.11935691833496,0.009843351076424853,1.0190898325738293,1.0187139307745308,0.0007808204989283585,-0.050000000000000044,0
2018-07-10,44.89076614379883,45.110088877632826,44.85067140893668,44.97566607914282,63756400,251.214,3.8,1.91,2.87,-0.0012067496159205993,44.25260009765625,44.108980369567874,0.009832604502819729,1.014420984184755,1.0177239593316543,0.0007808204989283585,-0.050000000000000044,0
2018-07-11,44.30826568603515,44.7563465471134,44.244589825221624,44.45448086414058,75326000,251.214,3.8,1.91,2.85,-0.012975952691423265,44.43938217163086,44.057097816467284,0.010134053168533571,0.9970495430136872,1.0057009626601865,0.0007808204989283585,-0.050000000000000044,1
2018-07-12,45.05112838745117,45.14074598088069,44.645495783589865,44.69737927467831,72164400,251.214,3.8,1.91,2.85,0.016765781506319577,44.70493011474609,44.060989189147946,0.010733621458162017,1.007744073680833,1.0224720147351365,0.0007808204989283585,-0.050000000000000044,1
2018-07-13,45.121883392333984,45.24215680710404,45.02047343207802,45.062925201040784,50055600,251.214,3.8,1.91,2.83,0.0015705490054389593,44.863409423828124,44.06723918914795,0.010738135213803722,1.0057613536694021,1.0239326134922868,0.0007808204989283585,-0.050000000000000044,0
2018-07-16,45.02283477783203,45.43318149269543,44.90727542559399,45.16669291081307,60172400,251.214,3.8,1.91,2.85,-0.0021951347562495505,44.87897567749023,44.091647720336915,0.01047240617972324,1.0032054898350533,1.021119352658386,0.0007808204989283585,-0.050000000000000044,1
2018-07-17,45.15018844604492,45.249237789357274,44.61956465067832,44.74927340925029,62138000,251.214,3.8,1.91,2.86,0.0028286461490336645,44.930860137939455,44.12360324859619,0.010480304846039137,1.0048814624832938,1.0232661233867248,0.0007808204989283585,-0.050000000000000044,0
2018-07-18,44.902549743652344,45.23271772028795,44.791708074173755,45.22800005816581,65573600,251.214,3.8,1.91,2.88,-0.005484776717787354,45.04971694946289,44.17914085388183,0.0098242807268153,0.9967332268485585,1.0163744444954943,0.0007808204989283585,-0.050000000000000044,1
2018-07-19,45.251583099365234,45.40959058866547,44.73510887097634,44.73510887097634,81147200,251.214,3.8,1.91,2.84,0.007773129982718396,45.0898078918457,44.24257946014404,0.009909497071113478,1.003587844239824,1.022806166628014,0.0007808204989283585,-0.050000000000000044,0
2018-07-20,45.147823333740234,45.38129545886398,44.84831472637009,45.228005607044906,82704800,251.214,3.8,1.91,2.89,-0.0022929532740801895,45.09499588012695,44.31309299468994,0.009813359697302614,1.0011714704166668,1.018837103949172,0.0007808204989283585,-0.050000000000000044,1
2018-07-23,45.18790817260742,45.2704510650198,44.70445037102443,44.9685818691092,63957600,251.214,3.8,1.91,2.96,0.0008878576176503117,45.12801055908203,44.39197845458985,0.009757348485639639,1.0013272823858914,1.0179295842565736,0.0007808204989283585,-0.050000000000000044,1
2018-07-24,45.51572036743164,45.67137084476869,45.29167997651918,45.38601163631743,74791600,251.214,3.8,1.91,2.95,0.007254422877289501,45.201116943359374,44.51968193054199,0.008988866976544165,1.0069600807534578,1.0223729908592705,0.0007808204989283585,-0.050000000000000044,1
2018-07-25,45.944950103759766,45.95202480022908,45.381306229201385,45.52988205210326,66839600,251.214,3.8,1.91,2.94,0.009430362364104328,45.40959701538086,44.64219799041748,0.00884728452464753,1.0117894261029794,1.0291820782126795,0.0007808204989283585,-0.050000000000000044,0
2018-07-26,45.80107879638672,46.213786098393896,45.65957771057542,45.89541045457952,76304000,251.214,3.8,1.91,2.98,-0.003131384560177697,45.51949615478516,44.76070365905762,0.008897116634382715,1.0061859788747236,1.0232430469648923,0.0007808204989283585,-0.050000000000000044,0
2018-07-27,45.03932189941406,46.03217901443397,44.83179159869566,45.9850132005671,96096000,251.214,3.8,1.91,2.96,-0.016631854903661147,45.49779586791992,44.82532081604004,0.00980899938454861,0.9899231608969189,1.0047741115842153,0.0007808204989283585,-0.050000000000000044,0
2018-07-30,44.7869987487793,45.327054166940535,44.58890010095334,45.25630362171064,84118000,251.214,3.8,1.91,2.98,-0.005602285735968104,45.4176139831543,44.88192081451416,0.009907418821249394,0.986115183536306,0.9978850712266271,0.0007808204989283585,-0.050000000000000044,1
2018-07-31,44.876609802246094,45.312901803761946,44.65256942249011,44.8789704326629,157492000,251.214,3.8,1.91,2.96,0.002000827382282244,45.289791870117185,44.918592262268064,0.00963571851533606,0.9908769272100869,0.9990653656335255,0.0,0.0,1
2018-08-01,47.520301818847656,47.58161704185553,46.53216196456808,46.96137932119036,271742800,251.663,3.8,1.91,3.0,0.05891024362694264,45.604862213134766,45.12588958740234,0.01540218375155467,1.0420007760742938,1.0530607208708358,0.0017873207703393845,0.0,1
2018-08-02,48.909366607666016,49.14284238639819,47.24910519891767,47.30334573794805,249616000,251.663,3.8,1.91,2.98,0.029230975723041785,46.22651977539063,45.38518848419189,0.01634511473304487,1.0580369633126403,1.0776504018420376,0.0017873207703393845,0.0,1
2018-08-03,49.05085754394531,49.227732115734135,48.458915007304384,48.82445650870577,133789600,251.663,3.8,1.91,2.95,0.002892921051590891,47.02882690429688,45.62125701904297,0.016242083670471502,1.0429955576770658,1.0751754938157618,0.0017873207703393845,0.0,1
2018-08-06,49.30556106567383,49.348009238803435,48.83389550544632,49.05321826366124,101701600,251.663,3.8,1.91,2.94,0.00519264156595689,47.93253936767578,45.839284896850586,0.016113110211671212,1.0286448770732972,1.0756180245093963,0.0017873207703393845,0.0,0
2018-08-07,48.84332656860352,49.40696676146404,48.760783657277955,49.364518588912105,102349600,251.663,3.8,1.91,2.98,-0.009374895794302396,48.72588272094727,46.03691291809082,0.016373736101198032,1.0024102969735582,1.0609600747014878,0.0017873207703393845,0.0,1
2018-08-08,48.87635040283203,49.00841620210131,48.23252783213272,48.59335174746598,90102000,251.663,3.8,1.91,2.96,0.0006761176305656313,48.99709243774414,46.26531715393067,0.015890758997102614,0.9975357306136986,1.0564360823511514,0.0017873207703393845,0.0,1
2018-08-09,49.26074981689453,49.472997869054055,48.86454889473496,49.41403967695169,93970400,251.663,3.8,1.91,2.93,0.007864732347941938,49.067369079589845,46.47579822540283,0.01566800962246943,1.003941127085722,1.0599226198974565,0.0017873207703393845,0.0,0
2018-08-10,49.114017486572266,49.48557517764963,48.91048987483557,49.07378574614256,98444800,251.663,3.8,1.91,2.87,-0.0029786864972148885,49.08000106811524,46.675404930114745,0.015746974986488627,1.0006930810455734,1.0522462003298902,0.0017873207703393845,0.0,1
2018-08-13,49.4311408996582,49.92339381288648,49.15424931305655,49.5352718097257,103563600,251.663,3.8,1.91,2.88,0.006456881951728777,49.10511703491211,46.895820236206056,0.015676024959090977,1.006639305319531,1.054062828002201,0.0017873207703393845,0.0,1
2018-08-14,49.639400482177734,49.83109437109607,49.28677602737051,49.73643188137967,82992000,251.663,3.8,1.91,2.89,0.00421312514194816,49.26433181762695,47.1202808380127,0.01566993970862707,1.0076133918945507,1.0534614734751926,0.0017873207703393845,0.0,1
2018-08-15,49.75535583496094,49.873685730639565,49.303334766794535,49.51396183665682,115230400,251.663,3.8,1.91,2.86,0.0023359539329013135,49.44013290405273,47.362921142578124,0.015494690187630064,1.006375851204121,1.0505128196206648,0.0017873207703393845,0.0,1
2018-08-16,50.484275817871094,50.60023682148504,50.04645369529504,50.112718157686544,114001600,251.663,3.8,1.91,2.87,0.014650080793874531,49.684838104248044,47.62455577850342,0.01562922263861377,1.0160901744702415,1.0600471750890006,0.0017873207703393845,0.0,1
2018-08-17,51.49245834350586,51.580021345614256,50.446422082464224,50.51268656154246,141708000,251.663,3.8,1.91,2.87,0.019970228537533607,50.160526275634766,47.941787528991696,0.015829078685367714,1.0265533910181097,1.074062128208444,0.0017873207703393845,0.0,0
2018-08-20,50.990745544433594,51.87111708301211,50.907913131887234,51.615527559287024,121150800,251.663,3.8,1.91,2.82,-0.009743422924680445,50.47244720458984,48.23192939758301,0.01620892021822718,1.010268936192906,1.0571989588910957,0.0017873207703393845,0.0,0
2018-08-21,50.89133834838867,51.4001592504967,50.65231317269027,51.30786204293562,104639200,251.663,3.8,1.91,2.85,-0.0019495144654886332,50.722834777832034,48.50071029663086,0.016307194777006328,1.0033220456091363,1.0492905781613653,0.0017873207703393845,0.0,1
2018-08-22,50.89371109008789,51.203734974438845,50.60735102852676,50.6688849122958,76072400,251.663,3.8,1.91,2.82,4.662368442698295e-05,50.95050582885742,48.748148345947264,0.0163298199201988,0.9988852958798818,1.0440132152079782,0.0017873207703393845,0.0,1
2018-08-23,50.99783706665039,51.36702588882089,50.78720992522527,50.79904002989907,75532800,251.663,3.8,1.91,2.82,0.002045949771243505,51.053218078613284,49.00798625946045,0.016230673156412342,0.9989152297534385,1.0406025825394085,0.0017873207703393845,0.0,1
2018-08-24,51.1563835144043,51.33150945623105,50.907890000817105,51.260514404756414,73905600,251.663,3.8,1.91,2.82,0.0031088857267946857,50.98600311279297,49.31383934020996,0.015391839818248335,1.003341709316465,1.0373636325795454,0.0017873207703393845,0.0,1
2018-08-27,51.57763671875,51.7669652785152,51.19661430126148,51.39067345694291,82100400,251.663,3.8,1.91,2.85,0.008234616589483768,51.10338134765625,49.653371238708495,0.015128066132376761,1.009280312937952,1.0387539744439627,0.0017873207703393845,0.0,1
2018-08-28,51.99416732788086,52.19296073140275,51.809572937304424,51.83087145672263,91107200,251.663,3.8,1.91,2.88,0.00807579865285768,51.32394714355469,50.00924911499023,0.015079317872592972,1.0130586250985636,1.039691022121259,0.0017873207703393845,0.0,1
2018-08-29,52.770416259765625,52.89111510335813,51.92554241033305,52.10066840120375,109019200,251.663,3.8,1.91,2.89,0.014929538672860287,51.69928817749023,50.271754837036134,0.0092769706370696,1.020718429982983,1.0497030873664406,0.0,0.0,1
2018-08-30,53.25556945800781,54.019979815516336,52.63315285368258,52.83431518462097,195175200,251.663,3.8,1.91,2.86,0.009193658732081778,52.15083465576172,50.48906497955322,0.007459830767285868,1.0211834539089977,1.0547941317506069,0.0,0.0,1
2018-08-31,53.87088394165039,54.164339850677784,53.48512722248886,53.60582244851051,173360400,251.663,3.8,1.91,2.86,0.01155399312982186,52.69373474121094,50.73006629943848,0.007623922773121876,1.022339452806309,1.0619123504328374,0.0,0.0,1
2018-09-04,54.04364776611328,54.23770698067207,53.634227204341904,54.05548148177805,109560400,252.182,3.7,1.95,2.9,0.003206998137435857,53.186936950683595,50.96697063446045,0.007630440184284826,1.016107541899321,1.060366097756114,0.002062281702117419,-0.02631578947368407,0
2018-09-05,53.69102096557617,54.353669291891656,53.27213561587266,54.19274232139055,133332000,252.182,3.7,1.95,2.9,-0.006524851950467592,53.52630767822266,51.20935535430908,0.007377633197146515,1.003077239856403,1.0484611765584013,0.002062281702117419,-0.02631578947368407,0
2018-09-06,52.798805236816406,53.804609432771265,52.372816855124746,53.53954798908416,137160000,252.182,3.7,1.95,2.88,-0.016617596624430075,53.531985473632815,51.4054780960083,0.00876541701708977,0.9863038848581931,1.0271046431706332,0.002062281702117419,-0.02631578947368407,0
2018-09-07,52.37282943725586,53.336033220872075,52.23320098200579,52.502993086702105,150479200,252.182,3.7,1.95,2.94,-0.00806790603783425,53.355437469482425,51.56108207702637,0.009103942742973296,0.9815837320650105,1.0157434120373352,0.002062281702117419,-0.02631578947368407,0
2018-09-10,51.66994094848633,52.50298455848554,51.229753521678255,52.28998854549572,158066000,252.182,3.7,1.95,2.94,-0.013420861471912904,52.91524887084961,51.68887825012207,0.00974797344745031,0.9764659913930914,0.9996336290846919,0.002062281702117419,-0.02631578947368407,1
2018-09-11,52.976314544677734,53.08281076636289,51.25106203103439,51.59421812808349,142996000,252.182,3.7,1.95,2.98,0.025283047981297768,52.7017822265625,51.866136932373045,0.01097348203782716,1.0052091657343776,1.0214046712935692,0.002062281702117419,-0.02631578947368407,0
2018-09-12,52.318397521972656,53.24846904799571,52.02730329115404,53.23427003403245,197114800,252.182,3.7,1.95,2.97,-0.012419078759248525,52.4272575378418,52.00008678436279,0.011534565824364176,0.997923598887648,1.006121350122546,0.002062281702117419,-0.02631578947368407,1
2018-09-13,53.5821533203125,54.0412739712372,52.673380433963544,52.89820655167568,166825600,252.182,3.7,1.95,2.97,0.024155093775742875,52.583927154541016,52.19142665863037,0.01249104538044366,1.018983484493993,1.0266466496648672,0.002062281702117419,-0.02631578947368407,0
2018-09-14,52.97394180297851,53.68392137771475,52.66155266788886,53.42596299890154,127997200,252.182,3.7,1.95,2.99,-0.01135100923805954,52.704149627685545,52.315909957885744,0.012652799512127761,1.0051189930432203,1.0125780445302868,0.002062281702117419,-0.02631578947368407,0
2018-09-17,51.563446044921875,52.76330953149824,51.41908340101543,52.573980941124496,148780400,252.182,3.7,1.95,2.99,-0.02662621866619952,52.68285064697265,52.31945934295654,0.013523837153498523,0.9787520115501741,0.985550055227464,0.002062281702117419,-0.02631578947368407,1
2018-09-18,51.648643493652344,52.50298563919337,51.38358202388521,51.54214367939406,126286800,252.182,3.7,1.95,3.05,0.001652283841856672,52.41731643676758,52.35235424041748,0.013323393689157578,0.9853355151433114,0.9865581833524909,0.002062281702117419,-0.02631578947368407,1
2018-09-19,51.679412841796875,51.97523766891005,50.952868944201235,51.71017977938237,108495200,252.182,3.7,1.95,3.08,0.0005957435871148942,52.289519500732425,52.39175796508789,0.013308645637822901,0.9883321425639223,0.9864034888127691,0.002062281702117419,-0.02631578947368407,1
2018-09-20,52.07227325439453,52.60475798589657,51.864011403841246,52.12197341823773,106435200,252.182,3.7,1.95,3.07,0.007601874537551234,51.98754348754883,52.450686073303224,0.013391528934008676,1.0016298090111913,0.9927853599783264,0.002062281702117419,-0.02631578947368407,0
2018-09-21,51.511383056640625,52.38702376647529,51.423816457857285,52.24976062216609,384986800,252.182,3.7,1.95,3.07,-0.01077137913710291,51.69503173828125,52.47636337280274,0.013654561208853853,0.9964474597371292,0.9816111434912763,0.002062281702117419,-0.02631578947368407,1
2018-09-24,52.25212478637695,52.36335520071056,51.26762259076125,51.31258853840368,110773600,252.182,3.7,1.95,3.08,0.01438015610883192,51.832767486572266,52.53115043640137,0.013992429612922033,1.008090582852118,0.9946883773207628,0.002062281702117419,-0.02631578947368407,1
2018-09-25,52.58344650268555,52.73254334632296,51.99416224505693,52.0059959584022,98217600,252.182,3.7,1.95,3.1,0.0063408276249652396,52.019728088378905,52.581440925598145,0.013948324407995588,1.0108366274685041,1.0000381422998703,0.002062281702117419,-0.02631578947368407,0
2018-09-26,52.164573669433594,52.95265155382891,52.00837727191883,52.30183684199414,95938800,252.182,3.7,1.95,3.06,-0.007965868749789218,52.11676025390625,52.589961242675784,0.013984746388428875,1.000917428775204,0.9919112400315482,0.002062281702117419,-0.02631578947368407,1
2018-09-27,53.236629486083984,53.58925394239841,52.90293825002227,52.969206326478,120724800,252.182,3.7,1.95,3.06,0.020551415285093633,52.34963150024414,52.6132719039917,0.014347007061900681,1.0169437293142303,1.0118479151653936,0.002062281702117419,-0.02631578947368407,1
2018-09-28,53.4235954284668,53.44725924659931,53.016540200703474,53.198765683780366,91717600,252.182,3.7,1.95,3.05,0.0035119793305413705,52.73207397460938,52.62167320251465,0.014222295642133585,1.0131138679315057,1.0152393904858545,0.002062281702117419,-0.02631578947368407,1
2018-10-01,53.7833137512207,54.29449987051598,53.56795604203852,53.94660961803524,94403200,252.772,3.8,2.19,3.09,0.006733322979647793,53.03831176757812,52.61729469299316,0.014060629125778872,1.0140464875071304,1.0221603764509546,0.004406686719938824,0.0,1
2018-10-02,54.26136779785156,54.4317631714536,53.634220666637496,53.78094861179492,99152800,252.772,3.8,2.19,3.05,0.008888519752467072,53.37389602661133,52.62818069458008,0.014185408761046575,1.016627449695592,1.0310325586352576,0.002339580144498754,0.027027027027026973,1
2018-10-03,54.921653747558594,55.25297609687015,54.37970066265418,54.44359983400097,114619200,252.772,3.8,2.19,3.15,0.012168619710562822,53.92531204223633,52.689712333679196,0.014327440819090027,1.018476327119663,1.0423600986800747,0.002339580144498754,0.027027027027026973,0
2018-10-04,53.95607376098633,54.98791072252861,53.65788007610717,54.616353071097365,128168000,252.772,3.8,2.19,3.19,-0.017581043553612785,54.069200897216795,52.747575759887695,0.014392085002217897,0.9979077342673232,1.022910967635742,0.002339580144498754,0.027027027027026973,0
2018-10-05,53.08042907714844,54.055469984480176,52.202423173171816,53.948973788434415,134322000,252.772,3.8,2.19,3.23,-0.01622884362781485,54.00056762695313,52.782955741882326,0.014778670087895622,0.9829605763376194,1.0056357839587613,0.002339580144498754,0.027027027027026973,0
2018-10-08,52.95737838745117,53.201137756680225,52.11250094585972,52.58818958011952,118655600,252.772,3.8,2.19,3.23,-0.0023181931992000138,53.83538055419922,52.847327613830565,0.014421577722273253,0.9836909824411084,1.0020824283571115,0.002339580144498754,0.027027027027026973,1
2018-10-09,53.69102096557617,53.785687075702874,52.597653574398485,52.9266106334102,107564000,252.772,3.8,2.19,3.21,0.013853453483997358,53.72131118774414,52.88306293487549,0.013627013037711511,0.9994361600359658,1.0152782003511345,0.002339580144498754,0.027027027027026973,0
2018-10-10,51.20372772216797,53.567961035959435,51.130363742966665,53.35733390390222,167962400,252.772,3.8,2.19,3.22,-0.046326055989937776,52.977725982666016,52.82732944488525,0.017035632146115306,0.9665142618413163,0.9692658754516223,0.002339580144498754,0.027027027027026973,0
2018-10-11,50.751705169677734,51.946838159353845,50.247622134232415,50.76827309287209,212497600,252.772,3.8,2.19,3.14,-0.008827922743104066,52.3368522644043,52.68580703735351,0.016046507148175595,0.9697126016154268,0.963289888179856,0.002339580144498754,0.027027027027026973,1
2018-10-12,52.56451416015625,52.746743237514,51.31731586452513,52.164558475955246,161351600,252.772,3.8,2.19,3.15,0.035719174053714386,52.23366928100586,52.6653356552124,0.0180233627420679,1.006333939079993,0.9980856194344567,0.002339580144498754,0.027027027027026973,0
2018-10-15,51.44039535522461,52.498265383682615,51.419096831169504,52.339703686033346,123164000,252.772,3.8,2.19,3.16,-0.021385507369222845,51.93027267456055,52.65918312072754,0.017653742114680075,0.9905666330233633,0.9768551714387838,0.002339580144498754,0.027027027027026973,1
2018-10-16,52.57398986816406,52.772786907940514,51.29839328438548,51.81194478059316,116736000,252.772,3.8,2.19,3.16,0.02203704899838632,51.70686645507813,52.705450439453124,0.0183279399094723,1.016769985739501,0.9975057499709621,0.002339580144498754,0.027027027027026973,0
2018-10-17,52.34678649902344,52.68994251799394,51.90896438476094,52.60947904535247,91541600,252.772,3.8,2.19,3.19,-0.00432159266797838,51.93547821044922,52.73881912231445,0.018367278889520434,1.007919601450622,0.9925665263307888,0.002339580144498754,0.027027027027026973,0
2018-10-18,51.12325668334961,52.003631525989235,50.40854299687499,51.55870989702403,130325200,252.772,3.8,2.19,3.17,-0.02337354205490061,52.009788513183594,52.69136829376221,0.019056824118807828,0.9829545196168359,0.9702396870457008,0.002339580144498754,0.027027027027026973,1
2018-10-19,51.901878356933594,52.363364406501475,51.456956621379305,51.606053503217865,132314800,252.772,3.8,2.19,3.2,0.015230283125479582,51.877261352539065,52.710893058776854,0.01922307489489283,1.0004745239774173,0.9846518498379235,0.002339580144498754,0.027027027027026973,1
2018-10-22,52.21900177001953,52.860351642227485,51.81431539209317,52.01547412607482,115168400,252.772,3.8,2.19,3.2,0.006110056574543554,52.032982635498044,52.70923690795898,0.018997642730724684,1.0035750234774083,0.9906992556390922,0.002339580144498754,0.027027027027026973,1
2018-10-23,52.71125793457031,52.83432209233331,50.81087924741952,51.07830608703621,155071200,252.772,3.8,2.19,3.17,0.00942676320621283,52.0604362487793,52.71562747955322,0.01906306809257725,1.0125012722267819,0.9999171110125815,0.002339580144498754,0.027027027027026973,0
2018-10-24,50.903175354003906,53.06624662457979,50.77301169104636,52.68049345581535,163702000,252.772,3.8,2.19,3.1,-0.034301639752379876,51.77171401977539,52.65255756378174,0.02051780108676876,0.9832236833912873,0.9667749812977521,0.002339580144498754,0.027027027027026973,1
2018-10-25,52.01783752441406,52.3917605334903,51.2960242350942,51.52321928773726,119423200,252.772,3.8,2.19,3.14,0.021897694253026234,51.95063018798828,52.59161796569824,0.02059436782225518,1.0012936770195584,0.9890898880186875,0.002339580144498754,0.027027027027026973,0
2018-10-26,51.18952178955078,52.11012838089742,50.33044545379852,51.09485569116432,189033600,252.772,3.8,2.19,3.08,-0.015923686456103092,51.80815887451172,52.47991428375244,0.02082973151912757,0.9880590799132742,0.9754116882275251,0.002339580144498754,0.027027027027026973,0
2018-10-29,50.22869110107422,51.99180637497226,48.77323076308927,51.87347644234632,183742000,252.772,3.8,2.19,3.08,-0.018770065726081753,51.41009674072266,52.30218315124512,0.021051173536687395,0.9770199685558532,0.9603555353669488,0.0,0.0,1
2018-10-30,50.47954559326172,50.924463645690075,49.52580670807782,49.97072476050618,146640000,252.772,3.8,2.19,3.12,0.00499424704662732,50.96375427246094,52.113092041015626,0.020951235402584555,0.9904989597781483,0.9686538183827544,0.0,0.0,1
2018-10-31,51.79536437988281,52.17165259816873,51.26524512370163,51.32677898331654,153435600,252.772,3.8,2.19,3.15,0.02606637542309298,51.14219207763672,51.956777572631836,0.021711322388399595,1.0127716915468647,0.996893317863615,0.0,0.0,1
2018-11-01,52.59054183959961,52.6236740676546,51.31021143557816,51.840330695600024,233292800,252.594,3.8,2.2,3.14,0.01535229009848682,51.25673294067383,51.8885009765625,0.021772186640657283,1.0260221208493638,1.0135297965796741,-0.0007041919199911595,0.0,0
2018-11-02,49.10219192504883,50.562382982053656,48.61703843860605,49.59207962031137,365314800,252.594,3.8,2.2,3.22,-0.06633036649803303,50.83926696777344,51.68958911895752,0.026068437975166777,0.9658320202801954,0.949943552695803,-0.0007041919199911595,0.0,0
2018-11-05,47.708255767822266,48.37090403495176,46.898879557030305,48.34960551625416,264654800,252.594,3.8,2.2,3.2,-0.02838847111661147,50.33517990112305,51.42713298797607,0.02664844876792663,0.9478113689379667,0.927686475911008,-0.0007041919199911595,0.0,1
2018-11-06,48.22417449951172,48.449000615453585,47.73192162049639,47.786352370196695,127531600,252.594,3.8,2.2,3.22,0.010814034665199923,49.88410568237305,51.153790664672854,0.026544558417015134,0.9667242469288594,0.9427292459249877,-0.0007041919199911595,0.0,1
2018-11-07,49.686729431152344,49.71276215629283,48.30937113036729,48.744824340769675,133697600,252.594,3.8,2.2,3.22,0.03032825230954317,49.462378692626956,51.07794075012207,0.02578903561934041,1.0045357854687815,0.9727629716754703,-0.0007041919199911595,0.0,0
2018-11-08,49.51337814331055,49.90047723917868,49.100151860589314,49.86722939737878,101450400,252.594,3.8,2.2,3.24,-0.0034888850569647634,48.84694595336914,51.01602439880371,0.02573330080230691,1.013643272408015,0.9705456026179806,-0.0007041919199911595,0.0,0
2018-11-09,48.55867767333984,48.924403878426105,48.03145938671116,48.81516253903021,137463200,252.594,3.8,2.2,3.19,-0.01928166701143763,48.738243103027344,50.81573257446289,0.024522630045102124,0.9963157180428535,0.9555835410260852,-0.0007041919199911595,0.0,0
2018-11-12,46.11258316040039,47.461503388574435,46.02233746371556,47.2596391587509,204542000,252.594,3.8,2.2,3.19,-0.050373993488756486,48.41910858154297,50.54934196472168,0.026409229936166317,0.952363323309471,0.9122291481575033,-0.0007041919199911595,0.0,0
2018-11-13,45.651859283447266,46.82741236651,45.46662079150977,45.509370087049234,187531600,252.594,3.8,2.2,3.14,-0.009991283189460853,47.90464553833008,50.20323543548584,0.02563587618129799,0.9529735325339108,0.9093409794695929,-0.0007041919199911595,0.0,0
2018-11-14,44.3623161315918,46.18620401920022,44.15570117063731,46.0484619198116,243204000,252.594,3.8,2.2,3.12,-0.028247330384702174,46.83976287841797,49.80401191711426,0.02607276793383686,0.9471080425138597,0.8907378025172201,-0.0007041919199911595,0.0,1
2018-11-15,45.457122802734375,45.59011416840596,44.38606035126789,44.739915225013526,185915200,252.594,3.8,2.2,3.11,0.02467875364972061,46.02851181030273,49.520705223083496,0.02677753836025081,0.9875861941849604,0.9179417497783345,-0.0007041919199911595,0.0,1
2018-11-16,45.96058654785156,46.30256638175238,44.99402206817327,45.241005490578,147713200,252.594,3.8,2.2,3.08,0.0110755743891231,45.50889358520508,49.2236406326294,0.026623845733568345,1.0099253778121586,0.9337096150784341,-0.0007041919199911595,0.0,0
2018-11-19,44.13908004760742,45.28850964562058,43.93246870577776,45.122270426691934,167701200,252.594,3.8,2.2,3.06,-0.039631924591469025,45.114192962646484,48.81964454650879,0.027504467981451064,0.9783856730885903,0.9041253875897773,-0.0007041919199911595,0.0,0
2018-11-20,42.03020095825195,43.09651261910129,41.68109683232495,42.36030580111065,271300800,252.594,3.8,2.2,3.06,-0.0477780480943617,44.389861297607425,48.28559169769287,0.028550837031807223,0.9468423583589198,0.870450158742907,-0.0007041919199911595,0.0,0
2018-11-21,41.98270797729492,42.81153410282051,41.92808729886991,42.68328983761377,124496800,252.594,3.8,2.2,3.06,-0.001129972730898987,43.91393966674805,47.839568328857425,0.028077273794005087,0.95602235408372,0.8775728846192458,-0.0007041919199911595,0.0,0
2018-11-23,40.91638946533203,41.939955371122814,40.871270248544576,41.545728433984664,94496000,252.594,3.8,2.2,3.05,-0.025398993141166004,43.00579299926758,47.28449592590332,0.027300681596428577,0.9514157654534791,0.8653235836425037,-0.0007041919199911595,0.0,1
2018-11-26,41.4697380065918,41.548108696422304,40.434300553403695,41.37949593469791,179994000,252.594,3.8,2.2,3.07,0.01352388489039602,42.10762329101563,46.79850673675537,0.02784230186244768,0.9848510736401517,0.886133787128332,-0.0007041919199911595,0.0,0
2018-11-27,41.37948989868164,41.50535696963446,40.58153818304616,40.73115163840486,165549600,252.594,3.8,2.2,3.06,-0.002176240127097273,41.55570526123047,46.35604667663574,0.027817537705806594,0.9957595386375687,0.8926449269354461,-0.0007041919199911595,0.0,1
2018-11-28,42.97064208984375,43.05375986988433,41.54335141276549,41.97082618812788,184250000,252.594,3.8,2.2,3.06,0.03845267776519412,41.74379348754883,45.98060150146485,0.029665193364437115,1.0293899643466966,0.9345384942055357,-0.0007041919199911595,0.0,0
2018-11-29,42.64054489135742,43.41237317618883,42.201195033571544,43.379125333484275,167080000,252.594,3.8,2.2,3.03,-0.007681923807332347,41.87536087036133,45.522860527038574,0.028589965789419837,1.0182728937755299,0.9366842153082805,-0.0007041919199911595,0.0,0
2018-11-30,42.410186767578125,42.825786644844754,42.042083294393294,42.816285189782384,158126000,252.594,3.8,2.2,3.01,-0.005402325987301948,42.174120330810545,45.0138427734375,0.02801966682386027,1.0055974240817802,0.9421587706038778,0.0,0.0,1
2018-12-03,43.892093658447266,43.920590773009714,43.03477043251187,43.80659869101698,163210000,252.767,3.9,2.27,2.98,0.03494223920753958,42.65859146118164,44.75333786010742,0.02647334412033877,1.028915680406093,0.9807557549259838,0.0006848935445813442,0.026315789473684292,0
2018-12-04,41.961334228515625,43.31500152005368,41.86159070426997,42.97302165192976,165377200,252.767,3.9,2.27,2.91,-0.04398877494785569,42.774960327148435,44.46599178314209,0.027404200204590633,0.980978916347085,0.9436725134381007,0.0006848935445813442,0.026315789473684292,0
2018-12-06,41.49348831176758,41.50773686933884,40.4722994088251,40.790529273726726,172393600,252.767,3.9,2.27,2.87,-0.011149452831986317,42.479529571533206,44.12945747375488,0.02713207330182167,0.9767878488836561,0.9402673562539264,0.0006848935445813442,0.026315789473684292,0
2018-12-07,40.01395034790039,41.438863958560475,39.96882750376399,41.2013783567838,169126400,252.767,3.9,2.27,2.85,-0.03565711209311828,41.954210662841795,43.64581851959228,0.02633690885209514,0.9537529062211659,0.9167877177040094,0.0006848935445813442,0.026315789473684292,1
2018-12-10,40.277557373046875,40.39392299254589,38.78852171429132,39.18512221335925,248104000,252.767,3.9,2.27,2.85,0.00658787804889438,41.52768478393555,43.1840274810791,0.026572126502793284,0.9698965300523503,0.9326957146526993,0.0006848935445813442,0.026315789473684292,0
2018-12-11,40.04719543457031,40.797647130558154,39.66009277068402,40.76677646859411,189126800,252.767,3.9,2.27,2.89,-0.005719362183336352,40.758705139160156,42.758453369140625,0.026493889306639977,0.9825433682900235,0.9365913001772168,0.0006848935445813442,0.026315789473684292,1
2018-12-12,40.15882110595703,40.82852869193123,40.139821820886,40.4675495230678,142510800,252.767,3.9,2.27,2.91,0.0027873530262336743,40.39820251464844,42.460765266418456,0.024761340047666343,0.9940744539659999,0.9457865597565667,0.0006848935445813442,0.026315789473684292,1
2018-12-13,40.59815979003906,40.98288889960045,40.2656814225094,40.48891845088322,127594400,252.767,3.9,2.27,2.91,0.010940029412787267,40.219136810302736,42.20808029174805,0.02505089656687535,1.0094239461558816,0.9618575284499794,0.0006848935445813442,0.026315789473684292,0
2018-12-14,39.29911804199219,40.15406769431689,39.25162164436145,40.13506841051603,162814800,252.767,3.9,2.27,2.89,-0.03199755246949887,40.07617034912109,41.95492038726807,0.025243041848128322,0.9806106147279129,0.9366986679807446,0.0006848935445813442,0.026315789473684292,0
2018-12-17,38.933387756347656,39.98070006589324,38.64602860130792,39.2919896885735,177151600,252.767,3.9,2.27,2.86,-0.009306322988056337,39.80733642578125,41.62873363494873,0.024210634438266064,0.978045537634425,0.935252753489041,0.0006848935445813442,0.026315789473684292,1
2018-12-18,39.439231872558594,39.78595878885459,39.04025421520292,39.275366243130854,135366000,252.767,3.9,2.27,2.82,0.012992553316361954,39.685743713378905,41.302665901184085,0.02429143558453986,0.9937884031454548,0.954883444253121,0.0006848935445813442,0.026315789473684292,0
2018-12-19,38.20906066894531,39.766965732375674,37.78158583477407,39.422612313422675,196189200,252.767,3.9,2.27,2.77,-0.031191560920567074,39.29579162597656,41.006164932250975,0.02376857979405716,0.9723448513933776,0.9317882014100332,0.0006848935445813442,0.026315789473684292,0
2018-12-20,37.24485778808594,38.49878115325955,36.88150520066301,38.09267928415886,259092000,252.767,3.9,2.27,2.79,-0.025234927631786475,38.62513122558594,40.76689777374268,0.02221248912326065,0.9642648867795772,0.9136053960935622,0.0006848935445813442,0.026315789473684292,0
2018-12-21,35.79619598388672,37.56071550705101,35.534964052788624,37.25198356689697,382978400,252.767,3.9,2.27,2.79,-0.03889561916014683,37.924546813964845,40.45757217407227,0.023370497475774014,0.943879333864725,0.8847835908163355,0.0006848935445813442,0.026315789473684292,0
2018-12-24,34.870018005371094,35.990950549802086,34.81302014550831,35.18349717525792,148676800,252.767,3.9,2.27,2.74,-0.02587364252147173,37.111872863769534,40.15525360107422,0.023389672478098783,0.9395919772998832,0.8683799721896978,0.0006848935445813442,0.026315789473684292,1
2018-12-26,37.32561492919922,37.33986348677925,34.843890893788085,35.219118612948485,234330000,252.767,3.9,2.27,2.81,0.0704214412349855,36.68914947509766,39.94804744720459,0.02891491396869756,1.0173475118177258,0.9343539250204611,0.0006848935445813442,0.026315789473684292,0
2018-12-27,37.0833740234375,37.23061755574268,35.63946480198552,37.009754069156195,212468400,252.767,3.9,2.27,2.77,-0.006489937438973525,36.464012145996094,39.733241653442384,0.028909948903330585,1.0169855657946136,0.9333085467046128,0.0006848935445813442,0.026315789473684292,1
2018-12-28,37.10236740112305,37.64621135368628,36.70339340641888,37.40397507190618,169165600,252.767,3.9,2.27,2.72,0.0005121804093000115,36.43551406860352,39.43982791900635,0.027091110250152817,1.018302289663429,0.9407335011024006,0.0006848935445813442,0.026315789473684292,1
2018-12-31,37.46098327636719,37.845708823973354,37.16174907379083,37.64859532308761,140014000,252.767,3.9,2.27,2.69,0.0096655793245497,36.76847152709961,39.18084983825683,0.027343655190727952,1.0188343904575194,0.9561044089398403,0.0006848935445813442,0.026315789473684292,1
2019-01-02,37.50372695922851,37.724590460067255,36.6274044817337,36.784145853458895,148158800,252.561,4.0,2.4,2.66,0.0011410187112810277,37.295213317871095,38.935526847839355,0.027391581935118633,1.005590895528073,0.9632263897646398,-0.000130644433359417,0.05263157894736836,0
2019-01-03,33.76808547973633,34.606409542440964,33.72296262600118,34.19318320289865,365248800,252.561,4.0,2.4,2.56,-0.09960720659984845,36.58370742797852,38.42932643890381,0.032844850551593696,0.9230361779547566,0.8787061499353086,-0.0008149798035343991,0.025641025641025772,1
2019-01-04,35.20960998535156,35.27848283128066,34.15042635194018,34.323789806748884,234428400,252.561,4.0,2.4,2.67,0.042688961637468825,36.208954620361325,38.09174022674561,0.034163751838636416,0.9724006217388059,0.9243371338710749,-0.0008149798035343991,0.025641025641025772,0
2019-01-07,35.1312370300293,35.34497620753609,34.64914163479425,35.314101925245296,219111200,252.561,4.0,2.4,2.7,-0.0022258967183922396,35.814728546142575,37.77362766265869,0.03418104878665059,0.9809159096310701,0.930046680815845,-0.0008149798035343991,0.025641025641025772,1
2019-01-08,35.80095291137695,36.05506423362693,35.271361057087084,35.51834447775036,164101200,252.561,4.0,2.4,2.73,0.019063259308950586,35.482722473144534,37.56297779083252,0.0340170411510636,1.0089686026339517,0.9530914484664312,-0.0008149798035343991,0.025641025641025772,1
2019-01-09,36.408912658691406,36.6986453479839,35.534967488442895,35.929190786032024,180396400,252.561,4.0,2.4,2.74,0.016981663835021976,35.26375961303711,37.36954555511475,0.03428154895671227,1.0324739352304038,0.9742936960524033,-0.0008149798035343991,0.025641025641025772,1
2019-01-10,36.52528762817383,36.56565974711911,35.82707935334201,36.2165556097032,143122800,252.561,4.0,2.4,2.74,0.0031963319139287627,35.81520004272461,37.193450164794925,0.034322355968781526,1.0198264308059746,0.9820354784603033,-0.0008149798035343991,0.025641025641025772,0
2019-01-11,36.16668701171875,36.501542638359126,35.98144849990563,36.30680629526423,108092800,252.561,4.0,2.4,2.71,-0.009817872486196921,36.006615447998044,36.993843460083006,0.0343064734129403,1.0044456153884245,0.9776406998841098,-0.0008149798035343991,0.025641025641025772,0
2019-01-14,35.62283706665039,35.924444768462564,35.437598603803195,35.82470125952503,129756800,252.561,4.0,2.4,2.71,-0.015037317211060608,36.10493545532226,36.74507732391358,0.034176597865028815,0.986647299528663,0.969458759131993,-0.0008149798035343991,0.025641025641025772,1
2019-01-15,36.351932525634766,36.42792605418147,35.634724801804865,35.68697193806859,114843600,252.561,4.0,2.4,2.72,0.020467080081809197,36.21513137817383,36.5977180480957,0.034085492541545734,1.0037774582682693,0.993284129842797,-0.0008149798035343991,0.025641025641025772,1
2019-01-16,36.796024322509766,37.01926139590715,36.33530161762464,36.35430090299284,122278800,252.561,4.0,2.4,2.73,0.012216456348278948,36.2925537109375,36.49084987640381,0.034226261455155206,1.0138725595223281,1.0083630402454204,-0.0008149798035343991,0.025641025641025772,1
2019-01-17,37.014503479003906,37.4419782573986,36.39703950757352,36.62027653760977,119284800,252.561,4.0,2.4,2.75,0.005937575064610678,36.39039688110351,36.36961345672607,0.03409699434162946,1.0171503102848674,1.0177315610748832,-0.0008149798035343991,0.025641025641025772,1
2019-01-18,37.242488861083984,37.49422298571699,37.042998228056234,37.40397730943639,135004000,252.561,4.0,2.4,2.79,0.0061593527037151485,36.60555725097656,36.32128486633301,0.033465848814104686,1.0173998610577204,1.0253626488749261,-0.0008149798035343991,0.025641025641025772,0
2019-01-22,36.40654373168945,37.22111761208294,36.24505163700586,37.14512410332922,121576000,252.561,4.0,2.4,2.74,-0.02244600602587654,36.762298583984375,36.27936916351318,0.0333640516559243,0.9903228343711373,1.003505423911951,-0.0008149798035343991,0.025641025641025772,1
2019-01-23,36.55377960205078,36.8435122960888,36.02656133084995,36.608400270150376,92522400,252.561,4.0,2.4,2.76,0.004044214453490458,36.80266799926758,36.31724834442139,0.03212853727859183,0.9932372186380143,1.0065129179222558,-0.0008149798035343991,0.025641025641025772,0
2019-01-24,36.26404571533203,36.68676973887957,36.03606159804956,36.59890123781676,101766000,252.561,4.0,2.4,2.72,-0.00792623607936005,36.69627227783203,36.386949729919436,0.03156801980800978,0.9882215130946392,0.9966223050984033,-0.0008149798035343991,0.025641025641025772,1
2019-01-25,37.46573257446289,37.55360472379612,36.64878503179591,36.92426561509673,134142000,252.561,4.0,2.4,2.76,0.03313714273812529,36.78651809692383,36.393955612182616,0.02827136284099066,1.0184636794314017,1.0294493122347357,-0.0008149798035343991,0.025641025641025772,0
2019-01-28,37.11900329589844,37.1261275746307,36.49204140125868,36.997883309964045,104768400,252.561,4.0,2.4,2.75,-0.009254570903567183,36.76182098388672,36.39573707580566,0.028314491801256236,1.0097161213033563,1.0198722784095935,-0.0008149798035343991,0.025641025641025772,0
2019-01-29,36.73427200317383,37.55360024747364,36.59890709133916,37.10712614608624,166348800,252.561,4.0,2.4,2.72,-0.010364806664060477,36.82736663818359,36.377332305908205,0.028417401796254096,0.9974721343525758,1.0098121460436957,-0.0008149798035343991,0.025641025641025772,1
2019-01-30,39.24449920654297,39.45823481777731,38.05232036425895,38.76952796047286,244439200,252.561,4.0,2.4,2.7,0.06833474753908986,37.36551055908203,36.466508102416995,0.03224834593030153,1.050286711444499,1.0761792463463715,-0.0008149798035343991,0.025641025641025772,1
2019-01-31,39.527103424072266,40.13506597381766,39.080629341215584,39.44873274205534,162958400,252.561,4.0,2.4,2.63,0.007201116672223451,38.01812210083008,36.56767692565918,0.032260065740602514,1.0396911062371816,1.08093012045664,0.0,0.0,1
2019-02-01,39.54610824584961,40.13032086817942,39.405988969666886,39.65060250317511,130672400,253.319,3.8,2.4,2.7,0.000480804818239422,38.43419723510742,36.85657806396485,0.021427046245465035,1.0289302519821208,1.0729728673458796,0.003001255142321968,-0.050000000000000044,1
2019-02-04,40.66940689086914,40.76677685151774,39.72658881786463,39.757463103861134,125982000,253.319,3.8,2.4,2.73,0.028404783551297275,39.14427795410156,37.12956790924072,0.020429761758640908,1.0389617337827988,1.0953374677098635,0.003001255142321968,-0.050000000000000044,1
2019-02-05,41.3652458190918,41.57898506305087,40.93065029956902,41.051766667858935,144406400,253.319,3.8,2.4,2.71,0.017109640425537753,40.070472717285156,37.441268348693846,0.020406380897333033,1.0323123989812109,1.1048035401432879,0.003001255142321968,-0.050000000000000044,1
2019-02-06,41.37948989868164,41.69534616359386,41.0493850783774,41.476856235107945,112958400,253.319,3.8,2.4,2.7,0.00034434896512247626,40.49747085571289,37.72019519805908,0.020320387648923608,1.021779608067656,1.0970115526022213,0.003001255142321968,-0.050000000000000044,0
2019-02-07,40.59578323364258,41.30823993167424,40.453290444539384,40.942510130722376,126966800,253.319,3.8,2.4,2.65,-0.01893949555584129,40.71120681762695,37.92953872680664,0.021010130885228274,0.997164820377312,1.0702946726043776,0.003001255142321968,-0.050000000000000044,1
2019-02-08,40.64348983764648,40.70311587039723,40.16886530680823,40.304814408336355,95280000,253.319,3.8,2.4,2.63,0.0011751615612225486,40.93068313598633,38.13544883728027,0.021027470520805017,0.9929834227934654,1.0657666574495488,0.003001255142321968,-0.050000000000000044,0
2019-02-11,40.40975570678711,40.83429643477586,40.36682670736698,40.79613489799055,83973600,253.319,3.8,2.4,2.65,-0.0057508381242121764,40.878752899169925,38.34760227203369,0.020890131451195126,0.9885271159435899,1.0537752900461606,0.003001255142321968,-0.050000000000000044,1
2019-02-12,40.757965087890625,40.784200684194495,40.474144629498845,40.569548452096434,89134000,253.319,3.8,2.4,2.68,0.008616963280602796,40.75729675292969,38.6043586730957,0.02031202843755546,1.0000163979217018,1.0557866129322806,0.003001255142321968,-0.050000000000000044,0
2019-02-13,40.58863067626953,41.13719089744632,40.52662091325393,40.87722227186637,89960800,253.319,3.8,2.4,2.71,-0.004154633609797287,40.599124908447266,38.81619358062744,0.02019529916084063,0.9997415158035696,1.0456623108074843,0.003001255142321968,-0.050000000000000044,1
2019-02-14,40.73650741577149,40.846217281030114,40.39783197721137,40.47653877930612,87342800,253.319,3.8,2.4,2.66,0.003643304468224251,40.62726974487305,39.013217735290525,0.020140979629040625,1.0026887770599506,1.0441719442926676,0.003001255142321968,-0.050000000000000044,0
2019-02-15,40.64588165283203,40.951166710090945,40.486084289992206,40.84384055765046,98507200,253.319,3.8,2.4,2.66,-0.0022246817090748605,40.62774810791016,39.194786643981935,0.020209694650810572,1.0004463339901022,1.0370226536001033,0.003001255142321968,-0.050000000000000044,1
2019-02-19,40.76751327514648,40.8891527227653,40.424070350564264,40.47654155555973,75891200,253.319,3.8,2.4,2.65,0.0029924710048938596,40.69929962158203,39.37103786468506,0.020211545550381977,1.0016760399859135,1.0354696113234554,0.003001255142321968,-0.050000000000000044,1
2019-02-20,41.02986907958984,41.337541474435355,40.78182636217737,40.82952646483924,104457600,253.319,3.8,2.4,2.65,0.006435413479175978,40.75368041992187,39.602204132080075,0.019173448151090875,1.0067770237392586,1.0360501385919898,0.003001255142321968,-0.050000000000000044,0
2019-02-21,40.79851531982422,41.11095514343004,40.61725349372424,40.9750096836761,68998800,253.319,3.8,2.4,2.69,-0.0056386667799703805,40.795657348632815,39.81444091796875,0.0193512501584685,1.0000700557700781,1.0247165194127175,0.003001255142321968,-0.050000000000000044,1
2019-02-22,41.25404739379883,41.2612022244292,40.87482681325659,40.92252689722011,75652800,253.319,3.8,2.4,2.65,0.011165408113595454,40.89916534423828,40.06394100189209,0.01911411758038795,1.0086769998011842,1.0297051753308675,0.003001255142321968,-0.050000000000000044,1
2019-02-25,41.55458068847656,41.94572738329007,41.48779981174876,41.53788728893703,87493600,253.319,3.8,2.4,2.67,0.007284940840081244,41.08090515136718,40.26838340759277,0.018073413967247414,1.011530309163444,1.0319406236864546,0.003001255142321968,-0.050000000000000044,1
2019-02-26,41.57843017578125,41.809779499488094,41.30176447990518,41.430558762837144,68280800,253.319,3.8,2.4,2.64,0.0005739316077686407,41.24308853149414,40.49135475158691,0.017786957275064803,1.0081308567381184,1.0268470993589498,0.003001255142321968,-0.050000000000000044,1
2019-02-27,41.70722198486328,41.73822869074752,41.19682321958781,41.31130783856744,111341600,253.319,3.8,2.4,2.69,0.003097563052225416,41.37855911254883,40.74000225067139,0.01739200174076993,1.0079428302812694,1.023741278369123,0.003001255142321968,-0.050000000000000044,0
2019-02-28,41.296993255615234,41.71676290033313,41.24213831860219,41.57604632138093,112861600,253.319,3.8,2.4,2.73,-0.009835915933142925,41.47825469970703,40.842626953125,0.009963450819034783,0.9956299645343304,1.011124806027088,0.003001255142321968,-0.050000000000000044,1
2019-03-01,41.7310676574707,41.773996653747055,41.234978633444705,41.56649922650965,103544800,254.277,3.8,2.41,2.76,0.01051104130435565,41.5736587524414,40.95282516479492,0.010070826275818245,1.0037862653842093,1.019003389620719,0.006794398184992945,-0.050000000000000044,1
2019-03-04,41.94095993041992,42.39411639965305,41.4925709243222,41.9027983896276,109744800,254.277,3.8,2.41,2.72,0.0050296406186398634,41.65093460083008,41.072567749023435,0.010067899995249312,1.0069632370166326,1.0211428753785947,0.0037817929172307974,0.0,0
2019-03-05,41.8646240234375,41.97672124062049,41.62850365631687,41.962411577028405,78949600,254.277,3.8,2.41,2.72,-0.0018200801104472086,41.70817337036133,41.13232860565186,0.008135562524489702,1.0037510789956423,1.017803402885511,0.0037817929172307974,0.0,0
2019-03-06,41.623741149902344,41.85509044360624,41.485408319904245,41.65951531314144,83241600,254.277,3.8,2.41,2.69,-0.00575385254625238,41.69147720336914,41.145253372192386,0.0073966622933111835,0.9983753021478136,1.0116292339576,0.0037817929172307974,0.0,0
2019-03-07,41.141963958740234,41.60466257047475,41.027482991072056,41.46871346445025,99185600,254.277,3.8,2.41,2.64,-0.01157457686052421,41.66047134399414,41.13337707519531,0.007861627491306205,0.9875539721821065,1.0002087570765033,0.0037817929172307974,0.0,1
2019-03-08,41.23975372314453,41.27791526082564,40.42645369282808,40.622028843980345,95997600,254.277,3.8,2.41,2.62,0.002376886152113844,41.562208557128905,41.16557559967041,0.006527424752756773,0.9922416338019875,1.0018019454943492,0.0037817929172307974,0.0,1
2019-03-11,42.66838455200195,42.7208557482408,41.821697858468866,41.855088288867776,128044000,254.277,3.8,2.41,2.64,0.03464207954412801,41.70769348144531,41.26682033538818,0.009995214152185898,1.023033905506763,1.0339634652057712,0.0037817929172307974,0.0,1
2019-03-12,43.14778137207031,43.56754731458191,42.7804829879991,42.93074174869042,129870400,254.277,3.8,2.41,2.61,0.011235410599717,41.964324951171875,41.40372161865234,0.009980607105182018,1.0282014883421922,1.0421232605484496,0.0037817929172307974,0.0,1
2019-03-13,43.33858108520508,43.71780172616493,43.15016081049773,43.46737169635389,124130000,254.277,3.8,2.41,2.61,0.004422005189316014,42.30729293823242,41.532752418518065,0.009907465464588748,1.0243761317576692,1.043479629004358,0.0037817929172307974,0.0,1
2019-03-14,43.82035827636719,43.90860727009879,43.54130890969814,43.86090353758059,94318000,254.277,3.8,2.41,2.63,0.011116588939885208,42.84297180175781,41.69433879852295,0.009905746482543405,1.0228132277828885,1.0509906030196972,0.0037817929172307974,0.0,1
2019-03-15,44.390384674072266,44.67897625421365,43.82274735566281,44.08748706861486,156171600,254.277,3.8,2.41,2.59,0.013008255069710373,43.47309799194336,41.87703266143799,0.010112947551135964,1.0211000992452597,1.0600174332540202,0.0037817929172307974,0.0,1
2019-03-18,44.843544006347656,44.931789362919865,44.311677218092875,44.31406458834656,104879200,254.277,3.8,2.41,2.6,0.010208502034902978,43.9081298828125,42.08691577911377,0.010069428262088646,1.0213038935165697,1.0654984613674616,0.0037817929172307974,0.0,0
2019-03-19,44.4881706237793,45.074892326124115,44.34268297347357,44.92224984377744,126585600,254.277,3.8,2.41,2.61,-0.00792473901077162,44.1762077331543,42.27294864654541,0.010470416561559146,1.0070617852150054,1.0524028261135958,0.0037817929172307974,0.0,1
2019-03-20,44.8769416809082,45.19415263672283,44.05887055501057,44.41662677956,124140800,254.277,3.8,2.41,2.54,0.008738751260792599,44.48387985229492,42.465302276611325,0.010506264982388365,1.0088360509451606,1.0567908215650483,0.0037817929172307974,0.0,1
2019-03-21,46.52976608276367,46.82551249017216,45.27046466941773,45.32055213394936,204136800,254.277,3.8,2.41,2.54,0.036830147954547865,45.025761413574216,42.7518648147583,0.01245169735074223,1.033403203454457,1.088368104745251,0.0037817929172307974,0.0,0
2019-03-22,45.56621551513672,47.14988281885893,45.501818379976086,46.58939664841029,169630800,254.277,3.8,2.41,2.44,-0.020708261587067955,45.26092758178711,42.9674732208252,0.013811127786591966,1.0067450657699835,1.0604816178264813,0.0037817929172307974,0.0,0
2019-03-25,45.01527404785156,45.78802515555478,44.50487531846958,45.67592791524002,175381200,254.277,3.8,2.41,2.43,-0.0120910078016494,45.29527359008789,43.14050788879395,0.014318066646646673,0.9938183496854383,1.0434572111179201,0.0037817929172307974,0.0,0
2019-03-26,44.55018997192383,46.00268305675248,44.02309782192176,45.71170769350031,199202000,254.277,3.8,2.41,2.41,-0.010331694869464725,45.3076774597168,43.289095878601074,0.014663089124146109,0.98328125540166,1.0291319111135824,0.0037817929172307974,0.0,1
2019-03-27,44.95087814331055,45.25854690032797,44.4929506048766,45.017659015210214,119393600,254.277,3.8,2.41,2.39,0.008994084461575458,45.32246475219726,43.45127868652344,0.014712522703819987,0.9918012709388515,1.0345122054429257,0.0037817929172307974,0.0,1
2019-03-28,45.010494232177734,45.21083680359104,44.72667376970035,45.065349156408665,83121600,254.277,3.8,2.41,2.39,0.0013262497047803468,45.01861038208008,43.63695373535156,0.014373699861546676,0.9998197156723972,1.0314765440584233,0.0037817929172307974,0.0,1
2019-03-29,45.303855895996094,45.334862595503004,44.96756422056934,45.27523656677985,94256000,254.277,3.8,2.41,2.41,0.006517628140342291,44.966138458251955,43.81559314727783,0.01431211830861198,1.007510483428718,1.033966509222316,0.0,0.0,1
2019-04-01,45.611534118652344,45.71647288572653,44.929412116605654,45.706934321186864,111448000,255.233,3.7,2.42,2.49,0.0067914356641647355,45.08539047241211,43.999121856689456,0.014322832856842584,1.0116699365521118,1.0366464646093327,0.0037596794047436433,-0.02631578947368407,1
2019-04-02,46.27457809448242,46.37952050705975,45.56622044887009,45.575759013975,91062800,255.233,3.7,2.42,2.48,0.014536761120668595,45.430268096923825,44.219619560241696,0.014421620519340204,1.0185847460938882,1.0464716466282844,0.0037596794047436433,-0.02631578947368407,1
2019-04-03,46.59178161621094,46.86605990037226,46.06706963719681,46.09092150507348,93087200,255.233,3.7,2.42,2.52,0.006854811751732415,45.75844879150391,44.46802158355713,0.014195160818556776,1.0182115619457308,1.0477592651308576,0.0037596794047436433,-0.02631578947368407,1
2019-04-04,46.67287826538086,46.83505934250355,46.06469194760166,46.458222344190496,76457200,255.233,3.7,2.42,2.51,0.00174057841011388,46.09092559814453,44.74456729888916,0.013641384223257357,1.012626187469313,1.043095979755727,0.0037596794047436433,-0.02631578947368407,1
2019-04-05,46.985321044921875,47.00917291740986,46.7301198385826,46.85414302480752,74106400,255.233,3.7,2.42,2.5,0.006694311367824168,46.42721862792969,45.03184566497803,0.01360825263185253,1.0120210177022415,1.04337986487334,0.0037596794047436433,-0.02631578947368407,1
2019-04-08,47.72468566894531,47.75568873619926,46.827907664431976,46.84698843466468,103526800,255.233,3.7,2.42,2.52,0.015736076876361915,46.849848937988284,45.284660720825194,0.012137115826773666,1.0186732028125638,1.0538819306423117,0.0037596794047436433,-0.02631578947368407,0
2019-04-09,47.58157730102539,48.38056764876141,47.51718016237022,47.77715244831723,143072800,255.233,3.7,2.42,2.51,-0.002998623582617821,47.11124877929687,45.50635051727295,0.012211608072963684,1.0099833592595238,1.0456030149674327,0.0037596794047436433,-0.02631578947368407,1
2019-04-10,47.848690032958984,47.87731299886768,47.266739463025445,47.38599150967466,86781200,255.233,3.7,2.42,2.48,0.005613784726884896,47.362630462646486,45.731855964660646,0.012211685158692868,1.010262512144376,1.0462879545044952,0.0037596794047436433,-0.02631578947368407,0
2019-04-11,47.45038604736328,47.93932013983018,47.32875027655352,47.903545983498915,83603200,255.233,3.7,2.42,2.51,-0.0083242401269783,47.518132019042966,45.91335735321045,0.012472867370560862,0.9985743132399957,1.0334767218682899,0.0037596794047436433,-0.02631578947368407,0
2019-04-12,47.43130874633789,47.7342099694247,46.796890612294,47.51001553529511,111042800,255.233,3.7,2.42,2.56,-0.00040204733015969385,47.607329559326175,46.06540355682373,0.012326138158586868,0.9963026530868753,1.0296514321822723,0.0037596794047436433,-0.02631578947368407,1
2019-04-15,47.51717758178711,47.66505261953051,47.22620224726255,47.362151350453125,70146400,255.233,3.7,2.42,2.55,0.0018103830090046014,47.56582794189453,46.1990852355957,0.012224261603131094,0.9989771993422073,1.0285307022740753,0.0037596794047436433,-0.02631578947368407,1
2019-04-16,47.521949768066406,48.027577378944855,47.35738132962048,47.57203723861774,102785600,255.233,3.7,2.42,2.6,0.00010043076045684884,47.55390243530273,46.35077419281006,0.011977026829785914,0.9993280747614816,1.0252676594005634,0.0037596794047436433,-0.02631578947368407,1
2019-04-17,48.44734191894531,48.50696794754076,47.36930230294008,47.59110938245884,115627200,255.233,3.7,2.42,2.59,0.01947294156479984,47.6736328125,46.52929420471192,0.012460933957225646,1.0162292877802768,1.0412223685533395,0.0037596794047436433,-0.02631578947368407,1
2019-04-18,48.6214485168457,48.69061310818153,48.30185387954341,48.44495416346428,96783200,255.233,3.7,2.42,2.57,0.003593728592823142,47.90784530639648,46.63387832641602,0.009763608729385599,1.014895330939752,1.0426207354343895,0.0037596794047436433,-0.02631578947368407,1
2019-04-22,48.78124237060547,48.879029923206865,48.25891781907729,48.3757861360363,77758000,255.233,3.7,2.42,2.59,0.003286488959793221,48.17783203125,46.794629669189455,0.008132496711107887,1.012524646998729,1.0424538609549898,0.0037596794047436433,-0.02631578947368407,1
2019-04-23,49.484840393066406,49.54923753304765,48.63099509296689,48.75740200226944,93292000,255.233,3.7,2.42,2.57,0.014423536348572075,48.57136459350586,47.0181079864502,0.007610808359826201,1.0188068794691159,1.0524634552995429,0.0037596794047436433,-0.02631578947368407,0
2019-04-24,49.40851593017578,49.72333948607253,49.38228033057737,49.45621602782266,70162400,255.233,3.7,2.42,2.53,-0.0015423807025417569,48.94867782592773,47.26102428436279,0.0069147205392782905,1.0093942906054243,1.0454389569064741,0.0037596794047436433,-0.02631578947368407,0
2019-04-25,48.96012115478515,49.55161030134446,48.92195962551455,49.32980323611612,74172800,255.233,3.7,2.42,2.54,-0.009075252857711935,49.0512336730957,47.461486434936525,0.007546085846245664,0.9981425030220896,1.0315758066680667,0.0037596794047436433,-0.02631578947368407,0
2019-04-26,48.72639465332031,48.89334681703382,48.206453755716254,48.86949494823866,74596400,255.233,3.7,2.42,2.51,-0.004773813788693904,49.07222290039063,47.64728145599365,0.00779220499824536,0.9929526679936164,1.0226479489354143,0.0037596794047436433,-0.02631578947368407,1
2019-04-29,48.800331115722656,49.12469688428121,48.62145301481061,48.750243646182206,88818800,255.233,3.7,2.42,2.54,0.001517380116636824,49.07604064941406,47.82210521697998,0.007787485956161827,0.9943819931265239,1.0204555172614054,0.0037596794047436433,-0.02631578947368407,0
2019-04-30,47.86062240600586,48.51173764933064,47.48855655267741,48.43064712012503,186139600,255.233,3.7,2.42,2.51,-0.01925619536245393,48.751197052001956,47.93455963134765,0.009286411060458544,0.9817322506964057,0.9984575382373296,0.0,0.0,1
2019-05-01,50.20989608764648,51.35232939695796,49.9022236875031,50.057253572929376,259309200,255.296,3.6,2.39,2.52,0.049085731934522814,48.91147308349609,48.13132553100586,0.013779468685525115,1.026546389268094,1.0431854002296617,0.0002468332856644384,-0.027027027027027084,0
2019-05-02,49.88314437866211,50.71790895155389,49.63987275199008,50.047712833889186,127985200,255.296,3.6,2.39,2.55,-0.006507715300067329,49.09607772827148,48.29589366912842,0.013965539459845536,1.016031151301877,1.0328651276319232,0.0002468332856644384,-0.027027027027027084,1
2019-05-03,50.50325775146485,50.524722253231914,50.140730395831206,50.298144020692696,83569600,255.296,3.6,2.39,2.54,0.012431320850495586,49.45145034790039,48.48741264343262,0.014098225540716615,1.0212694955590744,1.0415746066480465,0.0002468332856644384,-0.027027027027027084,0
2019-05-06,49.72333526611328,49.80919689030437,48.53558583087321,48.724002474337155,129772400,255.296,3.6,2.39,2.51,-0.015443013383209858,49.636051177978516,48.62431335449219,0.01473390063236166,1.0017584817096306,1.022602312213825,0.0002468332856644384,-0.027027027027027084,0
2019-05-07,48.3829345703125,49.47051251990543,47.898771611518136,49.10321786261712,155054800,255.296,3.6,2.39,2.45,-0.026957175914027465,49.74051361083984,48.65722579956055,0.015833699574789663,0.9727067747802369,0.9943627852854174,0.0002468332856644384,-0.027027027027027084,1
2019-05-08,48.39249420166016,48.974444953507046,48.11821586434312,48.153990033807155,105358000,255.296,3.6,2.39,2.49,0.0001975827103619654,49.37703323364258,48.69777164459229,0.015809423765334514,0.9800607900575199,0.993731182503378,0.0002468332856644384,-0.027027027027027084,0
2019-05-09,47.872554779052734,48.10151673222708,46.90422848199932,47.796231701804864,139634400,255.296,3.6,2.39,2.45,-0.010744216250576977,48.9749153137207,48.69896488189697,0.01597836641821568,0.9774913233109944,0.9830302326784889,0.0002468332856644384,-0.027027027027027084,0
2019-05-10,47.209354400634766,47.609193424330066,46.15350333476438,47.26681714942141,164834800,255.296,3.6,2.39,2.47,-0.013853456985507662,48.31613464355469,48.686913299560544,0.01617918126829304,0.9770929472921409,0.9696518263576361,0.0002468332856644384,-0.027027027027027084,0
2019-05-13,44.4655647277832,45.36579237166061,43.77842304776529,44.94201700800786,229722400,255.296,3.6,2.39,2.4,-0.058119618615557034,47.26458053588867,48.53862609863281,0.020735809198649813,0.9407798445184522,0.9160861833506999,0.0002468332856644384,-0.027027027027027084,1
2019-05-14,45.16946792602539,45.41846581889829,44.39134448751161,44.63076708397739,146118800,255.296,3.6,2.39,2.42,0.015830299301301087,46.62188720703125,48.421240615844724,0.021140643952104816,0.9688468363677304,0.9328440856024811,0.0002468332856644384,-0.027027027027027084,1
2019-05-15,45.7105712890625,45.90929252430421,44.53740178105204,44.59725744275256,106178800,255.296,3.6,2.39,2.37,0.011979405290389433,46.08550262451172,48.33067169189453,0.02137766861883835,0.99186444078729,0.9457880407800862,0.0002468332856644384,-0.027027027027027084,0
2019-05-16,45.50944900512695,46.08166888253502,45.21256366098968,45.46874760084426,132125600,255.296,3.6,2.39,2.4,-0.004399907466999253,45.61288146972656,48.183777046203616,0.02079031297377237,0.9977323847723092,0.9444973348911141,0.0002468332856644384,-0.027027027027027084,0
2019-05-17,45.250877380371094,45.70577891917145,44.71456937030482,44.75527077928806,131516400,255.296,3.6,2.39,2.39,-0.0056817129279400636,45.22118606567383,48.015248489379886,0.020740843664884455,1.0006565797423832,0.9424272247675607,0.0002468332856644384,-0.027027027027027084,0
2019-05-20,43.83588409423828,44.137558916174555,43.163107155315394,43.93883771462418,154449200,255.296,3.6,2.39,2.41,-0.03126996354653244,45.09524993896484,47.76798057556152,0.02157869382297294,0.97207320401969,0.9176834265559274,0.0002468332856644384,-0.027027027027027084,1
2019-05-21,44.67625427246094,45.011444418513406,44.221349184762765,44.345849947567366,113459200,255.296,3.6,2.39,2.43,0.019170827635551557,44.99660720825195,47.52755126953125,0.02182949940337428,0.9928805090946443,0.9400074920565451,0.0002468332856644384,-0.027027027027027084,0
2019-05-22,43.76166534423828,44.46317550697471,43.70659916562799,44.211781030181115,118994400,255.296,3.6,2.39,2.39,-0.02047147736793198,44.60682601928711,47.245208740234375,0.02208644365344837,0.9810531088967549,0.9262667371172078,0.0002468332856644384,-0.027027027027027084,0
2019-05-23,43.01466751098633,43.22535692609775,42.571734215795686,43.048186530660814,146118800,255.296,3.6,2.39,2.31,-0.017069684788636685,44.107869720458986,46.947936058044434,0.02222044962718799,0.9752152571320943,0.9162206291199856,0.0002468332856644384,-0.027027027027027084,0
2019-05-24,42.849464416503906,43.608433644945144,42.76566504244201,43.143953201217286,94858800,255.296,3.6,2.39,2.32,-0.003840622374687186,43.627587127685544,46.654089546203615,0.02222461847877195,0.9821644339645854,0.9184503402229762,0.0002468332856644384,-0.027027027027027084,0
2019-05-28,42.67228317260742,43.23732057790703,42.59566985074056,42.83748532867149,111792800,255.296,3.6,2.39,2.26,-0.004134969860399074,43.394866943359375,46.34768714904785,0.02215755365446507,0.9833486349504171,0.9206993012483917,0.0002468332856644384,-0.027027027027027084,0
2019-05-29,42.46879196166992,42.940454887046144,42.138387526779006,42.23894460407194,113924800,255.296,3.6,2.39,2.25,-0.004768697519989429,42.95337448120117,46.07809562683106,0.021952819386174056,0.9887184062862551,0.9216698603520529,0.0002468332856644384,-0.027027027027027084,1
2019-05-30,42.68904495239258,42.91170618886097,42.29878499432178,42.60524559159138,84873600,255.296,3.6,2.39,2.22,0.005186231596167046,42.73885040283203,45.70205307006836,0.01802744285823851,0.9988346562911727,0.9340728060278524,0.0,0.0,0
2019-05-31,41.91571807861328,42.61483166128946,41.89656383142089,42.19344552965514,108174400,255.296,3.6,2.39,2.14,-0.018115347266300375,42.51906051635742,45.30368175506592,0.018165788637813974,0.9858100712852762,0.9252165928859901,0.0,0.0,0
2019-06-03,41.491947174072266,42.598078679964765,40.76649681588305,42.0426200156373,161584400,255.213,3.6,2.38,2.07,-0.010110071447332225,42.24755706787109,44.85311622619629,0.017485062540587352,0.9821147080153076,0.9250627529384247,-0.0003251128102280676,0.0,1
2019-06-04,43.009864807128906,43.05535567411662,41.784022575156136,42.00429087288261,123872000,255.213,3.6,2.38,2.12,0.03658342730189257,42.31507339477539,44.51744270324707,0.020229543463065672,1.0164194778978997,0.966135119077534,-0.0003251128102280676,0.0,1
2019-06-05,43.704200744628906,44.290789049992995,43.36901055867717,44.12079739285381,119093600,255.213,3.6,2.38,2.12,0.01614364380389577,42.562155151367186,44.28350601196289,0.020290584761244998,1.026832419298322,0.9869182610072136,-0.0003251128102280676,0.0,1
2019-06-06,44.345855712890625,44.4057113648459,43.61082655329625,43.8334914782854,90105200,255.213,3.6,2.38,2.12,0.014681768739142953,42.893517303466794,44.08117408752442,0.02073476408330409,1.033859158696376,1.0060044141483317,-0.0003251128102280676,0.0,1
2019-06-07,45.52621841430664,45.94999755545234,44.47754962295111,44.65472005742901,122737600,255.213,3.6,2.38,2.09,0.02661720430107528,43.61561737060547,43.96385726928711,0.02176675066215589,1.043805433899207,1.0355373991742756,-0.0003251128102280676,0.0,1
2019-06-10,46.10800552368164,46.77599298149099,45.87815821635535,45.92364909565006,104883600,255.213,3.6,2.38,2.15,0.012779166151699828,44.53882904052735,43.908789825439456,0.02183613589013024,1.035231651055003,1.0500860011625286,-0.0003251128102280676,0.0,1
2019-06-11,46.64191436767578,46.92682783549049,46.35221507841626,46.65388622788541,107731600,255.213,3.6,2.38,2.15,0.011579525896428411,45.26523895263672,44.01760730743408,0.01732858204859194,1.030413523641829,1.0596194845828997,-0.0003251128102280676,0.0,0
2019-06-12,46.49347305297851,46.91964496831461,46.3019342514873,46.43601031654152,73012800,255.213,3.6,2.38,2.13,-0.003182573372248809,45.82309341430664,44.08380756378174,0.01708053020273883,1.0146297333663328,1.0546610109780195,-0.0003251128102280676,0.0,0
2019-06-13,46.4838981628418,47.11597370565027,46.352218650285145,46.61558132869754,86698400,255.213,3.6,2.38,2.1,-0.0002059405225718347,46.250701904296875,44.122473907470706,0.016906642057919023,1.0050420047468136,1.053519760934603,-0.0003251128102280676,0.0,0
2019-06-14,46.14632415771485,46.3498312238866,45.56213229096333,45.86141061177457,75046000,255.213,3.6,2.38,2.09,-0.007262170740163887,46.37472305297852,44.154317665100095,0.016966538998592694,0.9950749270243028,1.0451146478521907,-0.0003251128102280676,0.0,1
2019-06-17,46.421653747558594,46.677837716141795,46.00984653024875,46.184624027838574,58676400,255.213,3.6,2.38,2.09,0.0059664468377318425,46.437452697753905,44.212856483459475,0.016931081499863557,0.9996597799991713,1.049958257388899,-0.0003251128102280676,0.0,1
2019-06-18,47.51341247558594,47.95394916644094,46.73768561849317,46.93879971823583,106204000,255.213,3.6,2.38,2.06,0.023518307511497527,46.611752319335935,44.39673290252686,0.01575613172392951,1.0193440519050379,1.0702006514736515,-0.0003251128102280676,0.0,0
2019-06-19,47.374549865722656,47.85579164174734,47.240473790931375,47.8079041979227,84496800,255.213,3.6,2.38,2.03,-0.0029225981176290716,46.787967681884766,44.53164768218994,0.01541870370427504,1.0125370306277484,1.0638400403196784,-0.0003251128102280676,0.0,1
2019-06-20,47.75523376464844,48.03056829541135,47.41285754434342,47.97310555578911,86056000,255.213,3.6,2.38,2.01,0.00803562039121819,47.04223480224609,44.73132610321045,0.014414971905473311,1.0151565708006776,1.067601565275771,-0.0003251128102280676,0.0,0
2019-06-21,47.59243392944336,48.08804056701421,47.44159649134794,47.59722340535266,191202400,255.213,3.6,2.38,2.07,-0.0034090469749850083,47.3314567565918,44.9602144241333,0.013643429363920857,1.0055138208442151,1.0585455282859408,-0.0003251128102280676,0.0,0
2019-06-24,47.54454803466797,47.92283624223558,47.44638387600242,47.53496908327158,72881600,255.213,3.6,2.38,2.02,-0.0010061661239343378,47.55603561401367,45.1949686050415,0.013559510218027182,0.9997584411905369,1.0519876327420299,-0.0003251128102280676,0.0,0
2019-06-25,46.82388687133789,47.70735333308996,46.75684517194282,47.50863210598545,84281200,255.213,3.6,2.38,2.0,-0.015157598360270308,47.418130493164064,45.40254878997803,0.014173245485814256,0.9874680082144562,1.0313052486972627,-0.0003251128102280676,0.0,1
2019-06-26,47.83663558959961,48.12154906442843,47.25005095787499,47.350608010173595,104270000,255.213,3.6,2.38,2.05,0.021628890421774294,47.51054763793945,45.67094097137451,0.014466504999054127,1.006863485433701,1.0474195313729686,-0.0003251128102280676,0.0,0
2019-06-27,47.822265625,48.26040936812675,47.78156422634431,47.95394511635136,83598800,255.213,3.6,2.38,2.01,-0.0003003966399913738,47.52395401000977,45.927602005004886,0.014535950329658856,1.0062770790268714,1.0412532668217394,-0.0003251128102280676,0.0,0
2019-06-28,47.38652801513672,47.76481622109825,47.178231489393795,47.568487904600694,124442400,255.213,3.6,2.38,2.0,-0.009111605319583438,47.48277282714844,46.20114250183106,0.013881199187199957,0.9979730583055443,1.0256570606075095,-0.0003251128102280676,0.0,1
2019-07-01,48.25563049316406,48.95953359072476,48.04014794005199,48.64349397414677,109012000,255.802,3.7,2.4,2.03,0.018340708096396652,47.62498931884765,46.539326667785645,0.01357146538605541,1.0132418124042881,1.0368785701956973,0.0023078761661827762,0.0277777777777779,1
2019-07-02,48.53814697265625,48.63391821311523,48.21013915067002,48.22211101238979,67740800,255.802,3.7,2.4,1.98,0.005854580628310568,47.96784133911133,46.815740776062015,0.011741399791611934,1.011889332886863,1.0367911768145073,0.0023078761661827762,0.0277777777777779,1
2019-07-03,48.940372467041016,48.94755485247247,48.52856532024344,48.66982377146037,45448000,255.802,3.7,2.4,1.96,0.008286791306873598,48.18858871459961,47.077549362182616,0.011518021304435399,1.0156008667714653,1.039569245427945,0.0023078761661827762,0.0277777777777779,0
2019-07-05,48.89728546142578,49.10079616973039,48.57885290715956,48.686596019379415,69062000,255.802,3.7,2.4,2.04,-0.0008803979913363236,48.40359268188477,47.305120849609374,0.01140703697335541,1.0101995069412644,1.0336573415989816,0.0023078761661827762,0.0277777777777779,0
2019-07-08,47.88931655883789,48.21971731146836,47.503845969686104,48.07845883336478,101354400,255.802,3.7,2.4,2.05,-0.020614005319028572,48.504150390625,47.423275756835935,0.011574922165534523,0.9873240985186714,1.0098272587577373,0.0023078761661827762,0.0277777777777779,1
2019-07-09,48.181400299072266,48.24604176393507,47.59960154221708,47.69297620031747,82312000,255.802,3.7,2.4,2.07,0.006099141963646915,48.48930435180664,47.52694549560547,0.011360025364775197,0.9936500624859367,1.0137701844004958,0.0023078761661827762,0.0277777777777779,1
2019-07-10,48.65785598754883,48.777567292500045,48.25802066740765,48.32745527012685,71588400,255.802,3.7,2.4,2.07,0.009888788734223164,48.51324615478516,47.62774257659912,0.011293139506894354,1.002980831921704,1.0216284324056089,0.0023078761661827762,0.0277777777777779,0
2019-07-11,48.30351257324219,48.93558813067086,48.29393727609442,48.67701126809106,80767200,255.802,3.7,2.4,2.13,-0.007282347467124639,48.38587417602539,47.718244552612305,0.01143192620099377,0.9982978172000453,1.012265078611276,0.0023078761661827762,0.0277777777777779,1
2019-07-12,48.67460632324219,48.84220138163717,48.41124005055131,48.471095689499386,70380800,255.802,3.7,2.4,2.12,0.007682541708272428,48.341338348388675,47.82777996063233,0.011488722044255037,1.006894057678993,1.0177057426313096,0.0023078761661827762,0.0277777777777779,1
2019-07-15,49.13191604614258,49.28993219429551,48.84221307681378,48.863760235202925,67789600,255.802,3.7,2.4,2.09,0.009395242354164113,48.58985824584961,47.977059555053714,0.011356889742032562,1.0111557806476883,1.0240710143931115,0.0023078761661827762,0.0277777777777779,0
2019-07-16,48.96192932128906,49.34739991342239,48.72250668402115,48.98347648185129,67467200,255.802,3.7,2.4,2.13,-0.003459802477352447,48.74596405029297,48.10407333374023,0.011431418241896429,1.0044304236300112,1.0178333336055998,0.0023078761661827762,0.0277777777777779,0
2019-07-17,48.68658828735352,49.103181282791674,48.66743404051857,48.854183380535474,56430000,255.802,3.7,2.4,2.06,-0.005623574024804956,48.75171051025391,48.16273212432861,0.010457926318878902,0.9986642063997593,1.010876794980663,0.0023078761661827762,0.0277777777777779,1
2019-07-18,49.23965835571289,49.292331625927645,48.77038839924491,48.84221591801951,74162400,255.802,3.7,2.4,2.04,0.011359803342454233,48.93893966674805,48.255987548828124,0.010642415634337854,1.0061447732830462,1.0203844301370775,0.0023078761661827762,0.0277777777777779,0
2019-07-19,48.5046272277832,49.440770539487346,48.449561048653315,49.2707788735222,83717200,255.802,3.7,2.4,2.05,-0.014927624448970334,48.90494384765625,48.293457221984866,0.011180535047960825,0.9918143936302213,1.004372642133026,0.0023078761661827762,0.0277777777777779,1
2019-07-22,49.6131591796875,49.615552090872,48.74884331314436,48.758418611181895,89111600,255.802,3.7,2.4,2.05,0.022854148465021762,49.00119247436523,48.39449348449707,0.012155263587131038,1.0124888125047653,1.0251819082594764,0.0023078761661827762,0.0277777777777779,1
2019-07-23,50.001007080078125,50.01776841303781,49.62990137751102,49.91002899056307,73420800,255.802,3.7,2.4,2.08,0.007817440106684836,49.209008026123044,48.51731643676758,0.012194692519787595,1.016094594988272,1.030580641145811,0.0023078761661827762,0.0277777777777779,0
2019-07-24,49.9603271484375,50.075249004900485,49.6011931503532,49.72090448304797,59966400,255.802,3.7,2.4,2.05,-0.0008135822459630626,49.46375579833985,48.67413845062256,0.011497704145859829,1.0100390951330533,1.0264244779416016,0.0023078761661827762,0.0277777777777779,0
2019-07-25,49.56526565551758,50.09678409812618,49.4958310584991,50.01298473022078,55638400,255.802,3.7,2.4,2.08,-0.00790750412314456,49.52887725830078,48.760569953918456,0.010902346443729663,1.0007346905326973,1.0165030003209479,0.0023078761661827762,0.0277777777777779,1
2019-07-26,49.73765182495117,50.214100456871776,49.59399680482801,49.67539961135831,70475600,255.802,3.7,2.4,2.08,0.0034779631896193486,49.775482177734375,48.85633926391601,0.01089616868643132,0.9992399801844587,1.018038857890568,0.0023078761661827762,0.0277777777777779,1
2019-07-29,50.20212936401367,50.43197666906582,49.90524767605758,49.910037151014635,86693600,255.802,3.7,2.4,2.06,0.009338549811261698,49.89327621459961,48.99711933135986,0.010682902591794163,1.0061902759819907,1.024593487313091,0.0023078761661827762,0.0277777777777779,0
2019-07-30,49.98665237426758,50.3170567461196,49.63470084424237,49.98186289912939,135742800,255.802,3.7,2.4,2.06,-0.004292188249300666,49.8904052734375,49.083670425415036,0.01015166742348113,1.0019291705549909,1.0183967894215382,0.0,0.0,1
2019-07-31,51.006591796875,53.00098259885539,50.58999878893159,51.81584139677293,277125600,255.802,3.7,2.4,2.02,0.020404235414101635,50.099658203125,49.207092666625975,0.010946747885063708,1.0181025904422922,1.0365699136594084,0.0,0.0,0
2019-08-01,49.90285110473633,52.20130954173058,49.49822997674807,51.21249302793154,216071600,256.036,3.6,2.13,1.9,-0.021639177472082993,50.16717529296875,49.25521659851074,0.012104010126717224,0.9947311327239613,1.0131485465083747,0.0009147700174354512,-0.027027027027027084,0
2019-08-02,48.84700393676758,49.42400967424095,48.274784021316925,49.20853077764251,163448400,256.036,3.6,2.13,1.86,-0.021158052988850984,49.98904571533203,49.25270252227783,0.013083332272728163,0.9771541592318458,0.9917629172667887,0.0009147700174354512,-0.027027027027027084,0
2019-08-05,46.28996276855469,47.56129613952905,46.108002914969816,47.403280006312706,209572000,256.036,3.6,2.13,1.75,-0.05234796327576163,49.20661239624023,49.17273483276367,0.017043631236686202,0.9407264697638807,0.9413745834147056,0.0009147700174354512,-0.027027027027027084,1
2019-08-06,47.166259765625,47.422443742301255,46.45756714849681,47.001057560598184,143299200,256.036,3.6,2.13,1.73,0.018930604922966054,48.64253387451172,49.12197780609131,0.017580053476500976,0.9696505508389999,0.9601864963950252,0.0009147700174354512,-0.027027027027027084,1
2019-08-07,47.6546630859375,47.7791638357529,46.40488072701864,46.7855617074542,133457600,256.036,3.6,2.13,1.71,0.010354930044049304,47.97214813232422,49.07181816101074,0.017595433092843518,0.9933818880590675,0.971120795434492,0.0009147700174354512,-0.027027027027027084,1
2019-08-08,48.70574188232422,48.72968560566816,47.73847610399667,47.932407841865114,108038000,256.036,3.6,2.13,1.72,0.02205615837617536,47.7327262878418,49.09192962646485,0.018245575379744257,1.0203846641529517,0.9921333761561404,0.0009147700174354512,-0.027027027027027084,0
2019-08-09,48.30437088012695,48.72975623976397,47.89580320061627,48.37887327643021,98478800,256.036,3.6,2.13,1.74,-0.008240732749066892,47.62419967651367,49.073417854309085,0.018266514201096505,1.014282050055084,0.9843286445532425,0.0009147700174354512,-0.027027027027027084,0
2019-08-12,48.18181610107422,48.559139553712626,47.862173717775995,47.97513018657987,89927600,256.036,3.6,2.13,1.65,-0.002537136429265785,48.00257034301758,49.025912857055665,0.01813025564349551,1.0037340866702715,0.9827826407140532,0.0009147700174354512,-0.027027027027027084,1
2019-08-13,50.222225189208984,50.98407789993375,48.18180328537323,48.31158474007361,188874000,256.036,3.6,2.13,1.68,0.04234811497878077,48.613763427734376,49.08892765045166,0.020515467294750508,1.0330865509695752,1.023086622442177,0.0009147700174354512,-0.027027027027027084,0
2019-08-14,48.72738265991211,49.614209594454216,48.68892860481672,48.82591980090135,146189600,256.036,3.6,2.13,1.59,-0.02976456187803611,48.8283073425293,49.09096736907959,0.021634614837480033,0.9979330702186908,0.9925936536056836,0.0009147700174354512,-0.027027027027027084,0
2019-08-15,48.4846305847168,49.30175878721862,47.98714105517574,48.89800235789184,108909600,256.036,3.6,2.13,1.52,-0.0049818410500226395,48.78408508300781,49.053215980529785,0.02150174873573089,0.9938616354538272,0.9884088049183427,0.0009147700174354512,-0.027027027027027084,1
2019-08-16,49.62861633300781,49.78723651957056,48.98933158147647,49.0950783725183,110481600,256.036,3.6,2.13,1.55,0.02359481209807579,49.04893417358399,49.109415435791014,0.021868439701467023,1.0118184455827792,1.0105723290047228,0.0009147700174354512,-0.027027027027027084,1
2019-08-19,50.553897857666016,51.125886205011135,50.47698976585309,50.61878493455606,97654400,256.036,3.6,2.13,1.6,0.018644112873298146,49.52335052490234,49.156452369689944,0.021670164100287912,1.020809321700588,1.0284285260756072,0.0009147700174354512,-0.027027027027027084,1
2019-08-20,50.55630111694336,51.27489599056535,50.546689438817666,50.68127493565582,107537200,256.036,3.6,2.13,1.55,4.7538555466353216e-05,49.59016571044922,49.184217071533205,0.02161418531744879,1.019482399234866,1.02789683616219,0.0009147700174354512,-0.027027027027027084,1
2019-08-21,51.1042594909668,51.346993790769034,50.85431551562843,51.18837726179461,86141600,256.036,3.6,2.13,1.59,0.010838577228107216,50.06554107666015,49.24141368865967,0.021725844232646816,1.020747172445738,1.0378308757357253,0.0009147700174354512,-0.027027027027027084,0
2019-08-22,51.06100082397461,51.53685773953752,50.65003098745678,51.23644237187765,89014800,256.036,3.6,2.13,1.62,-0.0008464786971393856,50.580815124511716,49.31620044708252,0.021624482413861626,1.0094934353723017,1.0353798622171695,0.0009147700174354512,-0.027027027027027084,0
2019-08-23,48.70093536376953,50.96246310509183,48.30679055271319,50.332790008185185,187272000,256.036,3.6,2.13,1.52,-0.0462205092364143,50.39527893066406,49.264364624023436,0.02412205167455077,0.9663789227315186,0.988563147732567,0.0009147700174354512,-0.027027027027027084,1
2019-08-26,49.626216888427734,49.79444876140259,49.282539799826424,49.47480636916046,104174400,256.036,3.6,2.13,1.54,0.018999255717510488,50.20974273681641,49.23556900024414,0.024429961104397373,0.9883782346496509,1.0079342616753684,0.0009147700174354512,-0.027027027027027084,0
2019-08-27,49.06624603271485,50.121304742904,48.91483550162449,49.9554748597441,103493200,256.036,3.6,2.13,1.49,-0.011283770773255597,49.91173171997071,49.18954868316651,0.024540011541633846,0.9830603816353348,0.9974933160853771,0.0009147700174354512,-0.027027027027027084,1
2019-08-28,49.395503997802734,49.441167727719616,48.8643715966799,49.05183052262682,63755200,256.036,3.6,2.13,1.47,0.006710478011061838,49.56998062133789,49.10899429321289,0.02410920583694108,0.9964801958494199,1.0058341594796096,0.0009147700174354512,-0.027027027027027084,1
2019-08-29,50.23185348510742,50.30635957969884,49.66707477161969,50.109285330383344,83962000,256.036,3.6,2.13,1.5,0.01693169255529603,49.404151153564456,49.125444412231445,0.023940783218796488,1.0167537000882818,1.0225221183464857,0.0,0.0,0
2019-08-30,50.16696548461914,50.57793166287148,49.79685169001332,50.508236909621736,84573600,256.036,3.6,2.13,1.5,-0.0012917699823185025,49.697357177734375,49.19144248962402,0.023396292930154498,1.0094493617679767,1.0198311524448767,0.0,0.0,0
2019-09-03,49.43635559082031,49.74398065522446,49.08066479769928,49.611797150867986,80092000,256.43,3.5,2.04,1.47,-0.014563565620145602,49.65938491821289,49.348762130737306,0.020105066142526388,0.9955088181667997,1.0017749879895863,0.0015388460997671771,-0.02777777777777779,1
2019-09-04,50.27510452270508,50.34479926242044,49.825684383710225,50.08283798713356,76752400,256.43,3.5,2.04,1.47,0.01696623713177825,49.90115661621094,49.50420436859131,0.020030304938829586,1.007493772326164,1.0155724178167558,0.0015388460997671771,-0.02777777777777779,1
2019-09-05,51.25806427001953,51.42389411665541,50.832675141759566,50.95043926969008,95654800,256.43,3.5,2.04,1.57,0.01955162016362455,50.273668670654295,49.68437442779541,0.02030237649124576,1.0195807392894691,1.0316737376760396,0.0015388460997671771,-0.02777777777777779,0
2019-09-06,51.25326156616211,51.53204789572798,51.07301235316033,51.44312612414458,77449200,256.43,3.5,2.04,1.55,-9.369655147573042e-05,50.47795028686524,49.811750411987305,0.019856072319962708,1.0153594049459376,1.0289391788534277,0.0015388460997671771,-0.02777777777777779,1
2019-09-09,51.47196578979492,52.01752111151944,50.72693789572652,51.63298798303403,109237600,256.43,3.5,2.04,1.63,0.004267127924151515,50.73895034790039,49.970130157470706,0.019688269782549738,1.0144467994877404,1.030054667210021,0.0015388460997671771,-0.02777777777777779,1
2019-09-10,52.08000946044922,52.0992364848002,50.88075361239367,51.39746659829906,127111600,256.43,3.5,2.04,1.72,0.011813103722081886,51.26768112182617,50.16503982543945,0.01972327885295334,1.0158448426152282,1.0381733901074002,0.0015388460997671771,-0.02777777777777779,1
2019-09-11,53.73590087890625,53.76474325009253,52.32755338078154,52.40926915409926,177158400,256.43,3.5,2.04,1.75,0.03179514434832331,51.95984039306641,50.34072360992432,0.018763527529199228,1.0341814076487588,1.0674439504543116,0.0015388460997671771,-0.02777777777777779,0
2019-09-12,53.6157341003418,54.41604113184608,53.560458695911414,54.02670396356076,128906800,256.43,3.5,2.04,1.79,-0.0022362475849292407,52.43137435913086,50.5851411819458,0.017129148902979254,1.022588760178183,1.059910733618307,0.0015388460997671771,-0.02777777777777779,0
2019-09-13,52.57268905639648,53.06296532020904,52.15691521661223,52.87310442243304,159053200,256.43,3.5,2.04,1.9,-0.0194540849145749,52.69525985717773,50.789544105529785,0.01786009126044093,0.997673969136627,1.035108504757627,0.0015388460997671771,-0.02777777777777779,1
2019-09-16,52.84907531738281,52.90435439095115,52.28669857278956,52.32755462683127,84632400,256.43,3.5,2.04,1.84,0.005257221305340565,52.970681762695314,50.95056705474853,0.017273543687361687,0.9977042688282305,1.0372617690514465,0.0015388460997671771,-0.02777777777777779,1
2019-09-17,53.04132843017578,53.07017079472141,52.66160302374134,52.863484906843915,73274800,256.43,3.5,2.04,1.81,0.0036377762834713945,53.16294555664062,51.07493858337402,0.01689330539736109,0.9977123704265922,1.0385000922437106,0.0015388460997671771,-0.02777777777777779,1
2019-09-18,53.53882598876953,53.558053012289186,52.738519012265336,53.12785615379395,101360000,256.43,3.5,2.04,1.8,0.00937943247874462,53.123530578613284,51.22406482696533,0.016949582982246584,1.0078175415984765,1.0451889394100888,0.0015388460997671771,-0.02777777777777779,0
2019-09-19,53.103816986083984,53.77674437024011,52.96201816775611,53.35616292155293,88242400,256.43,3.5,2.04,1.79,-0.008125112843841542,53.02114715576172,51.32404270172119,0.01701875347740245,1.001559185999492,1.0346772037172962,0.0015388460997671771,-0.02777777777777779,0
2019-09-20,52.32754135131836,53.48834659405456,52.26505628460942,53.20475629070718,221652400,256.43,3.5,2.04,1.74,-0.014618076040919026,52.9721176147461,51.38736972808838,0.017416478466199887,0.987831782219552,1.0182957724476815,0.0015388460997671771,-0.02777777777777779,1
2019-09-23,52.56547546386719,52.8346464382801,52.30831816945667,52.62075086028852,76662000,256.43,3.5,2.04,1.72,0.004547014944795036,52.91539764404297,51.58059673309326,0.013336924429322394,0.9933871387959763,1.0190939770602159,0.0015388460997671771,-0.02777777777777779,0
2019-09-24,52.315528869628906,53.471530215080406,52.19776839960509,53.12064347326149,124763200,256.43,3.5,2.04,1.64,-0.00475495735618503,52.77023773193359,51.71506233215332,0.012975190803223463,0.9913832326355142,1.011611057018919,0.0015388460997671771,-0.02777777777777779,1
2019-09-25,53.120635986328125,53.23359243520831,52.18574369701998,52.52461304366053,87613600,256.43,3.5,2.04,1.73,0.015389448106422732,52.68659973144531,51.917781829833984,0.0128298528752867,1.0082380767993224,1.023168442758911,0.0015388460997671771,-0.02777777777777779,0
2019-09-26,52.8466682434082,53.09901788679732,52.591916597251874,52.87310494256668,75334000,256.43,3.5,2.04,1.7,-0.005157463532447837,52.635169982910156,52.090340042114256,0.012974232190126955,1.0040181927894736,1.0145195481673275,0.0015388460997671771,-0.02777777777777779,0
2019-09-27,52.589508056640625,53.103818957729175,52.21939431443392,53.002876179178735,101408000,256.43,3.5,2.04,1.69,-0.004866157041028885,52.68756332397461,52.20822277069092,0.01269573784316966,0.9981389295471677,1.0073031653964624,0.0015388460997671771,-0.02777777777777779,1
2019-09-30,53.82721710205078,53.97381992879909,53.06295860070048,53.08939529625113,103909600,256.43,3.5,2.04,1.68,0.023535284720235472,52.939911651611325,52.3912353515625,0.013506505781557102,1.0167606144921182,1.027408816395574,0.0015388460997671771,-0.02777777777777779,1
2019-10-01,53.97622299194336,54.84863029507966,53.882493554454456,54.09158512052922,139223200,257.155,3.6,1.83,1.65,0.0027682257771208807,53.27205047607422,52.61822872161865,0.01281729384439427,1.0132184233491333,1.0258084375570546,0.0028272822992627678,0.028571428571428692,0
2019-10-02,52.62315368652344,53.733487563158945,52.37560808292696,53.60851376014331,138449200,257.155,3.6,1.83,1.6,-0.025067876750507034,53.17255401611328,52.73563117980957,0.014049185616569232,0.989667595627937,0.9978671442671725,0.0028272822992627678,0.028571428571428692,1
2019-10-03,53.07017517089844,53.10382154299348,51.70268392792921,52.49577750833809,114426000,257.155,3.6,1.83,1.54,0.008494768045220313,53.217255401611325,52.826236724853516,0.013546392372623632,0.9972362304368587,1.004617751730366,0.0028272822992627678,0.028571428571428692,1
2019-10-04,54.55783462524414,54.67319677071832,53.807999015561506,54.228580544588866,138478800,257.155,3.6,1.83,1.52,0.028031930355516765,53.61092071533203,52.991465377807614,0.014743649571351361,1.0176627056069438,1.0295588966311642,0.0028272822992627678,0.028571428571428692,1
2019-10-07,54.56983947753906,55.259591853696065,54.27663384249984,54.379978615757466,122306000,257.155,3.6,1.83,1.56,0.00022003901689626737,53.75944519042969,53.146359062194826,0.014756459616747758,1.0150744540654904,1.0267841568164322,0.0028272822992627678,0.028571428571428692,0
2019-10-08,53.93055725097656,54.81017419574898,53.9137358998427,54.27183228459761,111820000,257.155,3.6,1.83,1.54,-0.011714936908063134,53.75031204223633,53.23888645172119,0.01495585753508522,1.0033533797645415,1.0129918344532356,0.0028272822992627678,0.028571428571428692,1
2019-10-09,54.56264114379883,54.745292369499005,54.22857939735441,54.56264114379883,74770400,257.155,3.6,1.83,1.59,0.011720329346510239,54.13820953369141,53.28022346496582,0.013437106602439668,1.0078397792199478,1.0240692999284482,0.0028272822992627678,0.028571428571428692,1
2019-10-10,55.29805374145508,55.38217150680817,54.62752828997779,54.77893513356194,113013600,257.155,3.6,1.83,1.67,0.013478317439181264,54.58378524780274,53.364339447021486,0.013703983414368752,1.0130857266569122,1.0362360766472773,0.0028272822992627678,0.028571428571428692,1
2019-10-11,56.76887893676758,57.112552273139926,55.83158101841057,55.98539350237772,166795600,257.155,3.6,1.83,1.76,0.026598136747982393,55.02599411010742,53.574148941040036,0.013842245094214544,1.0316738453315835,1.0596319317968717,0.0028272822992627678,0.028571428571428692,0
2019-10-14,56.68716812133789,57.23032136758356,56.39877014720684,56.454045539346986,96427600,257.155,3.6,1.83,1.76,-0.001439359327858214,55.449459838867185,53.76605358123779,0.013889557261362324,1.02232137672878,1.0543300901876023,0.0028272822992627678,0.028571428571428692,0
2019-10-15,56.55499649047851,57.11496750151027,56.449249695667106,56.812150134970125,87360000,257.155,3.6,1.83,1.77,-0.0023315969952224513,55.97434768676758,53.94173698425293,0.013952760237474597,1.0103734804907463,1.0484459650787379,0.0028272822992627678,0.028571428571428692,0
2019-10-16,56.32667541503906,56.53576699278494,56.04548708687691,56.08634313450599,73903200,257.155,3.6,1.83,1.75,-0.004037151261743754,56.327154541015624,54.081129455566405,0.013967824205775739,0.9999914938721747,1.0415218021901267,0.0028272822992627678,0.028571428571428692,1
2019-10-17,56.54538345336914,56.754471381621265,56.12239992403728,56.49971972945663,67585200,257.155,3.6,1.83,1.76,0.0038828501188565845,56.576620483398436,54.253207778930665,0.013737204086412338,0.9994478809486604,1.0422495879649838,0.0028272822992627678,0.028571428571428692,1
2019-10-18,56.81695556640625,57.09814389578318,56.307448635792866,56.37954905370019,97433600,257.155,3.6,1.83,1.76,0.004802728294539982,56.58623580932617,54.47767848968506,0.01307954015664721,1.004077312331881,1.0429401021037288,0.0028272822992627678,0.028571428571428692,1
2019-10-21,57.80231857299805,57.91768071421455,57.03566163738293,57.083727362633255,87247200,257.155,3.6,1.83,1.8,0.017342763208073153,56.8092658996582,54.7395206451416,0.013406029433208407,1.0174804700890496,1.0559522241290997,0.0028272822992627678,0.028571428571428692,0
2019-10-22,57.67013931274414,58.20848130833189,57.58842354511688,57.95853733426326,82293600,257.155,3.6,1.83,1.78,-0.0022867466827819483,57.03229446411133,55.00725116729736,0.013324117545689029,1.011183924031571,1.0484097657842955,0.0028272822992627678,0.028571428571428692,1
2019-10-23,58.44398880004883,58.45841181399988,57.97293969198548,58.184433223789526,75828800,257.155,3.6,1.83,1.77,0.013418547215710896,57.45575714111328,55.2734188079834,0.013250067925158721,1.0171998718337036,1.0573615683712239,0.0028272822992627678,0.028571428571428692,1
2019-10-24,58.540138244628906,58.8333439248231,58.11474907464559,58.763645508761726,69275200,257.155,3.6,1.83,1.77,0.0016451554138274815,57.85470809936523,55.558092308044436,0.013065145535081113,1.0118474393490404,1.053674376003596,0.0028272822992627678,0.028571428571428692,1
2019-10-25,59.261131286621094,59.29717966007289,58.371902625409106,58.4391953673054,73477200,257.155,3.6,1.83,1.8,0.01231621693442686,58.343543243408206,55.891673469543456,0.012931964415446822,1.0157273280332793,1.0602855060139456,0.0028272822992627678,0.028571428571428692,1
2019-10-28,59.85475158691406,59.902817306683154,59.29477696701474,59.46300881979624,96572800,257.155,3.6,1.83,1.85,0.010017026124963468,58.75402984619141,56.19305019378662,0.01230929003212967,1.0187344041524329,1.0651628872342709,0.0028272822992627678,0.028571428571428692,0
2019-10-29,58.47043991088867,60.02298808307294,58.29740403976976,59.83552919444613,142839600,257.155,3.6,1.83,1.84,-0.023127849323963168,58.91408996582031,56.41776103973389,0.013863756668765917,0.9924695424271337,1.0363835578251523,0.0,0.0,0
2019-10-30,58.46322250366211,58.95350235305917,57.970544319100384,58.823720882909704,124522000,257.155,3.6,1.83,1.78,-0.0001234368552308629,58.91793670654297,56.70976448059082,0.012113333083865504,0.9922822449613996,1.0309198607881966,0.0,0.0,1
2019-10-31,59.78507232666016,59.88360946741705,57.02125038206007,59.419769805656905,139162000,257.155,3.6,1.83,1.69,0.02260993777609932,59.16692352294922,57.045509338378906,0.012703311118622473,1.0104475400596278,1.0480241656189078,0.0,0.0,1
2019-11-01,61.48180389404297,61.50823692360431,59.88119007430968,59.972513844449246,151125200,257.879,3.6,1.55,1.73,0.028380522116156603,59.61105804443359,57.391707801818846,0.01273525615197321,1.031382530540138,1.0712663248556353,0.00281542260504386,0.0,1
2019-11-04,61.885555267333984,61.969673022918535,61.37605206348472,61.84469555712721,103272000,257.879,3.6,1.55,1.79,0.006567005971178652,60.01721878051758,57.757493591308595,0.012660708181546366,1.031130007767419,1.0714723132765336,0.00281542260504386,0.0,0
2019-11-05,61.7966423034668,62.05139394165395,61.60197373719849,61.77741161321152,79897600,257.879,3.6,1.55,1.86,-0.0014367321014265855,60.6824592590332,58.150797843933105,0.012082714558398102,1.0183608749223152,1.062696378978643,0.00281542260504386,0.0,1
2019-11-06,61.82307434082031,61.88315741177333,61.373654143589235,61.71011787405427,75864400,257.879,3.6,1.55,1.81,0.0004277261088672102,61.35442962646484,58.51381950378418,0.01210941928674378,1.0076383191435183,1.0565550986946275,0.00281542260504386,0.0,1
2019-11-07,62.536582946777344,62.75835567028647,62.218390178586034,62.370255243239974,94940400,257.879,3.6,1.55,1.92,0.011541137569826665,61.90473175048828,58.875745964050296,0.01205691046993685,1.0102068319888016,1.0621790335355132,0.00281542260504386,0.0,1
2019-11-08,62.70774841308594,62.78006162131691,61.914679233049654,62.35821740841793,69986400,257.879,3.6,1.55,1.94,0.002737045393961912,62.14992065429688,59.17268943786621,0.011076962963000106,1.0089755184385822,1.0597413943628788,0.00281542260504386,0.0,1
2019-11-11,63.204322814941406,63.26940470655906,62.25938848011843,62.264206908852415,81821200,257.879,3.6,1.55,1.94,0.007918868312481786,62.41367416381836,59.49854717254639,0.010985902509495618,1.0126678754570324,1.0622834643617134,0.00281542260504386,0.0,0
2019-11-12,63.146453857421875,63.34653263881731,62.89576319221143,63.04762091279184,87388800,257.879,3.6,1.55,1.92,-0.0009155854369164995,62.68363647460937,59.82812004089355,0.010937139071748366,1.0073833843861304,1.0554644507342064,0.00281542260504386,0.0,1
2019-11-13,63.751495361328125,63.826221446810386,62.93191395655707,62.9463765952712,102734400,257.879,3.6,1.55,1.88,0.00958155948507211,63.06932067871094,60.19936103820801,0.010728564031008976,1.0108162681201585,1.059006179830806,0.00281542260504386,0.0,0
2019-11-14,63.31037139892578,63.850329538427395,63.18020029158952,63.57793757671805,89182800,257.879,3.6,1.55,1.82,-0.006919429260477061,63.22407836914063,60.53761043548584,0.011119585259656197,1.001364876041076,1.0458022862728424,0.00281542260504386,0.0,1
2019-11-15,64.0624771118164,64.06729554078912,63.399578987253335,63.56108095621039,100206400,257.879,3.6,1.55,1.84,0.0118796604137974,63.49502410888672,60.899886512756346,0.011201000817442986,1.008936968067869,1.051930976889384,0.00281542260504386,0.0,1
2019-11-18,64.38548278808594,64.46502731928551,63.69365943729218,64.07210837908097,86703200,257.879,3.6,1.55,1.81,0.005042041626110549,63.731256103515626,61.22904472351074,0.010883148181767057,1.0102653976175784,1.0515513197834228,0.00281542260504386,0.0,0
2019-11-19,64.19023895263672,64.60243902243361,63.973291934658384,64.57833216346258,76167200,257.879,3.6,1.55,1.79,-0.0030324201511671145,63.9400131225586,61.55504970550537,0.010912335139791042,1.003913446648791,1.0428102854231902,0.00281542260504386,0.0,0
2019-11-20,63.44295120239258,64.13959286996739,62.770409030092,64.00942911252466,106234400,257.879,3.6,1.55,1.73,-0.011641766138236864,63.87830429077148,61.80499782562256,0.011375288327358046,0.9931846486344222,1.0265019567089277,0.00281542260504386,0.0,0
2019-11-21,63.158504486083984,63.64061205550533,62.95842572520261,63.56347307886726,121395200,257.879,3.6,1.55,1.77,-0.004483503855316706,63.847930908203125,62.03591613769531,0.01152849476637104,0.9892020553788915,1.0180957809327256,0.00281542260504386,0.0,0
2019-11-22,63.10306167602539,63.44053551515698,62.87647052195605,63.29831465996502,65325200,257.879,3.6,1.55,1.77,-0.0008778360176467936,63.65604782104492,62.22801265716553,0.011396294605895928,0.9913129048386081,1.0140619791874248,0.00281542260504386,0.0,1
2019-11-25,64.20951843261719,64.2263939691162,63.28145955811588,63.32726038211015,84020400,257.879,3.6,1.55,1.76,0.017534121597338803,63.62085494995117,62.44575099945068,0.011751140414444392,1.0092526811079339,1.0282447949610218,0.00281542260504386,0.0,0
2019-11-26,63.708133697509766,64.39995717446843,63.276645181059905,64.3469250252043,105207600,257.879,3.6,1.55,1.74,-0.007808573360250093,63.52443389892578,62.707635688781735,0.010332013473848076,1.0028917974912814,1.0159549630238573,0.00281542260504386,0.0,1
2019-11-27,64.5638656616211,64.59761673344,63.953999683634294,64.01908157822496,65235600,257.879,3.6,1.55,1.77,0.01343206768816052,63.748616790771486,63.01266784667969,0.010466917615106442,1.0127884950590431,1.0246172375801597,0.00281542260504386,0.0,0
2019-11-29,64.42163848876953,64.6024288680645,64.09621433476273,64.26495496465644,46617600,257.879,3.6,1.55,1.78,-0.0022028912208722495,64.0012435913086,63.24449615478515,0.009716747403635935,1.006568542638725,1.0186125656073444,0.00281542260504386,0.0,0
2019-12-02,63.67677688598633,64.66268611017567,63.505630736496585,64.42645072231561,94487200,258.63,3.6,1.55,1.83,-0.011562289011215587,64.11598663330078,63.354244804382326,0.008413049166014652,0.9931497623232965,1.0050909308855291,0.0029122185210892493,0.0,0
2019-12-03,62.54141998291016,62.56070105276443,61.77968898703024,62.26661508192712,114430400,258.63,3.6,1.55,1.72,-0.017829999547700592,63.78236694335938,63.38703804016113,0.009395195143536967,0.9805440434414857,0.986659448313152,0.0029122185210892493,0.0,1
2019-12-04,63.09342575073242,63.4718820212091,62.837909284948175,62.93192380768448,67181600,258.63,3.6,1.55,1.77,0.00882624295983514,63.65942535400391,63.451877212524415,0.00955872025346444,0.9911089426251648,0.9943508139153803,0.0029122185210892493,0.0,1
2019-12-05,64.0190658569336,64.09379930384016,63.33206840248821,63.58758484552913,74424400,258.63,3.6,1.55,1.8,0.014670943845372486,63.5504653930664,63.561676788330075,0.01002652425601355,1.0073736747790727,1.007195988081414,0.0029122185210892493,0.0,1
2019-12-06,65.25566864013672,65.32557629817515,64.43367434343493,64.47706961595611,106075600,258.63,3.6,1.55,1.84,0.01931616412470971,63.717271423339845,63.69763107299805,0.0105608070685167,1.0241441163821299,1.0244598981295419,0.0029122185210892493,0.0,0
2019-12-09,64.34207916259766,65.27736166371423,63.85755870346598,65.08452157936348,128042400,258.63,3.6,1.55,1.83,-0.014000155029859629,63.85033187866211,63.779347610473636,0.011160717104897034,1.0077015619099685,1.008823099846691,0.0029122185210892493,0.0,1
2019-12-10,64.71814727783203,65.10142205791261,64.08657994334212,64.74707256593162,90420400,258.63,3.6,1.55,1.85,0.005844823793835108,64.28567733764649,63.85503883361817,0.011105934288357851,1.0067273140471724,1.013516684978656,0.0029122185210892493,0.0,1
2019-12-11,65.2701416015625,65.34969348345126,64.7229520666511,64.79767816395331,78756800,258.63,3.6,1.55,1.79,0.008529204665899792,64.7210205078125,63.9612232208252,0.011209651107106292,1.008484431942536,1.0204642487248607,0.0029122185210892493,0.0,1
2019-12-12,65.43645477294922,65.70161539296117,64.43849598392988,64.54937865907041,137310400,258.63,3.6,1.55,1.9,0.002548074315541715,65.00449829101562,64.04547119140625,0.01105918434637687,1.0066450244719956,1.021718687608463,0.0029122185210892493,0.0,1
2019-12-13,66.3259506225586,66.36210722075081,65.30870330727501,65.43646152513958,133587600,258.63,3.6,1.55,1.82,0.013593276908043572,65.2185546875,64.1962501525879,0.011200890237572545,1.0169797681099308,1.033174842220669,0.0029122185210892493,0.0,1
2019-12-16,67.46131134033203,67.68549695987365,66.76708259212,66.77190101970982,128186000,258.63,3.6,1.55,1.89,0.017117895893184354,65.84240112304687,64.36619186401367,0.011491956356197427,1.0245876546066375,1.0480861052469503,0.0029122185210892493,0.0,1
2019-12-17,67.59390258789062,67.9217322522176,67.20580211215017,67.39141826173947,114158400,258.63,3.6,1.55,1.89,0.001965441301454929,66.4175521850586,64.5266128540039,0.011478846416508646,1.0177114386804618,1.0475352664307158,0.0029122185210892493,0.0,0
2019-12-18,67.43240356445312,67.95308077804,67.28295135021965,67.44686620735443,116028400,258.63,3.6,1.55,1.92,-0.002389254315173006,66.85000457763672,64.68872108459473,0.011463431039265325,1.0087120261321751,1.0424136145197618,0.0029122185210892493,0.0,1
2019-12-19,67.49988555908203,67.77950886281938,67.24196357196422,67.3745402255633,98369200,258.63,3.6,1.55,1.92,0.0010007354189058848,67.26269073486328,64.8915678024292,0.01097922822512381,1.0035263951178184,1.0401950183203186,0.0029122185210892493,0.0,0
2019-12-20,67.36006927490234,68.13384985354818,67.14794077021222,68.03261138491365,275978000,258.63,3.6,1.55,1.92,-0.0020713558700378165,67.46951446533203,65.10164604187011,0.010903820428343652,0.998377857150789,1.0346907239730887,0.0029122185210892493,0.0,1
2019-12-23,68.45928192138672,68.51954537378231,67.58425541558223,67.62282490788083,98572000,258.63,3.6,1.55,1.93,0.016318460748583785,67.66910858154297,65.36945705413818,0.011231623405003915,1.0116770171265308,1.0472671031165148,0.0029122185210892493,0.0,1
2019-12-24,68.52436065673828,68.67382019117778,68.19894391383995,68.6256064889227,48478800,258.63,3.6,1.55,1.9,0.0009506196022666114,67.8552001953125,65.58519916534424,0.010794519970723096,1.0098615943877505,1.044814402163882,0.0029122185210892493,0.0,1
2019-12-26,69.88391876220703,69.9007942963268,68.62803033131719,68.65695561473434,93121200,258.63,3.6,1.55,1.9,0.019840507703227317,68.34550323486329,65.8939884185791,0.011062469307217465,1.0225093891262622,1.060550748852576,0.0029122185210892493,0.0,0
2019-12-27,69.8573989868164,70.86259672343512,69.45243030638008,70.17559181703608,146266000,258.63,3.6,1.55,1.88,-0.0003794832324853781,68.81700592041015,66.15866508483887,0.010918502753546588,1.0151182553278983,1.0559070213589474,0.0029122185210892493,0.0,1
2019-12-30,70.27201843261719,70.55405468487673,68.75338206119498,69.77544807084396,144114400,258.63,3.6,1.55,1.9,0.0059352259290248455,69.39939575195312,66.45118408203125,0.010826253096340166,1.0125739233203555,1.057498363699122,0.0029122185210892493,0.0,1
2019-12-31,70.78545379638672,70.79268511683624,69.78990032835488,69.88873327875099,100805600,258.63,3.6,1.55,1.92,0.007306398410369619,69.86463012695313,66.80661792755127,0.01016281607835135,1.0131801122794228,1.0595575108015542,0.0,0.0,1
2020-01-02,72.4005126953125,72.46077614730521,71.15667416341765,71.40977771923563,135480400,259.127,3.6,1.55,1.88,0.022816254079142784,70.63986053466797,67.29957256317138,0.009310843728430053,1.0249243436682671,1.0757945398145445,0.0019216641534238743,0.0,0
2020-01-03,71.6966552734375,72.45597354015936,71.47247692584565,71.62916047987068,146322800,259.127,3.6,1.55,1.8,-0.009721718751317221,71.00240783691406,67.72973403930663,0.010054011872774217,1.0097778013122887,1.0585698628585885,0.0019216641534238743,0.0,1
2020-01-06,72.26792907714844,72.30649856939735,70.5685026643333,70.81920068576198,118387200,259.127,3.6,1.55,1.81,0.007967928232247568,71.48451385498046,68.14217720031738,0.009876027182616445,1.0109592299075751,1.060546229168795,0.0019216641534238743,0.0,0
2020-01-07,71.92805480957031,72.53309491165653,71.70869494472285,72.2775784441153,108872000,259.127,3.6,1.55,1.83,-0.004702975052949143,71.81572113037109,68.47579650878906,0.00964514688497306,1.0015641934305066,1.0504157450777245,0.0019216641534238743,0.0,1
2020-01-08,73.08512115478516,73.38643848288913,71.63156665826679,71.63156665826679,132079200,259.127,3.6,1.55,1.87,0.016086440100155253,72.27565460205078,68.91294860839844,0.008851984459225897,1.011199712506117,1.0605426502658495,0.0019216641534238743,0.0,1
2020-01-09,74.63748168945312,74.83032176731344,73.81066900497032,74.06135963491325,170108400,259.127,3.6,1.55,1.85,0.021240445526255147,72.72304840087891,69.40891532897949,0.009447966995653189,1.0263249867912727,1.075329895816577,0.0019216641534238743,0.0,1
2020-01-10,74.80622100830078,75.37029336253585,74.30483235122053,74.87131024106992,140644800,259.127,3.6,1.55,1.83,0.0022607852653675486,73.34496154785157,69.8857192993164,0.00950526700959053,1.0199231062313103,1.0704078280701406,0.0019216641534238743,0.0,1
2020-01-13,76.40441131591797,76.43093105955663,75.00388930942306,75.12201067519445,121532000,259.127,3.6,1.55,1.85,0.02136440373641979,74.17225799560546,70.43411712646484,0.009973185310541779,1.0300941805013508,1.0847642368929453,0.0019216641534238743,0.0,0
2020-01-14,75.37272644042969,76.55148346044966,75.24979396232517,76.34176775906714,161954400,259.127,3.6,1.55,1.82,-0.013502949080027027,74.86119232177734,70.8864559173584,0.01094176519381462,1.006833101407918,1.063288119923805,0.0019216641534238743,0.0,0
2020-01-15,75.04969024658203,76.05247495120804,74.61820187883205,75.17263004032235,121923600,259.127,3.6,1.55,1.79,-0.004285849923486129,75.25410614013671,71.2658748626709,0.010892138727094401,0.99728365794188,1.0530943511351336,0.0019216641534238743,0.0,1
2020-01-16,75.98979187011719,76.10068190640935,75.23047392822782,75.59205460116348,108829200,259.127,3.6,1.55,1.81,0.012526389122278436,75.52456817626953,71.68566932678223,0.010972567514382142,1.006159898759856,1.0600416036253275,0.0019216641534238743,0.0,1
2020-01-17,76.83110046386719,76.83350600016065,75.9319669058597,76.23810266381822,137816400,259.127,3.6,1.55,1.84,0.011071336992052538,75.9295440673828,72.15560417175293,0.010847662816658832,1.011873591598078,1.0647974103436944,0.0019216641534238743,0.0,0
2020-01-21,76.3104248046875,76.90100236781842,76.1730223343127,76.45987702591754,110843200,259.127,3.6,1.55,1.78,-0.006776886651839065,75.91074676513672,72.5961311340332,0.011192914921454607,1.0052651048314325,1.051163796370865,0.0019216641534238743,0.0,1
2020-01-22,76.58281707763672,77.1348251407198,76.48880253772091,76.79493830286927,101832400,259.127,3.6,1.55,1.77,0.0035695289817399,76.15276489257812,73.05726852416993,0.011043266561316257,1.0056472300863302,1.048257327774312,0.0019216641534238743,0.0,1
2020-01-23,76.95162963867188,77.03117417903718,76.0886526637108,76.63584965719392,104472000,259.127,3.6,1.55,1.74,0.00481586568774639,76.5331527709961,73.48188591003418,0.010801576892466554,1.0054679162235476,1.0472190348092834,0.0019216641534238743,0.0,0
2020-01-24,76.72982788085938,77.93991520434014,76.53939333547534,77.19747280109205,146537600,259.127,3.6,1.55,1.7,-0.0028823529645047863,76.68115997314453,73.89215927124023,0.010927638785301726,1.000634678814612,1.038402837832939,0.0019216641534238743,0.0,0
2020-01-27,74.47357177734375,75.15333787807808,73.4924810810553,74.74113795467083,161940000,259.127,3.6,1.55,1.61,-0.02940520219879783,76.20965423583985,74.12164192199707,0.012942630097514425,0.977219651815719,1.0047480040406693,0.0019216641534238743,0.0,1
2020-01-28,76.58039093017578,76.7515370876536,75.25459488094803,75.35342783283777,162234000,259.127,3.6,1.55,1.65,0.02828948716372648,76.2636474609375,74.45779151916504,0.014057323871288729,1.0041532693463227,1.0285074183333036,0.0019216641534238743,0.0,1
2020-01-29,78.18341827392578,79.02951978699829,77.46990081498579,78.20993802730467,216229200,259.127,3.6,1.55,1.6,0.02093260852130685,76.58376770019531,74.85336151123047,0.014519180810975335,1.0208875930470367,1.0444877383655735,0.0019216641534238743,0.0,0
2020-01-30,78.07009887695312,78.12313101118072,76.8359045055242,77.26739289963146,126743200,259.127,3.6,1.55,1.57,-0.0014494044833858188,76.80746154785156,75.21759376525878,0.014592033979586971,1.0164389930829172,1.0379233762860924,0.0019216641534238743,0.0,0
2020-01-31,74.60856628417969,77.78324080814086,74.31448034488959,77.36139664518089,199588400,259.127,3.6,1.55,1.51,-0.04433877556923793,76.38320922851562,75.32799644470215,0.017679106970202137,0.9767665830977756,0.9904493655151098,0.0,0.0,0
2020-02-03,74.4036865234375,75.56797344941275,72.8512990512171,73.3526878513845,173788400,259.25,3.5,1.58,1.54,-0.0027460621607686697,76.36923217773438,75.46334800720214,0.01751090006186405,0.9742625976686206,0.9859579317410684,0.0004746707213065804,-0.02777777777777779,1
2020-02-04,76.86000061035156,77.05043515977154,75.60169956180454,76.00666815397705,136616400,259.25,3.5,1.58,1.61,0.03301333847403254,76.42515411376954,75.69295158386231,0.018807558817503896,1.0056898347360177,1.0154181994765556,0.0004746707213065804,-0.02777777777777779,1
2020-02-05,77.48676300048828,78.28465065522497,76.88412837567931,77.98573887898152,118826800,259.25,3.5,1.58,1.66,0.008154597777251471,76.28582305908203,75.9708869934082,0.018740888918900765,1.0157426359610244,1.0199533803944083,0.0004746707213065804,-0.02777777777777779,1
2020-02-06,78.39309692382812,78.395509815644,77.1998851389864,77.75671877652137,105425600,259.25,3.5,1.58,1.65,0.011696629053069785,76.35042266845703,76.23628578186035,0.01861590248755533,1.0267539351319792,1.0282911361676144,0.0004746707213065804,-0.02777777777777779,0
2020-02-07,77.32754516601562,78.141823360646,76.83704482888538,77.89294895065062,117684000,259.25,3.5,1.58,1.59,-0.013592418205494061,76.89421844482422,76.37078895568848,0.018515433226252504,1.0056353615389477,1.0125277769604064,0.0004746707213065804,-0.02777777777777779,1
2020-02-10,77.6948013305664,77.6948013305664,75.83428641741939,75.91401971596468,109348800,259.25,3.5,1.58,1.56,0.0047493576029384865,77.55244140625,76.51521797180176,0.01852609135425979,1.001835660125394,1.015416323576303,0.0004746707213065804,-0.02777777777777779,0
2020-02-11,77.2260513305664,78.26262851927434,77.00858949259958,78.19014369789785,94323200,259.25,3.5,1.58,1.59,-0.006033222197269317,77.62565155029297,76.55629997253418,0.01802983474967287,0.9948522142906888,1.008748481291187,0.0004746707213065804,-0.02777777777777779,1
2020-02-12,79.06000518798828,79.06483505188083,77.67548599053883,77.67548599053883,113730400,259.25,3.5,1.58,1.62,0.023747865206413588,77.94029998779297,76.74066390991212,0.01840658585952484,1.0143661905377666,1.0302231067586136,0.0004746707213065804,-0.02777777777777779,0
2020-02-13,78.49699401855469,78.82319041288298,78.12972535629663,78.33269019916315,94747600,259.25,3.5,1.58,1.61,-0.00712131460268528,77.96107940673828,76.91302909851075,0.0184728324845716,1.0068741302184958,1.020594234014827,0.0004746707213065804,-0.02777777777777779,1
2020-02-14,78.5163345336914,78.76520890109116,78.00891869878639,78.46558778851511,80113600,259.25,3.5,1.58,1.59,0.0002463854237799712,78.19883728027344,77.03935623168945,0.018322392787283835,1.0040601275474215,1.0191717373333191,0.0004746707213065804,-0.02777777777777779,0
2020-02-18,77.07866668701172,77.25988612279623,76.01792538344428,76.19914481922879,152531200,259.25,3.5,1.58,1.55,-0.01831042999164434,78.0756103515625,77.05173454284667,0.018713387377415937,0.9872310487223641,1.0003495332626169,0.0004746707213065804,-0.02777777777777779,1
2020-02-19,78.19498443603516,78.42453202537972,77.32029972520789,77.32029972520789,93984000,259.25,3.5,1.58,1.56,0.014482836782275799,78.26939697265625,77.14596252441406,0.01889153045384552,0.9990492767352341,1.013597884805561,0.0004746707213065804,-0.02777777777777779,0
2020-02-20,77.39277648925781,78.44385067885128,76.88777921917897,77.95576899229526,100566000,259.25,3.5,1.58,1.52,-0.010259071634365013,77.93595123291016,77.18646049499512,0.019059911447023854,0.9930304983122734,1.0026729557611478,0.0004746707213065804,-0.02777777777777779,0
2020-02-21,75.6409683227539,77.42900548652433,75.02482536350576,76.98682605793252,129554000,259.25,3.5,1.58,1.46,-0.022635292930045736,77.36474609375,77.12092742919921,0.01972470535069919,0.9777188208062205,0.9808098896657592,0.0004746707213065804,-0.02777777777777779,0
2020-02-24,72.04801177978516,73.49776723386336,69.88546431842104,71.8257200728422,222195200,259.25,3.5,1.58,1.38,-0.04750013944345466,76.07108154296876,76.8868366241455,0.02233780894327609,0.9471143346251601,0.9370656271370025,0.0004746707213065804,-0.02777777777777779,0
2020-02-25,69.60758972167969,73.09908711151304,69.13642361597664,72.71732141374063,230673600,259.25,3.5,1.58,1.33,-0.03387216382271063,74.57686614990234,76.6435375213623,0.022637059759338166,0.9333670522138297,0.9081990729130746,0.0004746707213065804,-0.02777777777777779,1
2020-02-26,70.71180725097656,71.97551316759632,69.22580967000033,69.23305815092856,198054800,259.25,3.5,1.58,1.33,0.015863464511729264,73.08023071289062,76.35010833740235,0.021887521490826133,0.9675914616195062,0.9261520224501935,0.0004746707213065804,-0.02777777777777779,0
2020-02-27,66.0895004272461,69.10499371673924,65.95419053994536,67.9210285159399,320605600,259.25,3.5,1.58,1.3,-0.06536824617315429,70.81957550048828,75.74541244506835,0.025044846103693955,0.9332094969531471,0.8725214939607747,0.0004746707213065804,-0.02777777777777779,0
2020-02-28,66.05085754394531,67.27107285671417,61.94563554811998,62.1606861550344,426510000,259.25,3.5,1.58,1.13,-0.000584705332177804,68.90155334472657,75.14445037841797,0.02505760827250295,0.9586265379748593,0.8789851707121621,0.0004746707213065804,-0.02777777777777779,1
2020-03-02,72.20022583007812,72.83570304979878,67.10433710214947,68.20615048257532,341397200,258.076,4.4,0.65,1.1,0.09310050640964773,68.93199615478515,75.02403335571289,0.032356336494270124,1.0474123753496742,0.9623612941169639,-0.004055926244659891,0.22222222222222232,0
2020-03-03,69.90718841552734,73.45425390683425,69.05666075629888,73.37452062569925,319475600,258.076,4.4,0.65,1.02,-0.031759421638755,68.99191589355469,74.79920845031738,0.03307416772068991,1.0132663734601137,0.9345979705381591,-0.004528447444551498,0.25714285714285734,1
2020-03-04,73.14983367919922,73.30930768219956,70.82781196815235,71.62759322830975,219178400,258.076,4.4,0.65,1.02,0.046385004706492206,69.47952117919922,74.61370010375977,0.033955362929929005,1.0528258174165255,0.9803807287063253,-0.004528447444551498,0.25714285714285734,0
2020-03-05,70.7770767211914,72.37905058025478,70.41221917601806,71.40529829391956,187572800,258.076,4.4,0.65,0.92,-0.03243694262400665,70.41703643798829,74.27821578979493,0.03452910126427956,1.0051129712554743,0.9528645238529742,-0.004528447444551498,0.25714285714285734,0
2020-03-06,69.83714294433594,70.26965542799252,67.95246362121284,68.13851293457299,226176800,258.076,4.4,0.65,0.74,-0.013280200601645364,71.1742935180664,73.85041809082031,0.03438440478735689,0.9812130123442524,0.9456567037772365,-0.004528447444551498,0.25714285714285734,0
2020-03-09,64.31356811523438,67.19374467213605,63.54761077884886,63.72883020122201,286744800,258.076,4.4,0.65,0.54,-0.07909222222197942,69.59696197509766,73.19971923828125,0.03813922438338243,0.9240858550441653,0.8786040272351252,-0.004528447444551498,0.25714285714285734,1
2020-03-10,68.94554901123047,69.21133903609883,65.08678222072572,66.96422060751131,285290000,258.076,4.4,0.65,0.76,0.0720218304121567,69.40463409423828,72.76225662231445,0.04212586542493844,0.9933853828494441,0.9475455024588464,-0.004528447444551498,0.25714285714285734,0
2020-03-11,66.5510025024414,67.95001816307732,65.68839649479615,67.02459445203215,255598800,258.076,4.4,0.65,0.82,-0.03473098036247446,68.08486785888672,72.2285041809082,0.042644160832820355,0.9774712736518132,0.9213952754130619,-0.004528447444551498,0.25714285714285734,0
2020-03-12,59.97880172729492,65.23899909398826,59.92322879744106,61.8417392125565,418474000,258.076,4.4,0.65,0.88,-0.0987543467118378,65.92521286010742,71.27444400787354,0.04667019856192738,0.9098006532731154,0.8415190404104617,-0.004528447444551498,0.25714285714285734,1
2020-03-13,67.1647720336914,67.63594563074507,61.11928915474014,64.00430755021486,370732000,258.076,4.4,0.65,0.94,0.11980850066109805,65.39073867797852,70.70783290863037,0.05529864152757017,1.027129734142464,0.949891536351887,-0.004528447444551498,0.25714285714285734,0
2020-03-16,58.52422332763672,62.60044826219108,57.9902283526449,58.46139822062626,322423600,258.076,4.4,0.65,0.73,-0.128647033920109,64.23286972045898,69.70822734832764,0.061638766307108774,0.9111257769166121,0.8395597701142915,-0.004528447444551498,0.25714285714285734,1
2020-03-17,61.097530364990234,62.245249799692694,57.60361793460999,59.80483021639644,324056000,258.076,4.4,0.65,1.02,0.043969947673587084,62.663265991210935,68.90917053222657,0.06290479381992455,0.9750135011086031,0.8866385982170096,-0.004528447444551498,0.25714285714285734,0
2020-03-18,59.60185623168945,60.406470866055514,57.29432830722245,57.934639110553675,300233600,258.076,4.4,0.65,1.18,-0.02448010785977406,61.27343673706055,67.97951412200928,0.06272066586000183,0.9727193284009144,0.8767620216395833,-0.004528447444551498,0.25714285714285734,0
2020-03-19,59.14518356323242,61.092687597465435,58.62085583762495,59.775827267657704,271857200,258.076,4.4,0.65,1.12,-0.007662054461555878,61.106713104248044,67.067134475708,0.06272630357361235,0.96789993371646,0.881880283474092,-0.004528447444551498,0.25714285714285734,0
2020-03-20,55.39032745361328,60.848656123776394,55.09070998430256,59.72509337905043,401693200,258.076,4.4,0.65,0.92,-0.06348540799784319,58.75182418823242,66.05460243225097,0.06376505241857293,0.9427848108366919,0.8385536421996405,-0.004528447444551498,0.25714285714285734,0
2020-03-23,54.21359634399414,55.211512386638695,51.372077383902344,55.11002996166237,336752800,258.076,4.4,0.65,0.76,-0.02124434289731536,57.8896987915039,65.16288166046142,0.06329732616388643,0.9364981590118537,0.8319705169958601,-0.004528447444551498,0.25714285714285734,1
2020-03-24,59.65260696411133,59.84832336499044,56.61295251663222,57.11070131069981,287531200,258.076,4.4,0.65,0.84,0.10032558226917421,57.600714111328124,64.66513252258301,0.0678309396873079,1.0356226981633838,0.9224848792087272,-0.004528447444551498,0.25714285714285734,0
2020-03-25,59.323997497558594,62.399894457247456,59.029213577289134,60.58770003932158,303602000,258.076,4.4,0.65,0.88,-0.0055087192878332525,57.545142364501956,64.0957420349121,0.06764471651357544,1.030912342205864,0.9255528622360841,-0.004528447444551498,0.25714285714285734,1
2020-03-26,62.44580078125,62.503788640032134,59.526959345508246,59.565620375975534,252087200,258.076,4.4,0.65,0.83,0.052622942070279066,58.205265808105466,63.913557052612305,0.0673916658956015,1.0728548339101307,0.977035290491592,-0.004528447444551498,0.25714285714285734,0
2020-03-27,59.86040115356445,61.82481719246613,59.69367869443923,61.07094557233669,204216800,258.076,4.4,0.65,0.72,-0.041402297597916915,59.099280548095706,63.60403423309326,0.06800416925872439,1.0128786780212888,0.9411415781299453,-0.004528447444551498,0.25714285714285734,1
2020-03-30,61.568695068359375,61.740251079824446,60.26149806281595,60.585279571290975,167976400,258.076,4.4,0.65,0.7,0.028537963025214275,60.57030029296875,63.07245769500732,0.06466709012531573,1.016483239649821,0.9761581729711639,0.0,0.0,0
2020-03-31,61.44304275512695,63.42437421285298,60.889721118005006,61.75957575160097,197002000,258.076,4.4,0.65,0.7,-0.0020408474321716996,60.92838745117187,62.6492504119873,0.06438341405832813,1.008446888642302,0.9807466546059496,0.0,0.0,0
2020-04-01,58.21010971069336,60.097207829556126,57.7800158056968,59.560797914440066,176218400,256.032,14.8,0.05,0.62,-0.05261674714447362,60.70560989379883,61.90226421356201,0.06407401091464852,0.9588917698467866,0.9403550976725057,-0.007920147553434065,2.3636363636363633,1
2020-04-02,59.18144607543945,59.23460408290654,57.2411898636497,58.07238377649546,165934000,256.032,14.8,0.05,0.63,0.016686729669015854,60.052738952636716,61.322482681274415,0.06408617867944268,0.9854912050242297,0.9650856176687583,-0.007920147553434065,2.3636363636363633,0
2020-04-03,58.3309211730957,59.36749487099752,57.741353268233574,58.6667810943843,129880000,256.032,14.8,0.05,0.62,-0.01437147887970791,59.74684295654297,60.747171592712405,0.06409231750400253,0.9763013121132251,0.960224478666813,-0.007920147553434065,2.3636363636363633,1
2020-04-06,63.41953659057617,63.57417329883105,60.25665512655962,60.62392376077119,201820400,256.032,14.8,0.05,0.67,0.0872370145223682,60.11701126098633,60.702470016479495,0.06503026952554154,1.0549349553531957,1.0447603956372624,-0.007920147553434065,2.3636363636363633,0
2020-04-07,62.68500900268555,65.64976368215225,62.58111162954673,65.43229446081726,202887200,256.032,14.8,0.05,0.75,-0.011582039658103893,60.365404510498045,60.38944301605225,0.06289795307211057,1.0384260572922046,1.0380127034127986,-0.007920147553434065,2.3636363636363633,1
2020-04-08,64.28942108154297,64.60353188066507,63.119952317554805,63.4848025037082,168895200,256.032,14.8,0.05,0.77,0.025594828881474463,61.58126678466797,60.276363945007326,0.06273573902952678,1.043976917628938,1.0665776246921086,-0.007920147553434065,2.3636363636363633,1
2020-04-09,64.75332641601562,65.25591244712727,63.95838246710248,64.9248861243381,161834800,256.032,14.8,0.05,0.73,0.007215889125588015,62.6956428527832,60.51509017944336,0.05825813012648312,1.0328202004095262,1.070036022816867,-0.007920147553434065,2.3636363636363633,1
2020-04-13,66.02427673339844,66.13301133720609,64.23140932290158,64.83064420547504,131022800,256.032,14.8,0.05,0.76,0.01962756799886134,64.23431396484375,60.45806541442871,0.051863734942636554,1.027866145959531,1.0920673078242644,-0.007920147553434065,2.3636363636363633,1
2020-04-14,69.35870361328125,69.64865760923763,67.18407076511772,67.65524416508772,194994800,256.032,14.8,0.05,0.76,0.05050304289355578,65.42214736938476,60.99978942871094,0.04313113820269474,1.0601716146929574,1.137031853107283,-0.007920147553434065,2.3636363636363633,0
2020-04-15,68.72566986083984,69.18475770892147,67.8074941646766,68.23516945822269,131154400,256.032,14.8,0.05,0.63,-0.009126954793892472,66.63027954101562,61.38119640350342,0.04252084575512431,1.0314480193428328,1.1196534751303289,-0.007920147553434065,2.3636363636363633,1
2020-04-16,69.27173614501953,69.63659364674618,68.22308052874929,69.43845862105105,157125200,256.032,14.8,0.05,0.61,0.007945594204980422,67.62674255371094,61.86469039916992,0.04188110493748535,1.024324601913246,1.119729779589247,-0.007920147553434065,2.3636363636363633,0
2020-04-17,68.33181762695312,69.3345712466482,66.8965588537916,68.78849422470407,215250000,256.032,14.8,0.05,0.65,-0.013568571691327302,68.34244079589844,62.324022102355954,0.04202064466150535,0.9998445597081169,1.0963961458509601,-0.007920147553434065,2.3636363636363633,0
2020-04-20,66.91348266601562,68.06120610179272,66.89415583158684,67.15994589148215,130015200,256.032,14.8,0.05,0.63,-0.02075658178274542,68.52028198242188,62.900179862976074,0.03918154739940814,0.9765500189152978,1.0638043136248938,-0.007920147553434065,2.3636363636363633,0
2020-04-21,64.84514617919922,66.99078550242736,64.13476539316186,66.75640806793423,180991600,256.032,14.8,0.05,0.58,-0.03091060881018648,67.61757049560546,63.43175735473633,0.03964674211645447,0.9589984630313444,1.0222820379476267,-0.007920147553434065,2.3636363636363633,1
2020-04-22,66.7129135131836,67.14783719048366,65.77057396314187,66.11125999851906,116862400,256.032,14.8,0.05,0.63,0.02880350256012698,67.21501922607422,63.78477268218994,0.033845271155535185,0.992529858375822,1.0459065809575465,-0.007920147553434065,2.3636363636363633,0
2020-04-23,66.45436096191406,68.07808706003861,66.41569993888298,66.6573258024501,124814400,256.032,14.8,0.05,0.61,-0.0038755997550374843,66.65154418945312,64.14129085540772,0.03381763530933472,0.9970415805074437,1.0360621071958256,-0.007920147553434065,2.3636363636363633,1
2020-04-24,68.37289428710938,68.38256138963163,66.93038709342744,66.97871523220005,126161200,256.032,14.8,0.05,0.6,0.028869938668055983,66.65975952148438,64.43764553070068,0.032493631860218725,1.025699684156119,1.061070647817723,-0.007920147553434065,2.3636363636363633,1
2020-04-27,68.42121124267578,68.75223755503086,67.64317552817161,68.09017755648323,117087600,256.032,14.8,0.05,0.67,0.0007066682794429902,66.9613052368164,64.86568603515624,0.03063730397603429,1.021802233404744,1.0548136530243817,-0.007920147553434065,2.3636363636363633,0
2020-04-28,67.3121566772461,69.06394488685403,67.2203450064915,68.88272541689459,112004800,256.032,14.8,0.05,0.62,-0.016209221457598955,67.45470733642578,65.15285911560059,0.03062661053806591,0.9978867203667681,1.0331420230970105,-0.007920147553434065,2.3636363636363633,1
2020-04-29,69.52303314208984,69.99178804731254,68.59519043374839,68.79815533490073,137280800,256.032,14.8,0.05,0.63,0.03284512893331648,68.01673126220703,65.55685863494872,0.031198210606817434,1.0221460492430305,1.0604997644750893,-0.007920147553434065,2.3636363636363633,1
2020-04-30,70.98968505859375,71.16607461666706,69.67282835408629,70.06184250590752,183064000,256.032,14.8,0.05,0.64,0.021095913831987056,68.92379608154297,66.19583740234376,0.02802025997597651,1.0299735228542353,1.0724191708175332,0.0,0.0,0
2020-05-01,69.84680938720703,72.24615310349837,69.06877359729275,69.16542249456992,240616800,255.802,13.2,0.05,0.64,-0.016099179344765457,69.2185791015625,66.72910556793212,0.02858260498615319,1.009076035564422,1.0467217984227437,-0.0008983252093487382,-0.10810810810810823,1
2020-05-04,70.8350601196289,70.9631215704607,69.18233960605242,69.87097499683554,133568000,255.802,13.2,0.05,0.64,0.014148831436856968,69.70134887695312,67.35431251525878,0.028078109424548383,1.0162652697679808,1.051678169880831,-0.0008983252093487382,-0.10810810810810823,1
2020-05-05,71.89820098876953,72.72939466051092,71.1491592367676,71.2941362490643,147751200,255.802,13.2,0.05,0.66,0.015008681680302782,70.61855773925781,67.77824573516845,0.021515861583309714,1.0181204953836143,1.0607858053703407,-0.0008983252093487382,-0.10810810810810823,1
2020-05-06,72.64002990722656,73.2706702655262,72.21476576214614,72.59895024027826,142333600,255.802,13.2,0.05,0.72,0.010317767458088545,71.24195709228516,68.2759967803955,0.021099800635862,1.0196242898427168,1.0639175307958906,-0.0008983252093487382,-0.10810810810810823,1
2020-05-07,73.39146423339844,73.7369949485584,72.9637889533335,73.2658213930559,115215200,255.802,13.2,0.05,0.63,0.010344631288444983,71.7223129272461,68.73109893798828,0.020687053203732854,1.0232724132564646,1.067805773040453,-0.0008983252093487382,-0.10810810810810823,1
2020-05-08,75.1383056640625,75.19160756554702,73.72339119914562,74.05047071308249,133838400,255.802,13.2,0.05,0.69,0.023801697498619045,72.78061218261719,69.25034790039062,0.021032292593870603,1.032394526656763,1.085024233699751,-0.0008983252093487382,-0.10810810810810823,1
2020-05-11,76.32061767578125,76.81486350373997,74.4380975285037,74.64646215282984,145946400,255.802,13.2,0.05,0.73,0.015735143363556414,73.87772369384766,69.76516494750976,0.020933633202772653,1.0330667197064307,1.0939645557091955,-0.0008983252093487382,-0.10810810810810823,0
2020-05-12,75.44842529296875,77.45450365262057,75.32728527754581,77.00385895047138,162301200,255.802,13.2,0.05,0.69,-0.01142800476953254,74.5877685546875,70.06965103149415,0.018695279061255173,1.0115388455099072,1.0767632517401438,-0.0008983252093487382,-0.10810810810810823,0
2020-05-13,74.5374526977539,76.54838146254056,73.46172873051864,75.62771287585991,200622400,255.802,13.2,0.05,0.64,-0.012074110117971437,74.96725311279297,70.36024017333985,0.018818573867061535,0.9942668245508155,1.059368934985484,-0.0008983252093487382,-0.10810810810810823,1
2020-05-14,74.99535369873047,75.05592369907653,73.05468852162736,73.77668558751988,158929200,255.802,13.2,0.05,0.63,0.006143233829486006,75.28803100585938,70.64642105102538,0.018804179881789073,0.996112565261454,1.0615591360893428,-0.0008983252093487382,-0.10810810810810823,0
2020-05-15,74.55197143554688,74.59800522378177,72.73487156458532,72.7687943111998,166348400,255.802,13.2,0.05,0.64,-0.00591212976959532,75.17076416015625,70.95742874145508,0.0185000585877248,0.9917681730188215,1.050657736023512,-0.0008983252093487382,-0.10810810810810823,1
2020-05-18,76.30850219726562,76.68161544536761,75.18432690881329,75.87482634655969,135178400,255.802,13.2,0.05,0.73,0.023561157778870356,75.16834106445313,71.42717971801758,0.01795837020443393,1.0151681029096393,1.0683398462394662,-0.0008983252093487382,-0.10810810810810823,0
2020-05-19,75.86756896972656,77.17102926581177,75.83607138413613,76.32547436249678,101729600,255.802,13.2,0.05,0.7,-0.005778297500836804,75.25216979980469,71.97830085754394,0.01595211806487774,1.0081778262548313,1.0540338972418934,-0.0008983252093487382,-0.10810810810810823,1
2020-05-20,77.34303283691406,77.41328870045753,76.68644883413718,76.7252145142633,111504800,255.802,13.2,0.05,0.68,0.019447886458260566,75.81328582763672,72.50980682373047,0.015438892678182334,1.0201778222982614,1.066656170039634,-0.0008983252093487382,-0.10810810810810823,0
2020-05-21,76.76641845703125,77.74523171426733,76.52898139842385,77.20494465969075,102688800,255.802,13.2,0.05,0.68,-0.007455285353222041,76.16749877929688,73.02540969848633,0.015598038080221832,1.0078631921401253,1.0512288636789733,-0.0008983252093487382,-0.10810810810810823,1
2020-05-22,77.26066589355469,77.34304019898961,76.4029926993938,76.5047461498377,81803200,255.802,13.2,0.05,0.66,0.00643832871791572,76.70923767089843,73.4697982788086,0.014753054296973402,1.0071885504197293,1.0515976320005702,-0.0008983252093487382,-0.10810810810810823,0
2020-05-26,76.73734283447266,78.55686050645615,76.68161577577496,78.37757568234818,125522000,255.802,13.2,0.05,0.69,-0.006773473319567791,76.79500579833984,73.88560485839844,0.014993356712060209,0.9992491313299903,1.0385966655012104,-0.0008983252093487382,-0.10810810810810823,1
2020-05-27,77.07170104980469,77.21707055459125,75.8554578938175,76.59441646239908,112945200,255.802,13.2,0.05,0.68,0.0043571773921500245,77.03583221435547,74.37358207702637,0.014077526330768133,1.0004656123574989,1.0362779215069131,-0.0008983252093487382,-0.10810810810810823,1
2020-05-28,77.1056137084961,78.36304756047794,76.47084126097369,76.74703662948228,133560800,255.802,13.2,0.05,0.7,0.00044001440515106793,76.98834838867188,74.75271110534668,0.01273318191550311,1.0015231567149903,1.031475816306295,-0.0008983252093487382,-0.10810810810810823,0
2020-05-29,77.03048706054688,77.80820362136383,76.6743352421508,77.34787320010697,153532400,255.802,13.2,0.05,0.65,-0.0009743343491596113,77.041162109375,75.05475120544433,0.012235722694141207,0.9998614370742103,1.0263239278442806,-0.0008983252093487382,-0.10810810810810823,1
2020-06-01,77.97782135009766,78.09896135300481,76.8536385740957,76.98447184749915,80791200,257.042,11.0,0.08,0.66,0.012298173433671344,77.1845932006836,75.46130180358887,0.011378370720212232,1.0102770270143373,1.0333484777808206,0.004847499237691677,-0.16666666666666663,1
2020-06-02,78.33881378173828,78.36304326033381,77.27035810172477,77.71130947324757,87642800,257.042,11.0,0.08,0.68,0.004629424436210838,77.50488739013672,75.83648948669433,0.0111988525666512,1.0107596619991694,1.0329963097181996,0.004847499237691677,-0.16666666666666663,1
2020-06-03,78.77007293701172,79.03173947926652,78.08684155798949,78.65862620653965,104491200,257.042,11.0,0.08,0.77,0.005505050873950923,77.84456176757813,76.18008308410644,0.010955554144907087,1.0118892206265726,1.033998254504997,0.004847499237691677,-0.16666666666666663,0
2020-06-04,78.09168243408203,78.89120338502829,77.71856920653472,78.59320375117642,87560400,257.042,11.0,0.08,0.82,-0.008612287352738113,78.04177551269531,76.45266571044922,0.011252122192441504,1.0006394898252744,1.0214383201475314,0.004847499237691677,-0.16666666666666663,1
2020-06-05,80.31583404541016,80.37640405600247,78.3121807567844,78.3412531788607,137250400,257.042,11.0,0.08,0.91,0.02848128689256435,78.69884490966797,76.7988842010498,0.012480856817987074,1.020546542170958,1.045794283093403,0.004847499237691677,-0.16666666666666663,1
2020-06-08,80.79066467285156,80.82458741261365,79.30306972375939,80.01294815544179,95654400,257.042,11.0,0.08,0.88,0.005912042539120588,79.26141357421875,77.08150215148926,0.01164468542801132,1.0192937651458973,1.0481200082747821,0.004847499237691677,-0.16666666666666663,1
2020-06-09,83.34188079833984,83.73437314923221,80.439371619184,80.47086919688729,147712400,257.042,11.0,0.08,0.84,0.03157810541377537,80.26202697753907,77.43256530761718,0.012970133437369817,1.0383724899155944,1.0763156362861885,0.004847499237691677,-0.16666666666666663,1
2020-06-10,85.4860610961914,85.95365964938672,83.85067134903046,84.28919748972832,166651600,257.042,11.0,0.08,0.75,0.02572752471281259,81.605224609375,77.93444709777832,0.013228647893316587,1.0475562257857025,1.0968969984343209,0.004847499237691677,-0.16666666666666663,0
2020-06-11,81.38185119628906,85.05481691401155,81.28009773597238,84.63082691049463,201662400,257.042,11.0,0.08,0.66,-0.048010281995378934,82.26325836181641,78.27666702270508,0.017585505284637305,0.9892855305870493,1.0396693458177426,0.004847499237691677,-0.16666666666666663,1
2020-06-12,82.0844497680664,84.26496946856898,80.97481077374836,83.5187504243347,200146000,257.042,11.0,0.08,0.71,0.008633356964106387,82.61698150634766,78.63112182617188,0.017606180844371076,0.9935542096967034,1.0439180805474038,0.004847499237691677,-0.16666666666666663,1
2020-06-15,83.099609375,83.75134312369018,80.57747385342842,80.73980469603605,138808800,257.042,11.0,0.08,0.71,0.012367258473462206,83.07877044677734,79.05850372314453,0.017501824246412858,1.000250833373082,1.0511153824262478,0.004847499237691677,-0.16666666666666663,1
2020-06-16,85.30194091796875,85.57330073439438,83.51876362996565,85.15172849785749,165428800,257.042,11.0,0.08,0.75,0.02650230921099017,83.47078247070313,79.50817565917968,0.01767231081998325,1.0219377175229947,1.0728700565791456,0.004847499237691677,-0.16666666666666663,0
2020-06-17,85.1832275390625,86.10631378252053,85.06208753447432,86.04574378022643,114406400,257.042,11.0,0.08,0.74,-0.0013916843817236568,83.41021575927735,79.97395858764648,0.017548678439275014,1.0212565303140095,1.065137065157366,0.004847499237691677,-0.16666666666666663,1
2020-06-18,85.21714782714844,85.6338697266432,84.60902265567091,85.13961645194037,96820400,257.042,11.0,0.08,0.71,0.0003982038373737673,84.17727508544922,80.3676643371582,0.017292899048499927,1.0123533666377729,1.0603412271587949,0.004847499237691677,-0.16666666666666663,0
2020-06-19,84.73016357421875,86.38735791979117,83.62294217777347,85.92218445110363,264476000,257.042,11.0,0.08,0.7,-0.005714627458753618,84.70641784667968,80.76585159301757,0.017231170569333237,1.0002803297334808,1.0490840114108808,0.004847499237691677,-0.16666666666666663,1
2020-06-22,86.94701385498047,87.08995815364833,85.07661214341427,85.12264593038505,135445200,257.042,11.0,0.08,0.71,0.026163649251306875,85.47589874267578,81.25016899108887,0.017865277208565074,1.0172108762112402,1.0701148678781998,0.004847499237691677,-0.16666666666666663,1
2020-06-23,88.80288696289062,90.22022642343374,87.77077181014047,88.18991886652088,212155600,257.042,11.0,0.08,0.72,0.021344874603808517,86.17608795166015,81.85344619750977,0.01790721804673708,1.030481762095118,1.0849010162456945,0.004847499237691677,-0.16666666666666663,0
2020-06-24,87.23531341552734,89.35041992465683,86.86220024275121,88.43217689431303,192623200,257.042,11.0,0.08,0.69,-0.017652281372545264,86.58650512695313,82.3616268157959,0.01876508094139215,1.007493180231988,1.0591742391226873,0.004847499237691677,-0.16666666666666663,1
2020-06-25,88.39344787597656,88.43221356918069,86.63207466747622,87.39041236684457,137522400,257.042,11.0,0.08,0.68,0.013275982112114226,87.22176513671874,82.92601852416992,0.01877068955403212,1.0134333756880662,1.0659314102993271,0.004847499237691677,-0.16666666666666663,0
2020-06-26,85.67748260498047,88.50973656249651,85.52968795154212,88.2892608623175,205256800,257.042,11.0,0.08,0.64,-0.030725866410447278,87.41122894287109,83.35836830139161,0.02053393085407825,0.9801656336507552,1.027821013664805,0.004847499237691677,-0.16666666666666663,1
2020-06-29,87.65204620361328,87.74653893980732,85.10810654900735,85.58539837995676,130646000,257.042,11.0,0.08,0.64,0.02304647077151678,87.55223541259765,83.84207954406739,0.020858328932041446,1.0011400141931872,1.0454421774873006,0.0,0.0,1
2020-06-30,88.38373565673828,88.66963165860406,87.22079468512266,87.24017383067029,140223200,257.042,11.0,0.08,0.66,0.008347659693252352,87.4684051513672,84.34432563781738,0.02086135597241433,1.0104646986964845,1.0478919001174605,0.0,0.0,0
2020-07-01,88.21658325195312,89.00399339477583,88.16813167944413,88.46128846235408,110737200,258.352,10.2,0.09,0.69,-0.0018912122636944861,87.66465911865234,84.81665115356445,0.02094082787023131,1.0062958567209366,1.0400856677568293,0.005096443382793581,-0.07272727272727275,0
2020-07-02,88.21658325195312,89.75748817622227,88.10271872934692,89.12271564409322,114041600,258.352,10.2,0.09,0.68,0.0,87.62928619384766,85.32289619445801,0.020714260484764078,1.0067020637005566,1.0339145433003136,0.005096443382793581,-0.07272727272727275,1
2020-07-06,90.57637786865234,91.04397648582848,89.61210082402599,89.6435984064739,118655600,258.352,10.2,0.09,0.69,0.02675001150247991,88.60906524658203,85.83592338562012,0.02062017762073977,1.0222021597518907,1.0552269294259888,0.005096443382793581,-0.07272727272727275,0
2020-07-07,90.29531860351562,91.73203698734284,90.18387189252502,90.95432038842118,112424400,258.352,10.2,0.09,0.65,-0.003103008441608157,89.1377197265625,86.31115608215332,0.02072582752809283,1.0129866332738169,1.0461604583024016,0.005096443382793581,-0.07272727272727275,1
2020-07-08,92.39832305908205,92.42982064230873,91.18449788463136,91.27172253001288,117092000,258.352,10.2,0.09,0.67,0.023290293318534605,89.94063720703124,86.76397819519043,0.0202605538937566,1.0273256442067842,1.0649387566256607,0.005096443382793581,-0.07272727272727275,1
2020-07-09,92.79566192626952,93.34320967936996,91.74901058829924,93.28990778547892,125642800,258.352,10.2,0.09,0.62,0.004300282234921182,90.85645294189453,87.12945823669433,0.01968566315777347,1.0213436571821175,1.0650320087401723,0.005096443382793581,-0.07272727272727275,1
2020-07-10,92.9579849243164,93.01613714978424,91.78050772022172,92.39105063414506,90257200,258.352,10.2,0.09,0.65,0.001749252008955482,91.80473327636719,87.7082649230957,0.015406189629038891,1.012562006410688,1.0598543364849797,0.005096443382793581,-0.07272727272727275,0
2020-07-13,92.5291519165039,96.86838742692706,92.31594434218474,94.26145236714936,191649200,258.352,10.2,0.09,0.64,-0.004613191735617361,92.1952880859375,88.23050003051758,0.01560596996860457,1.0036212678272147,1.048720701849128,0.005096443382793581,-0.07272727272727275,1
2020-07-14,94.06036376953124,94.251759639297,90.9785619816464,91.91133403395912,170989200,258.352,10.2,0.09,0.63,0.016548426320918352,92.94829711914062,88.77853775024414,0.015721609080487527,1.0119643574423443,1.0594944020608468,0.005096443382793581,-0.07272727272727275,1
2020-07-15,94.70723724365234,96.18272134953932,93.51037361994408,95.93317328027696,153198000,258.352,10.2,0.09,0.64,0.006877216376773632,93.41007995605469,89.24880256652833,0.01499189456606634,1.013886694971334,1.061159752513824,0.005096443382793581,-0.07272727272727275,0
2020-07-16,93.5418701171875,94.3971180916464,92.94343831225127,93.58063579856042,110577600,258.352,10.2,0.09,0.62,-0.012304942688452836,93.55932159423828,89.66673469543457,0.01544203656917066,0.9998134715306459,1.0432170908745073,0.005096443382793581,-0.07272727272727275,0
2020-07-17,93.35289764404295,94.14757567538506,92.8804487298672,93.99252033438566,92186800,258.352,10.2,0.09,0.64,-0.002020191310135311,93.6383041381836,90.07352218627929,0.015487756164743544,0.996952032645535,1.0364077631046964,0.005096443382793581,-0.07272727272727275,1
2020-07-20,95.3202133178711,95.45831468469304,93.09608481622666,93.44012565034129,90318000,258.352,10.2,0.09,0.62,0.021073964745363938,94.19651641845704,90.60302467346192,0.01569812140894649,1.0119292829728668,1.0520643616635337,0.005096443382793581,-0.07272727272727275,0
2020-07-21,94.00463104248048,96.18515083470297,93.75508296201136,96.1100446333636,103433200,258.352,10.2,0.09,0.61,-0.01380171350439019,94.18536987304688,90.95590553283691,0.015542286741258099,0.9980810307289761,1.0335187197772764,0.005096443382793581,-0.07272727272727275,1
2020-07-22,94.26872253417967,94.94952872983104,93.61941392094188,93.70663117027291,89001600,258.352,10.2,0.09,0.6,0.0028093455478788165,94.09766693115235,91.22919731140136,0.014998241218094168,1.0018178516918224,1.0333174609922655,0.005096443382793581,-0.07272727272727275,0
2020-07-23,89.97795104980469,94.07974983333284,89.168736705882,94.00221845583388,197004400,258.352,10.2,0.09,0.59,-0.04551638517026946,93.38488311767578,91.36632919311523,0.018017464694669603,0.9635173065047588,0.9848042691922533,0.005096443382793581,-0.07272727272727275,0
2020-07-24,89.75503540039062,90.0990762102355,86.3921882418588,88.17779782726093,185438800,258.352,10.2,0.09,0.59,-0.0024774474947831804,92.66531066894531,91.43440856933594,0.017828328102643728,0.9685936922075199,0.9816330285805718,0.005096443382793581,-0.07272727272727275,1
2020-07-27,91.8822784423828,91.97434603902649,90.59335427077136,90.81624776325609,121214000,258.352,10.2,0.09,0.62,0.023700542621399423,91.97772369384765,91.74464836120606,0.016872352247284075,0.9989623003523924,1.0015001428817394,0.005096443382793581,-0.07272727272727275,0
2020-07-28,90.37287139892578,91.63030527715344,90.36802106656002,91.45343820318752,103625600,258.352,10.2,0.09,0.59,-0.016427618786179043,91.25137176513671,91.88068962097168,0.016791132491539518,0.9903727434534133,0.9835893893671676,0.005096443382793581,-0.07272727272727275,1
2020-07-29,92.10517120361328,92.28930638065712,90.81866491806582,90.85500544148256,90329200,258.352,10.2,0.09,0.58,0.019168360790936312,90.81866149902343,92.06676139831544,0.0171874575273606,1.0141656977030395,1.000417195138772,0.005096443382793581,-0.07272727272727275,1
2020-07-30,93.21963500976562,93.32381361272807,90.87194172588752,91.2789702633668,158130000,258.352,10.2,0.09,0.55,0.012099904832581387,91.46699829101563,92.31691398620606,0.017296320084191436,1.0191614106890632,1.0097785008681557,0.0,0.0,1
2020-07-31,102.97869873046876,103.1289111554256,97.71152622340604,99.70791855704329,374336800,258.352,10.2,0.09,0.55,0.10468892867560342,94.11173095703126,93.05501976013184,0.028550600636238883,1.0942174549683494,1.1066431343082535,0.0,0.0,1
2020-08-03,105.57351684570312,108.19013805785316,104.56078815454649,104.85878784183842,308151200,259.316,8.4,0.1,0.56,0.0251976199662991,96.84997863769532,93.80487670898438,0.028499406526275264,1.0900726910910488,1.1254587239982117,0.003731343283582156,-0.17647058823529405,1
2020-08-04,106.2785415649414,107.3688015226526,105.04048696818748,105.76248400195036,173071600,259.316,8.4,0.1,0.52,0.006678045217236361,100.03111267089844,94.60403785705566,0.02838140801301739,1.062454857566135,1.1234038627983896,0.003731343283582156,-0.17647058823529405,1
2020-08-05,106.6637725830078,106.9835839652642,105.53474686841106,105.99992773294753,121776800,259.316,8.4,0.1,0.55,0.0036247300009382144,102.94283294677734,95.31731033325195,0.028183858860929542,1.0361456891142118,1.1190388420538298,0.003731343283582156,-0.17647058823529405,1
2020-08-06,110.38518524169922,110.87943850296628,106.40695185464004,106.99569046941184,202428800,259.316,8.4,0.1,0.55,0.03488919028993975,106.37594299316406,96.19678649902343,0.028820011688844828,1.0376893697552725,1.1474934793463172,0.003731343283582156,-0.17647058823529405,0
2020-08-07,107.87549591064452,110.36334336865978,107.07938502036484,109.90703455219526,198045600,259.316,8.4,0.1,0.57,-0.022735744163127403,107.35530242919921,96.94266204833984,0.029656486583941384,1.0048455313307731,1.1127762909672636,0.003731343283582156,-0.17647058823529405,1
2020-08-10,109.44344329833984,110.46042737696229,106.79540187658976,109.31965534861052,212403600,259.316,8.4,0.1,0.59,0.014534787297701968,108.12928771972656,97.78837661743164,0.0295410336754258,1.0121535580815033,1.119186626100822,0.003731343283582156,-0.17647058823529405,0
2020-08-11,106.18860626220705,109.20557448641424,105.92889749318044,108.70800797992308,187902400,259.316,8.4,0.1,0.64,-0.029739899787876722,108.11130065917969,98.39478874206543,0.030695230078710906,0.9822156020207922,1.079209657541646,0.003731343283582156,-0.17647058823529405,1
2020-08-12,109.71772003173828,109.97499928394976,107.0842408938184,107.27841139872632,165598000,259.316,8.4,0.1,0.69,0.03323439202899925,108.72209014892579,99.14531288146972,0.03127194492269934,1.0091575675324922,1.1066354711382886,0.003731343283582156,-0.17647058823529405,1
2020-08-13,111.65943145751952,112.66185296122792,110.60846363412838,111.09632674056478,210082000,259.316,8.4,0.1,0.71,0.017697336630942972,108.97693939208985,100.05119094848632,0.030973222898768898,1.0246152266745012,1.116023011810124,0.003731343283582156,-0.17647058823529405,0
2020-08-14,111.55992889404295,111.64973292886684,109.75168569136508,111.48468727529168,165565200,259.316,8.4,0.1,0.71,-0.0008911254712452576,109.71382598876953,100.96154251098633,0.030952461170883783,1.0168265292786562,1.104974489488444,0.003731343283582156,-0.17647058823529405,0
2020-08-17,111.26866912841795,112.70555595050736,110.64246299694388,112.68128278727484,119561600,259.316,8.4,0.1,0.69,-0.0026107919618847397,110.07887115478516,101.75896530151367,0.030935003913563738,1.0108085953385166,1.0934532284081984,0.003731343283582156,-0.17647058823529405,1
2020-08-18,112.19586181640624,112.6206162959708,110.68616274132592,111.02111317320907,105633600,259.316,8.4,0.1,0.67,0.008332917929648076,111.280322265625,102.66852684020996,0.03049908453744779,1.0082273265582018,1.092797035950699,0.003731343283582156,-0.17647058823529405,1
2020-08-19,112.33660125732422,113.74921465979092,112.24194556716574,112.6035911901642,145538000,259.316,8.4,0.1,0.68,0.0012544084838732594,111.8040985107422,103.5719207763672,0.030518511230424945,1.0047628195538008,1.0846240990343488,0.003731343283582156,-0.17647058823529405,1
2020-08-20,114.82933807373048,114.94341528440668,112.36090456064323,112.37789651709356,126907200,259.316,8.4,0.1,0.65,0.022189889924622674,112.43807983398438,104.81449012756347,0.027755610591964915,1.0212673343699645,1.0955483152565884,0.003731343283582156,-0.17647058823529405,1
2020-08-21,120.74676513671876,121.22976923366336,115.77592204362502,115.78805492165831,338054800,259.316,8.4,0.1,0.64,0.05153236239321335,114.27544708251953,106.36407661437988,0.028816520299331645,1.056629120422747,1.135221298206564,0.003731343283582156,-0.17647058823529405,1
2020-08-24,122.19092559814452,125.03314486284968,120.32686221834298,124.9481850882098,345937600,259.316,8.4,0.1,0.65,0.011960241417569684,116.45989837646485,107.87950897216797,0.02875635322136406,1.0492103058784554,1.1326611213040354,0.003731343283582156,-0.17647058823529405,0
2020-08-25,121.1884994506836,121.53316057768988,119.4676381682754,121.06471891526844,211495600,259.316,8.4,0.1,0.69,-0.008203769163330987,118.25842590332032,109.42029037475587,0.02834314550252673,1.0247768691742836,1.1075505195208544,0.003731343283582156,-0.17647058823529405,1
2020-08-26,122.8365707397461,123.29287960664668,121.43851930194522,122.5040498376472,163022400,259.316,8.4,0.1,0.69,0.013599238347968612,120.3584197998047,110.9568603515625,0.028328891916981003,1.0205897596866373,1.1070660286398082,0.003731343283582156,-0.17647058823529405,0
2020-08-27,121.36811065673828,123.77100549354532,120.22490919644622,123.4384846629305,155552400,259.316,8.4,0.1,0.74,-0.011954583835778299,121.66617431640626,112.36428413391113,0.028956217586239653,0.9975501517875229,1.0801306802444162,0.003731343283582156,-0.17647058823529405,0
2020-08-28,121.17152404785156,122.75888676117692,120.94822130817288,122.3414135230096,187630000,259.316,8.4,0.1,0.74,-0.0016197550396307436,121.75112609863281,113.27392539978027,0.01961973698462047,0.9952394522387276,1.0697212409669579,0.003731343283582156,-0.17647058823529405,1
2020-08-31,125.28070831298828,127.18361471555612,122.32927827603108,123.86325036863212,225702700,259.316,8.4,0.1,0.72,0.033912128261372354,122.36908264160157,114.25928497314453,0.020104407823937194,1.0237938015757981,1.0964597611689433,0.0,0.0,1
2020-09-01,130.27096557617188,130.87291336835037,126.72730590113318,128.89233580510103,151948100,259.997,7.8,0.09,0.68,0.03983260735337213,124.18557586669922,115.45890617370605,0.021255542349352598,1.0490023874914804,1.128288582434527,0.002626139536318739,-0.07142857142857151,0
2020-09-02,127.57196044921876,133.96026921891615,123.30015014927834,133.5816315551226,200119000,259.997,7.8,0.09,0.66,-0.02071839350399962,125.13265380859374,116.5043155670166,0.022335981824936926,1.019493765746839,1.0949977245764406,0.002626139536318739,-0.07142857142857151,0
2020-09-03,117.35843658447266,125.08653940539764,116.98950967695431,123.2127726268104,257599600,259.997,7.8,0.09,0.63,-0.08006088351061824,124.33071899414062,116.85297813415528,0.029138160463323418,0.9439214824294827,1.0043255932231105,0.002626139536318739,-0.07142857142857151,1
2020-09-04,117.43611907958984,120.09629366493148,107.65948471911048,116.57204769157234,332607200,259.997,7.8,0.09,0.72,0.000661925102088956,123.58363800048828,117.33100929260254,0.02849288655700806,0.9502562068865933,1.000895839792234,0.002626139536318739,-0.07142857142857151,0
2020-09-08,109.53324127197266,115.52349034053138,109.3973204514996,110.63031858211356,231366600,259.997,7.8,0.09,0.69,-0.06729512069673538,120.43414459228515,117.33549919128419,0.03258039903265098,0.9094866048393822,0.9335047110798751,0.002626139536318739,-0.07142857142857151,1
2020-09-09,113.90216827392578,115.6691467263431,111.90218370886298,113.8439185975471,176940500,259.997,7.8,0.09,0.71,0.03988676817391923,117.16038513183594,117.72117729187012,0.032891278340875144,0.9721901148221405,0.9675588614912018,0.002626139536318739,-0.07142857142857151,0
2020-09-10,110.18372344970705,116.98950502781076,109.22256693467808,116.85358420375128,182274400,259.997,7.8,0.09,0.68,-0.032645952931081745,113.6827377319336,117.74447746276856,0.03311147567350945,0.9692212348854818,0.9357867632012528,0.002626139536318739,-0.07142857142857151,0
2020-09-11,108.73714447021484,111.8730493064842,106.79540974753245,111.23227329257654,180860300,259.997,7.8,0.09,0.67,-0.013128790117103661,111.95847930908204,117.59836311340332,0.032997997888481866,0.9712274152101146,0.9246484525074268,0.002626139536318739,-0.07142857142857151,1
2020-09-14,111.9992446899414,112.55263871695288,109.51382694155708,111.37789025284532,140150100,259.997,7.8,0.09,0.68,0.029999870197254586,110.87110443115235,117.62032890319824,0.033708735019431085,1.0101752414623921,0.9522099260759337,0.002626139536318739,-0.07142857142857151,1
2020-09-15,112.17401123046876,115.3681656075008,110.3002370034296,114.88273194668368,184642000,259.997,7.8,0.09,0.68,0.0015604260636863376,111.39925842285156,117.66559600830078,0.03369977432338887,1.006954739363492,0.9533288831729148,0.002626139536318739,-0.07142857142857151,0
2020-09-16,108.86336517333984,112.62062489457956,108.77599065772375,111.87306021260656,154679000,259.997,7.8,0.09,0.69,-0.029513485528541716,110.39149780273438,117.49897117614746,0.03432053361534931,0.9861571528622136,0.9265048373073699,0.002626139536318739,-0.07142857142857151,0
2020-09-17,107.12548828125,108.93130194991431,105.54297733812126,106.5235553297814,178011000,259.997,7.8,0.09,0.69,-0.015963835853527675,109.77985076904297,117.23841552734375,0.034478248626826545,0.9758210412093083,0.9137404987895363,0.002626139536318739,-0.07142857142857151,0
2020-09-18,103.72746276855467,107.64976770036112,102.99931226553164,107.18375552641912,287104900,259.997,7.8,0.09,0.7,-0.0317200469021347,108.77791442871094,116.68332176208496,0.03461121644679131,0.9535709827984784,0.8889656310955303,0.002626139536318739,-0.07142857142857151,1
2020-09-21,106.87307739257812,106.97987339137704,100.09642017457678,101.49447149912258,195713800,259.997,7.8,0.09,0.68,0.030325764653496012,107.75268096923828,115.98963737487793,0.03309616651981631,0.9918368288496574,0.9214019442716669,0.002626139536318739,-0.07142857142857151,1
2020-09-22,108.55265808105467,109.57207159281867,105.97986595474056,109.39731520243424,183055400,259.997,7.8,0.09,0.68,0.015715657576762077,107.02841033935547,115.30772399902344,0.03321121812072878,1.0142415246275849,0.9414170561720048,0.002626139536318739,-0.07142857142857151,0
2020-09-23,103.99932861328124,108.84395533385234,103.65951906471084,108.3682323358374,150718700,259.997,7.8,0.09,0.68,-0.04194581273517539,106.05560302734375,114.44826545715333,0.03420509668102831,0.9806113552196544,0.9087016583245299,0.002626139536318739,-0.07142857142857151,1
2020-09-24,105.0672607421875,107.03812018263172,101.94106684060164,102.10611250444197,167743300,259.997,7.8,0.09,0.67,0.010268644453247822,105.64395751953126,113.55979995727539,0.03410722243851108,0.9945411286089207,0.9252152679180218,0.002626139536318739,-0.07142857142857151,1
2020-09-25,109.00897979736328,109.16432212155291,104.53328092968296,105.27114215532433,149981400,259.997,7.8,0.09,0.66,0.03751614943924264,106.70026092529297,112.94184341430665,0.03551078644818531,1.0216374248014892,0.9651779756904059,0.002626139536318739,-0.07142857142857151,1
2020-09-28,111.61090850830078,111.96042134324225,109.49441741099088,111.65945483814876,137672400,259.997,7.8,0.09,0.67,0.023868939199084505,107.6478271484375,112.4638126373291,0.03608169948897149,1.036815247133586,0.9924161905147325,0.002626139536318739,-0.07142857142857151,0
2020-09-29,110.7662582397461,111.9507176542682,110.26141045029476,111.21286376254167,99382200,259.997,7.8,0.09,0.66,-0.007567811066530927,108.09054718017578,111.73809013366699,0.034995526632790194,1.0247543483623058,0.9913025907928233,0.002626139536318739,-0.07142857142857151,1
2020-09-30,112.4361343383789,113.84389630124348,110.3099400885334,110.47498574403602,142675200,259.997,7.8,0.09,0.69,0.015075674895675073,109.77790832519531,110.84634857177734,0.033720548644897326,1.0242145806359246,1.0143422475082444,0.0,0.0,1
2020-10-01,113.38758087158205,114.29048766143627,112.45554925094682,114.21281650793448,116120400,260.319,6.9,0.09,0.68,0.008462106410913606,111.44197235107421,110.1371295928955,0.03371719449726723,1.0174584896467787,1.0295127655015281,0.001238475828567287,-0.11538461538461531,0
2020-10-02,109.72740936279295,112.008953243385,108.95072003519334,109.6011992914294,144712000,260.319,6.9,0.09,0.7,-0.032280179898488526,111.58565826416016,109.75557823181153,0.02958227923967697,0.9833468840864109,0.9997433490901112,0.001238475828567287,-0.11538461538461531,1
2020-10-05,113.10604095458984,113.25167253166546,110.24198536966456,110.59149819179416,106243800,260.319,6.9,0.09,0.78,0.030791136065430047,111.88468475341797,109.53907432556153,0.030527207146316983,1.0109162054115235,1.0325634176752938,0.001238475828567287,-0.11538461538461531,0
2020-10-06,109.86335754394533,112.73712413305032,108.97986466252809,112.32935419932602,161498200,260.319,6.9,0.09,0.76,-0.028669409549454516,111.70410461425782,109.55558013916016,0.027179164000621595,0.9835212226384246,1.0028093265938094,0.001238475828567287,-0.11538461538461531,1
2020-10-07,111.7273941040039,112.1837028525209,110.80506586141271,111.28079610104412,96849000,260.319,6.9,0.09,0.81,0.016966863217455996,111.5623565673828,109.44684143066407,0.025883431213782195,1.0014793299612796,1.0208370807556342,0.001238475828567287,-0.11538461538461531,0
2020-10-08,111.62060546875,113.00894588963776,111.25167118458673,112.86331432521168,83477200,260.319,6.9,0.09,0.78,-0.0009557963479798204,111.2089614868164,109.51868553161621,0.02476718978792451,1.0037015360671486,1.0191923408040449,0.001238475828567287,-0.11538461538461531,1
2020-10-09,113.5623550415039,113.59147987684436,111.57207401243367,111.92158685077898,100506900,260.319,6.9,0.09,0.79,0.01739597778205515,111.9759506225586,109.75994606018067,0.024795077902597384,1.014167367279539,1.0346429559945156,0.001238475828567287,-0.11538461538461531,1
2020-10-12,120.77587890625,121.53315412296922,115.80503626850115,116.5623114852204,240226800,260.319,6.9,0.09,0.79,0.06352037928510512,113.50991821289062,110.19877777099609,0.027715118011501835,1.0640116811619218,1.095982018577685,0.001238475828567287,-0.11538461538461531,0
2020-10-13,117.57202911376952,121.73705073964727,116.164274484854,121.62054399652054,262330500,260.319,6.9,0.09,0.74,-0.026527232271001844,115.05165252685546,110.46867866516114,0.028551846536902056,1.0219064787993875,1.064301940916114,0.001238475828567287,-0.11538461538461531,1
2020-10-14,117.65939331054688,119.44578532679022,116.13513216796562,117.47492618014812,150712000,260.319,6.9,0.09,0.73,0.000743069567106236,116.23805236816406,110.90848007202149,0.027536567268795602,1.0122278454725047,1.060869225095696,0.001238475828567287,-0.11538461538461531,0
2020-10-15,117.1933822631836,117.66910513115164,114.70796452850908,115.26135855246798,112559200,260.319,6.9,0.09,0.74,-0.003960678652602856,117.35260772705078,111.41187477111816,0.027201563620901984,0.9986431876806903,1.0518930994020415,0.001238475828567287,-0.11538461538461531,0
2020-10-16,115.5526351928711,118.00893594757436,115.34875392683747,117.74679760043794,115393800,260.319,6.9,0.09,0.76,-0.014000338915279742,117.75066375732422,112.00313339233398,0.02621851725481922,0.9813331959726095,1.0316910937491688,0.001238475828567287,-0.11538461538461531,0
2020-10-19,112.6011962890625,116.9118422011094,112.29051903948135,116.46524411778216,120639300,260.319,6.9,0.09,0.78,-0.025541943711472226,116.11572723388672,112.2895393371582,0.02643614407822206,0.9697325157534857,1.002775476270933,0.001238475828567287,-0.11538461538461531,1
2020-10-20,114.08660888671876,115.51378488263892,112.26137377590751,112.81476779400624,124423700,260.319,6.9,0.09,0.81,0.013191801211800636,115.41864318847657,112.56623687744141,0.026377928471332877,0.988459106215773,1.0135064656281678,0.001238475828567287,-0.11538461538461531,0
2020-10-21,113.46527862548828,115.25167113205254,113.057508677572,113.27110069621132,89946000,260.319,6.9,0.09,0.83,-0.005446127878578899,114.57982025146484,113.03953437805175,0.024298606752627586,0.9902727930317005,1.0037663305124087,0.001238475828567287,-0.11538461538461531,0
2020-10-22,112.37789916992188,114.60118635769,111.25168945435152,114.02837075211396,101988000,260.319,6.9,0.09,0.87,-0.009583367429568335,113.6167236328125,113.40506629943847,0.02446161614550655,0.989096460245639,0.9909424934614082,0.001238475828567287,-0.11538461538461531,0
2020-10-23,111.68858337402344,113.15459517987492,110.950722097239,112.99925284491812,82572600,260.319,6.9,0.09,0.85,-0.006133908900149088,112.84391326904297,113.53904647827149,0.023195486854554692,0.9897616994878138,0.9837019671941478,0.001238475828567287,-0.11538461538461531,1
2020-10-26,111.6982879638672,113.15458894171616,109.59150025316038,110.688585063703,111850700,260.319,6.9,0.09,0.81,8.688972095982628e-05,112.6633316040039,113.54341545104981,0.022588285152348616,0.9914342703486819,0.9837495861838147,0.001238475828567287,-0.11538461538461531,1
2020-10-27,113.20314025878906,113.86333040398806,111.20315573383206,112.12547682460936,92276800,260.319,6.9,0.09,0.79,0.013472474129672118,112.48663787841797,113.66525955200196,0.0226933443367287,1.0063696666011615,0.9959343840410493,0.001238475828567287,-0.11538461538461531,0
2020-10-28,107.96043395996094,112.06720563801412,107.86334871753532,111.69827875394512,143937800,260.319,6.9,0.09,0.79,-0.04631237514121067,111.3856689453125,113.44147453308105,0.02479096049273605,0.9692488718002559,0.9516839798170839,0.001238475828567287,-0.11538461538461531,1
2020-10-29,111.96041107177734,113.52350793821677,108.9313025825577,109.09635564462052,146129200,260.319,6.9,0.09,0.85,0.037050398605287915,111.30217132568359,113.37011604309082,0.02619455041865936,1.0059139883638717,0.9875654623941845,0.0,0.0,0
2020-10-30,105.68861389160156,108.72742584588708,104.58182577242384,107.82451896896532,190272600,260.319,6.9,0.09,0.88,-0.056017989931771095,110.10217742919922,113.16817626953124,0.028181803230729344,0.9599139304902868,0.9339075469404429,0.0,0.0,0
2020-11-02,105.6012191772461,107.45557903361016,104.19346473885868,105.9313178678642,122866900,260.911,6.7,0.09,0.87,-0.0008269075649445234,108.882763671875,112.79293518066406,0.02714293350331411,0.9698616715450202,0.9362396590540111,0.002274132890799363,-0.02898550724637683,1
2020-11-03,107.22257995605467,108.24198610997584,105.56239787070092,106.4653046968192,107624400,260.911,6.7,0.09,0.9,0.015353617992678759,107.68665161132813,112.66089630126953,0.02674035886133908,0.9956905368647878,0.9517284477244694,0.002274132890799363,-0.02898550724637683,1
2020-11-04,111.60120391845705,112.22255845771816,109.0769501768174,110.81480370001444,138235500,260.911,6.7,0.09,0.78,0.04083677117447615,108.41480560302735,112.65458679199219,0.028077899471185757,1.0293908041222437,0.990649445321919,0.002274132890799363,-0.02898550724637683,1
2020-11-05,115.56233978271484,116.1351553723964,113.46527015302648,114.51380126430564,126387100,260.911,6.7,0.09,0.79,0.03549366606432014,109.13519134521485,112.85167350769044,0.029153254596039513,1.058891622017409,1.0240197259887305,0.002274132890799363,-0.02898550724637683,0
2020-11-06,115.4310531616211,115.92704441463144,112.94133971591968,115.07120982324268,114457900,260.911,6.7,0.09,0.83,-0.0011360675228677675,111.08367919921875,112.94510841369629,0.028936534863108886,1.0391360278462303,1.0220102028572966,0.002274132890799363,-0.02898550724637683,0
2020-11-09,113.12613677978516,118.64045065602376,112.8635535846876,117.19136449216022,154515300,260.911,6.7,0.09,0.96,-0.01996790567793494,112.58866271972656,112.56262130737305,0.025263935492747365,1.004773784918261,1.0050062397789523,0.002274132890799363,-0.02898550724637683,0
2020-11-10,112.78572845458984,114.36124218625868,110.99624681601809,112.37726248118744,138023400,260.911,6.7,0.09,0.98,-0.003009104128234852,113.7012924194336,112.32330627441407,0.02464917705870652,0.9919476380139434,1.0041168854044062,0.002274132890799363,-0.02898550724637683,1
2020-11-11,116.20907592773438,116.34523125447596,113.24282640096855,113.97223311704504,112295000,260.911,6.7,0.09,0.98,0.030352665359809627,114.62286682128907,112.25079040527343,0.025676819796358174,1.0138385049199512,1.0352628743919738,0.002274132890799363,-0.02898550724637683,0
2020-11-12,115.93677520751952,117.22053084100786,115.31434868339848,116.33552114136148,103162300,260.911,6.7,0.09,0.88,-0.00234319667410654,114.69775390625,112.18796005249024,0.025667244757473322,1.0108024896658592,1.03341548552336,0.002274132890799363,-0.02898550724637683,1
2020-11-13,115.98538970947266,116.38412816982796,114.6335565884222,116.16044760960408,81581900,260.911,6.7,0.09,0.89,0.00041931908030146126,114.80862121582031,112.20959777832032,0.02546160474001089,1.0102498268961895,1.0336494560706986,0.002274132890799363,-0.02898550724637683,1
2020-11-16,116.996826171875,117.66787522451466,114.90585901966058,115.65471322677983,91183000,260.911,6.7,0.09,0.91,0.008720378186734212,115.58275909423828,112.42937927246093,0.024760409242131895,1.0122342388148373,1.0406250299429771,0.002274132890799363,-0.02898550724637683,0
2020-11-17,116.11181640625,117.35666927518156,115.6936229499769,116.26742672482064,74271000,260.911,6.7,0.09,0.87,-0.007564391228227607,116.24797668457032,112.5306396484375,0.02471083225079116,0.9988287084024716,1.0318240149438467,0.002274132890799363,-0.02898550724637683,0
2020-11-18,114.78916931152344,116.53002096182686,114.75999422898964,115.35324564020682,76322100,260.911,6.7,0.09,0.88,-0.011391149804244827,115.96399536132813,112.59683418273926,0.024830105038729226,0.9898690447311332,1.019470664026185,0.002274132890799363,-0.02898550724637683,1
2020-11-19,115.38241577148438,115.7908817492475,113.60266161420516,114.36124340716778,74113000,260.911,6.7,0.09,0.86,0.005168139673098704,115.85312347412109,112.74706001281739,0.02472195032577545,0.9959370305390008,1.0233740530206943,0.002274132890799363,-0.02898550724637683,0
2020-11-20,114.11810302734376,115.5088387291352,114.06948036722603,115.38241090893904,73604300,260.911,6.7,0.09,0.83,-0.010957586003785824,115.47966613769532,112.8685359954834,0.024824816940988644,0.988209499075551,1.0110709953029813,0.002274132890799363,-0.02898550724637683,0
2020-11-23,110.72393035888672,114.39041868660992,110.62667762078418,113.96249773506877,127959300,260.911,6.7,0.09,0.86,-0.029742631347839388,114.22508697509765,112.81981811523437,0.025783614845556174,0.9693486193888894,0.981422698676868,0.002274132890799363,-0.02898550724637683,1
2020-11-24,112.00768280029295,112.66901178958844,109.49852215679763,110.78228497711366,113874200,260.911,6.7,0.09,0.88,0.01159417333945112,113.40426025390624,112.76004524230957,0.025734873785961083,0.9876849648286015,0.9933277568273419,0.002274132890799363,-0.02898550724637683,1
2020-11-25,112.84405517578124,113.54428665324764,112.00766840213048,112.3772391374084,76499200,260.911,6.7,0.09,0.88,0.007467098279137829,113.0152374267578,113.00422630310058,0.02336520048788978,0.9984853170698552,0.9985826094071054,0.002274132890799363,-0.02898550724637683,1
2020-11-27,113.38871002197266,114.26399962865096,113.02887409805057,113.36926243956174,46691300,260.911,6.7,0.09,0.84,0.004826615326283701,112.61649627685547,113.07564125061035,0.02192195524787864,1.0068570215789592,1.0027686667782716,0.002274132890799363,-0.02898550724637683,1
2020-11-30,115.78116607666016,117.64844554887398,113.6026659391683,113.75827627180732,169410200,260.911,6.7,0.09,0.84,0.021099596725492997,112.94910888671875,113.58026885986328,0.017781521150278104,1.0250737453164132,1.019377460881981,0.002274132890799363,-0.02898550724637683,1
2020-12-01,119.35040283203124,120.07980962174469,116.71481385558914,117.68735624187372,127728200,262.045,6.7,0.09,0.92,0.030827438315898847,114.67440338134766,114.26772804260254,0.018649424292946224,1.0407763137439976,1.0444804047170144,0.004346309661148906,0.0,1
2020-12-02,119.70049285888672,119.98253098044768,117.57062311807924,118.66959310630676,89004200,262.045,6.7,0.09,0.95,0.0029332957287808714,116.21296539306641,114.89162368774414,0.01853862527153413,1.0300097967040465,1.0418556985861063,0.004346309661148906,0.0,0
2020-12-03,119.56436157226562,120.38129360308125,118.8544023760392,120.12843050881996,78967600,262.045,6.7,0.09,0.92,-0.0011372658822847992,117.55702667236328,115.28978157043457,0.016626597796709615,1.0170754140073386,1.0370768332076297,0.004346309661148906,0.0,0
2020-12-04,118.8932876586914,119.4865390127896,118.18332856578574,119.23367595532766,78260400,262.045,6.7,0.09,0.97,-0.0056126583603143265,118.65794219970704,115.45632896423339,0.014928224674526995,1.0019833940705651,1.029768473718948,0.004346309661148906,0.0,1
2020-12-07,120.35211181640624,121.14959622013072,118.89329833984377,118.95164850453536,86712000,262.045,6.7,0.09,0.94,0.012270029590759624,119.57213134765625,115.70238189697265,0.01510230282864826,1.0065230958080207,1.0401869852910544,0.004346309661148906,0.0,1
2020-12-08,120.96480560302734,121.54833690448348,119.7102251767506,120.9550855226028,82225500,262.045,6.7,0.09,0.92,0.005090843670078282,119.89501190185547,116.09431533813476,0.014177768881272854,1.0089227540345682,1.0419528747011157,0.004346309661148906,0.0,0
2020-12-09,118.43621826171876,122.49171849360197,117.67763633862232,121.11070999668743,115089200,262.045,6.7,0.09,0.95,-0.020903496092960272,119.64215698242188,116.37683982849121,0.015138929490591618,0.989920453198781,1.0176957755191027,0.004346309661148906,0.0,1
2020-12-10,119.8561019897461,120.46880834155796,116.85095006957522,117.1913383650772,81312200,262.045,6.7,0.09,0.92,0.011988593935764458,119.70050506591797,116.5591911315918,0.013867813348804159,1.0012998852740216,1.0282852928726331,0.004346309661148906,0.0,0
2020-12-11,119.04890441894533,119.38929273400028,117.23997517904311,119.0683519998447,86939800,262.045,6.7,0.09,0.9,-0.006734722366240731,119.73162841796875,116.71479759216308,0.013968562376932017,0.9942978809522233,1.0199983795965473,0.004346309661148906,0.0,0
2020-12-14,118.43621826171876,119.9631096099772,118.20281015151448,119.23370277316756,79184500,262.045,6.7,0.09,0.9,-0.005146508153241469,119.34844970703125,116.83733901977538,0.014044743063831437,0.9923565706337052,1.0136846598472493,0.004346309661148906,0.0,1
2020-12-15,124.3686981201172,124.3881531199314,120.72166474533368,120.92589772393254,157243700,262.045,6.7,0.09,0.92,0.050090081779620155,120.02922821044922,117.2059326171875,0.017771850158242165,1.0361534434101294,1.0611126531139374,0.004346309661148906,0.0,0
2020-12-16,124.30062866210938,124.84524997430788,123.08495079030278,123.91161767905837,98208600,262.045,6.7,0.09,0.92,-0.0005473198564970305,121.20211029052734,117.61537322998046,0.0176165691973868,1.0255648879722863,1.0568399797453079,0.004346309661148906,0.0,1
2020-12-17,125.16617584228516,126.02201771109635,124.52429444067675,125.36068131070152,94359800,262.045,6.7,0.09,0.94,0.006963337108524481,122.26412506103516,118.13422355651855,0.017271455236258,1.023735914192338,1.0595251069001383,0.004346309661148906,0.0,0
2020-12-18,123.18219757080078,125.55520289308356,122.65702389685748,125.41904757982878,192541500,262.045,6.7,0.09,0.95,-0.015850754072604056,123.09078369140624,118.52421264648437,0.017856746007062475,1.0007426541342341,1.0392998596684166,0.004346309661148906,0.0,1
2020-12-21,124.7090835571289,124.78688871478424,120.06033297589272,121.58722395031434,121251600,262.045,6.7,0.09,0.95,0.012395346214297831,124.34535675048828,119.05376167297364,0.01762877750087556,1.0029251338059249,1.0475022528031475,0.004346309661148906,0.0,1
2020-12-22,128.25888061523438,130.71941139606707,126.0901006465024,127.99629004452623,168904800,262.045,6.7,0.09,0.93,0.02846462307999653,125.12339324951172,119.93050918579101,0.01642551311047872,1.0250591618744713,1.0694433091794968,0.004346309661148906,0.0,0
2020-12-23,127.36415100097656,128.79377458393498,127.18908566358635,128.53119883757725,88223700,262.045,6.7,0.09,0.96,-0.0069759661862474065,125.73609771728516,120.69833259582519,0.016704626635195056,1.012948177279623,1.0552270960318297,0.004346309661148906,0.0,1
2020-12-24,128.34637451171875,129.79546749710363,127.50026768364368,127.71422812013846,54930100,262.045,6.7,0.09,0.94,0.007711930735789574,126.37213745117188,121.47344856262207,0.016705404173560378,1.015622407758274,1.056579656134102,0.004346309661148906,0.0,1
2020-12-28,132.9368133544922,133.56895993255333,129.84412103088945,130.3109520335808,124486200,262.045,6.7,0.09,0.94,0.03576601879279662,128.32306060791015,122.45085372924805,0.017921985239811672,1.0359541981365243,1.0856340262717132,0.004346309661148906,0.0,0
2020-12-29,131.1667938232422,134.97915839822994,130.6513475184492,134.25948649182007,121047300,262.045,6.7,0.09,0.94,-0.013314743197055834,129.6146026611328,123.22013511657715,0.018260571441588113,1.011975434327932,1.064491559753175,0.004346309661148906,0.0,0
2020-12-30,130.04837036132812,132.25604575507535,129.7371496715403,131.85729981121693,96452100,262.045,6.7,0.09,0.93,-0.00852672714880287,129.97250061035157,123.75503349304199,0.01759976868865959,1.000583736949126,1.05085317898314,0.0,0.0,0
2020-12-31,129.04664611816406,131.0403608931575,128.1032788564328,130.398479383972,99116600,262.045,6.7,0.09,0.93,-0.007702705081046868,130.30899963378906,124.22234115600585,0.017807355111281117,0.9903126144842442,1.03883604927474,0.0,0.0,0
2021-01-04,125.85669708251952,129.94137159533847,123.2794586166156,129.85384635373498,143301900,262.687,6.4,0.09,0.93,-0.024719348635559357,129.81106414794922,124.53695793151856,0.018906281859838798,0.96953751907524,1.0105971686872797,0.0024499608845809373,-0.04477611940298509,1
2021-01-05,127.41273498535156,128.122701401941,124.9035745903808,125.35095048522052,97664900,262.687,6.4,0.09,0.96,0.01236356855775278,128.70624847412108,124.96293029785156,0.01891582538612394,0.9899498780820295,1.0196042512900494,0.0024499608845809373,-0.04477611940298509,0
2021-01-06,123.12384796142578,127.45166544679954,122.90988747820572,124.21309795786028,155088000,262.687,6.4,0.09,1.04,-0.03366136849992951,127.09765930175782,125.10151710510254,0.020531425149436167,0.9687341894243912,0.9841914855275876,0.0024499608845809373,-0.04477611940298509,1
2021-01-07,127.32523345947266,128.01574500748134,124.34925645838388,124.83552759816486,109578200,262.687,6.4,0.09,1.08,0.0341232471824886,126.55303192138672,125.4195384979248,0.02179802088322037,1.006101801958926,1.0151945620624285,0.0024499608845809373,-0.04477611940298509,1
2021-01-08,128.42425537109375,128.98833186897824,126.65422068740568,128.7938114739802,105158200,262.687,6.4,0.09,1.13,0.008631611203531842,126.42855377197266,125.91894035339355,0.02109763900455474,1.0157852125930393,1.0198962523879964,0.0024499608845809373,-0.04477611940298509,0
2021-01-11,125.43849182128906,126.595819441527,124.97167570919714,125.64273221772612,100384500,262.687,6.4,0.09,1.15,-0.02324921831298188,126.34491271972657,126.1980598449707,0.02187579088715851,0.9928258219589083,0.9939811434136567,0.0024499608845809373,-0.04477611940298509,0
2021-01-12,125.2634506225586,126.12901267192076,123.3767161950052,124.97168496595856,91951100,262.687,6.4,0.09,1.15,-0.0013954344969313581,125.91505584716796,126.50878715515137,0.021789519820258046,0.9948250412134966,0.9901561262217661,0.0024499608845809373,-0.04477611940298509,1
2021-01-13,127.29605865478516,127.84067995815208,124.96196311469332,125.22453884607684,88636800,262.687,6.4,0.09,1.1,0.01622666485814106,126.74949798583984,126.95177917480468,0.021904587796657278,1.0043121328102331,1.002711891729429,0.0024499608845809373,-0.04477611940298509,0
2021-01-14,125.37045288085938,127.40306307368417,125.22456260703548,127.20855754840598,90221800,262.687,6.4,0.09,1.15,-0.015126986603315351,126.3585418701172,127.00186691284179,0.01936406725284882,0.9921802754714164,0.9871544090520967,0.0024499608845809373,-0.04477611940298509,0
2021-01-15,123.64903259277344,126.64446478265978,123.51287725867944,125.24400143779673,111598500,262.687,6.4,0.09,1.11,-0.013730669775292359,125.40349731445312,126.969287109375,0.019627018647330314,0.9860094434425516,0.9738499396807561,0.0024499608845809373,-0.04477611940298509,1
2021-01-19,124.32006072998048,125.17590254259753,123.45449883851644,124.2714306561154,90757300,262.687,6.4,0.09,1.1,0.005426877373291061,125.1798110961914,126.92698135375977,0.01960098716669185,0.9931318767884203,0.9794612572049318,0.0024499608845809373,-0.04477611940298509,1
2021-01-20,128.40480041503906,128.85217654796193,125.02035626619984,125.12733654756252,104319500,262.687,6.4,0.09,1.1,0.032856641647967866,125.8080810546875,127.18811149597168,0.020551323439217044,1.0206403224545075,1.0095660585313897,0.0024499608845809373,-0.04477611940298509,1
2021-01-21,133.11184692382812,135.83496806730977,129.92190967683482,130.1261500695179,120150900,262.687,6.4,0.09,1.12,0.03665787021649192,126.97123870849609,127.60824966430664,0.021854728656991364,1.0483621982252989,1.0431288515750319,0.0024499608845809373,-0.04477611940298509,1
2021-01-22,135.25148010253906,136.01006199526975,131.31268037347158,132.53807846792435,114459400,262.687,6.4,0.09,1.1,0.016073950051457953,128.94744415283202,127.95787963867187,0.021277531718849857,1.048888413346412,1.0570000103507724,0.0024499608845809373,-0.04477611940298509,1
2021-01-25,138.99574279785156,141.10615779384105,132.79091821695442,139.14163304575837,157611700,262.687,6.4,0.09,1.05,0.027683709579176874,132.01678619384765,128.53945922851562,0.021837346324710235,1.052864160726927,1.0813468769208598,0.0024499608845809373,-0.04477611940298509,1
2021-01-26,139.22915649414062,140.3378541007655,137.48829750104505,139.65707747210416,98390600,262.687,6.4,0.09,1.05,0.0016792866572072906,134.99860534667968,129.0835983276367,0.02183383209153102,1.0313377396499526,1.0785968031411142,0.0024499608845809373,-0.04477611940298509,0
2021-01-27,138.1593780517578,140.33787848176394,136.55468894542827,139.4917564593141,140843800,262.687,6.4,0.09,1.04,-0.007683580575508553,136.94952087402345,129.3447265625,0.02066904777425118,1.0088343293938742,1.0681485184863608,0.0024499608845809373,-0.04477611940298509,0
2021-01-28,133.3258514404297,138.09131872574878,132.94656044856208,135.68913749731348,142621100,262.687,6.4,0.09,1.07,-0.034985150334980286,136.99232177734376,129.4526794433594,0.022043643968646505,0.9732359427933979,1.0299195969811112,0.0024499608845809373,-0.04477611940298509,0
2021-01-29,128.33668518066406,132.98543606950523,126.63473619885517,132.10041903740844,177523800,262.687,6.4,0.09,1.11,-0.03742084678900248,135.60936279296874,129.36709518432616,0.023596280363198174,0.9463703872467295,0.992034991570353,0.0024499608845809373,-0.04477611940298509,1
2021-02-01,130.45681762695312,131.66277536673385,127.3349504556567,130.07752674070375,106239800,263.579,6.2,0.08,1.09,0.01652008109220282,133.90157775878907,129.43760375976564,0.023822159532469394,0.9742739391910575,1.007874171319481,0.005853956381537406,-0.07462686567164178,1
2021-02-02,131.28350830078125,132.5672565949287,130.91393742770222,132.00318020332065,83305400,263.579,6.2,0.08,1.12,0.006336891309062009,132.31244812011718,129.7089443206787,0.02307056063521009,0.9922234088027618,1.0121392089678083,0.0033956762230333837,-0.03125,0
2021-02-03,130.26229858398438,132.0420525079875,129.94135789213308,132.03231758895785,89880900,263.579,6.2,0.08,1.15,-0.007778659559106282,130.7330322265625,129.85142250061034,0.023050809159855058,0.9963992754198316,1.0031642016349271,0.0033956762230333837,-0.03125,1
2021-02-04,133.6175994873047,133.62731956895118,130.8944778045398,132.55753183488522,84183100,263.579,6.2,0.08,1.15,0.025758035439218396,130.7913818359375,130.3761100769043,0.02210951270133157,1.0216085923376232,1.0248626025771772,0.0033956762230333837,-0.03125,0
2021-02-05,133.20362854003906,133.8464691818489,132.32703847356598,133.77829722031976,75693800,263.579,6.2,0.08,1.19,-0.003098176803460362,131.7647705078125,130.6700298309326,0.02100885161688849,1.0109198993530768,1.0193892869878773,0.0033956762230333837,-0.03125,1
2021-02-08,133.34974670410156,133.39844945852406,131.41149002924152,132.49262578464683,71297200,263.579,6.2,0.08,1.19,0.0010969533312568114,132.34335632324218,130.91630439758302,0.020960028930865227,1.007604389134588,1.0185877711543732,0.0033956762230333837,-0.03125,0
2021-02-09,132.47311401367188,134.29449558670797,132.3172860388913,133.06725182462114,76774200,263.579,6.2,0.08,1.18,-0.006573935924864549,132.5812774658203,131.26803550720214,0.02021742025424305,0.9991841724999496,1.0091802890308632,0.0033956762230333837,-0.03125,0
2021-02-10,131.8692626953125,133.42766158836056,130.90500170826476,132.93091432442992,73046600,263.579,6.2,0.08,1.15,-0.004558293377908029,132.90267028808594,131.59832611083985,0.020265316928427587,0.9922243278443287,1.002058814822952,0.0033956762230333837,-0.03125,0
2021-02-11,131.6160125732422,132.84324151471785,130.29137814000228,132.36597838425936,64280000,263.579,6.2,0.08,1.16,-0.0019204636235470307,132.50235290527343,131.8143238067627,0.020035967202115198,0.9933107577896002,0.9984955259201479,0.0033956762230333837,-0.03125,1
2021-02-12,131.84979248046875,132.0056353585524,130.21348684657468,130.8563275721737,60145100,263.579,6.2,0.08,1.2,0.001776226939685488,132.23158569335936,132.13829078674317,0.01963415411677423,0.9971126927739037,0.9978166941273667,0.0033956762230333837,-0.03125,0
2021-02-16,129.72645568847656,132.47311511495084,129.33684859330893,131.96664818421948,80576300,263.579,6.2,0.08,1.3,-0.016104210344561,131.50692749023438,132.44216194152833,0.01974558923800415,0.9864610037224842,0.9794951531050157,0.0033956762230333837,-0.03125,0
2021-02-17,127.43759155273438,128.78171035064747,126.10322222332452,127.83693334950487,97918500,263.579,6.2,0.08,1.29,-0.017643772995992735,130.49982299804688,132.59803848266603,0.020238696022344932,0.9765345931131391,0.9610820266349094,0.0033956762230333837,-0.03125,0
2021-02-18,126.33698272705078,126.61943492722637,124.09678975209331,125.84023543219844,96856700,263.579,6.2,0.08,1.29,-0.008636453437902203,129.39336700439452,132.4946475982666,0.018932579003289672,0.976379127090495,0.9535251802028539,0.0033956762230333837,-0.03125,1
2021-02-19,126.49281311035156,127.31098076958226,125.4506454700138,126.853201614987,87668800,263.579,6.2,0.08,1.34,0.0012334502529434133,128.3687271118164,132.16369590759277,0.016795942280213874,0.9853865186352528,0.9570919778060216,0.0033956762230333837,-0.03125,0
2021-02-22,122.72344207763672,126.34670679460255,122.33384236261952,124.68116782712916,103916400,263.579,6.2,0.08,1.37,-0.02979909245457657,126.54345703125,131.53729400634765,0.01726428134668156,0.9698126237165314,0.9329935133963939,0.0033956762230333837,-0.03125,0
2021-02-23,122.58708953857422,123.41498433079911,115.31134105569778,120.54170021925478,158273000,263.579,6.2,0.08,1.37,-0.0011110553676960677,125.11558380126954,130.71686134338378,0.015535074014502135,0.9797907328098192,0.937806249926295,0.0033956762230333837,-0.03125,0
2021-02-24,122.09033966064452,122.29487783267318,119.05147832650884,121.69100535268277,111039900,263.579,6.2,0.08,1.38,-0.004052220179135535,124.04613342285157,129.85992050170898,0.015435677074253275,0.9842333355483149,0.9401695241222466,0.0033956762230333837,-0.03125,0
2021-02-25,117.84371185302734,123.17146835413952,117.4054168564186,121.43775757680416,148199500,263.579,6.2,0.08,1.54,-0.034782668468454236,122.34747924804688,128.84413719177246,0.01668974905676339,0.9631887193532724,0.9146222282324572,0.0033956762230333837,-0.03125,1
2021-02-26,118.1067123413086,121.60335309106918,118.04826755034811,119.40212088348072,164560400,263.579,6.2,0.08,1.44,0.002231773627508149,120.67025909423828,128.08318023681642,0.015532310516406468,0.9787557698792404,0.9221094613901524,0.0033956762230333837,-0.03125,1
2021-03-01,124.4668960571289,124.60325484384612,119.5969181572381,120.53195302229754,116307900,264.961,6.1,0.07,1.45,0.053851162137512176,121.01894989013672,127.88969078063965,0.018846630639404383,1.0284909608794515,0.9732363515572054,0.008656690281589885,-0.04687500000000011,0
2021-03-02,121.8663330078125,125.3727157063762,121.75919289657612,125.0707794461628,102260900,264.961,6.1,0.07,1.42,-0.020893612130592376,120.87479858398437,127.46016654968261,0.01883499834002414,1.0082029871854488,0.9561130846342516,0.0052432098156529605,-0.016129032258064613,0
2021-03-03,118.88591766357422,122.44100360128492,118.67163741178376,121.56440594895932,112966300,264.961,6.1,0.07,1.47,-0.024456429193181806,120.23391418457031,126.84028701782226,0.019265186457197502,0.9887885499682993,0.9372883053068906,0.0052432098156529605,-0.016129032258064613,0
2021-03-04,117.00608825683594,120.38585416346812,115.5353602573882,118.58396379730593,178155000,264.961,6.1,0.07,1.54,-0.015812044384078017,120.06638946533204,126.17747650146484,0.019414318325457102,0.9745115912777594,0.9273135863949346,0.0052432098156529605,-0.016129032258064613,1
2021-03-05,118.26253509521484,118.7690169305712,114.5126538027712,117.83398211644732,153766600,264.961,6.1,0.07,1.56,0.010738303084032008,120.09755401611328,125.40972328186035,0.018419823489255936,0.9847205970518581,0.9430092978470092,0.0052432098156529605,-0.016129032258064613,0
2021-03-08,113.33412170410156,117.85346041822145,113.18802088680536,117.78528102761602,154376600,264.961,6.1,0.07,1.59,-0.04167349691214839,117.87099914550781,124.41624794006347,0.020055204368697902,0.9615098075498145,0.9109270178176355,0.0052432098156529605,-0.016129032258064613,1
2021-03-09,117.94112396240234,118.88590088596752,115.70093853482196,115.93469539878758,129525800,264.961,6.1,0.07,1.55,0.04064973715796705,117.08595733642578,123.64581680297852,0.022753049669886737,1.0073037505558364,0.9538626296620595,0.0052432098156529605,-0.016129032258064613,0
2021-03-10,116.85997772216795,118.99302271119,116.34375389003466,118.52550905510115,111943300,264.961,6.1,0.07,1.53,-0.00916683005818264,116.68076934814454,122.86515998840332,0.02276461471177631,1.0015358861192345,0.9511237989125464,0.0052432098156529605,-0.016129032258064613,1
2021-03-11,118.78849792480467,120.00599237807344,118.10670400337276,119.35341713456052,103026500,264.961,6.1,0.07,1.54,0.016502828771897793,117.03725128173828,122.21112174987793,0.023315592242705595,1.0149631559515244,0.9719941706117539,0.0052432098156529605,-0.016129032258064613,0
2021-03-12,117.88268280029295,118.01904158578924,116.06131583787986,117.2690682655597,88105100,264.961,6.1,0.07,1.64,-0.007625444721803931,116.9612808227539,121.52445526123047,0.02331143075769729,1.007877837614786,0.9700325958827866,0.0052432098156529605,-0.016129032258064613,1
2021-03-15,120.76570129394533,120.77544332973144,117.28853761790177,118.25279852383532,92403800,264.961,6.1,0.07,1.62,0.024456675273810458,118.44759674072266,120.97025070190429,0.024205174422980154,1.0195707183345974,0.9983090932954829,0.0052432098156529605,-0.016129032258064613,1
2021-03-16,122.30462646484376,123.91172068145192,121.476731695984,122.43124321692927,115227900,264.961,6.1,0.07,1.62,0.012743064913378621,119.32029724121094,120.59915924072266,0.024311755709424253,1.0250110776844603,1.0141416178591833,0.0052432098156529605,-0.016129032258064613,0
2021-03-17,121.51569366455078,122.58708734300563,119.158618654754,120.82415767726631,111932600,264.961,6.1,0.07,1.63,-0.006450555658413792,120.2514404296875,120.30306434631348,0.02407642429509927,1.0105134144784111,1.0100797874503558,0.0052432098156529605,-0.016129032258064613,0
2021-03-18,117.3957061767578,119.97679639206342,117.19116796164272,119.68459469561456,121229700,264.961,6.1,0.07,1.71,-0.033904982669698436,119.97288208007812,119.85600051879882,0.02507943486563912,0.9785186797329738,0.9794729147360867,0.0052432098156529605,-0.016129032258064613,0
2021-03-19,116.86973571777344,118.27229182875168,116.5677994448256,116.78207967633584,185549500,264.961,6.1,0.07,1.74,-0.004480321096177353,119.77029266357422,119.37484664916992,0.025056816069300707,0.975782333988711,0.9790147505800888,0.0052432098156529605,-0.016129032258064613,1
2021-03-22,120.1812973022461,120.64881838524362,117.13269423612276,117.20087361999786,111912300,264.961,6.1,0.07,1.69,0.0283354930524502,119.65341186523438,119.24773941040038,0.025235268249903197,1.0044117875853493,1.0078287261164154,0.0052432098156529605,-0.016129032258064613,0
2021-03-23,119.35343170166016,121.0092213877964,118.96383194286418,120.12288918175794,95467100,264.961,6.1,0.07,1.63,-0.006888472825384184,119.06317291259765,119.08605651855468,0.02527271826716371,1.0024378553163167,1.0022452266110922,0.0052432098156529605,-0.016129032258064613,0
2021-03-24,116.96711730957033,119.70404974763235,116.94764066899516,119.62612832333969,88530500,264.961,6.1,0.07,1.62,-0.019993680601113728,118.15345764160156,118.82989540100098,0.02562189846198218,0.9899593261533675,0.9843239945205324,0.0052432098156529605,-0.016129032258064613,1
2021-03-25,117.45410919189452,118.49629146995656,115.90545997424265,116.43141841542509,98844700,264.961,6.1,0.07,1.63,0.0041634939248378355,118.1651382446289,118.81041526794434,0.02443835565453021,0.9939827510609568,0.9885842830109546,0.0052432098156529605,-0.016129032258064613,1
2021-03-26,118.05801391601562,118.32099690748782,115.82756294666449,117.2203770478402,94071200,264.961,6.1,0.07,1.67,0.005141622785921118,118.40279388427734,118.80798034667968,0.024460264664439447,0.9970880757374805,0.9936875752918645,0.0052432098156529605,-0.016129032258064613,1
2021-03-29,118.23332977294922,119.39238695881984,117.59049651669116,118.48657071923124,80819200,264.961,6.1,0.07,1.73,0.0014849975119715086,118.01320037841796,118.49630203247071,0.020976622068555783,1.0018652946774207,0.997780755559364,0.0,0.0,0
2021-03-30,116.7820816040039,117.26907943602144,115.76912522168776,116.9866198017316,85671900,264.961,6.1,0.07,1.73,-0.012274442170682631,117.49893035888672,118.24208946228028,0.020661916457878595,0.9938991039944509,0.9876523844857958,0.0,0.0,1
2021-03-31,118.97355651855467,120.30792565051348,117.9995609800172,118.48655874928596,118323800,264.961,6.1,0.07,1.74,0.018765506526778886,117.9002182006836,118.2464714050293,0.020440480126312173,1.0091037856778526,1.0061488948032529,0.0,0.0,1
2021-04-01,119.80145263671876,120.95076768283118,119.30471282559483,120.44429326652572,75089100,266.614,6.1,0.07,1.69,0.006958656548482489,118.36968688964843,118.38623962402343,0.020131410301954637,1.0120957128864005,1.0119542019172991,0.006238653990587206,0.0,1
2021-04-05,122.62604522705078,122.87928615898178,119.86963594729222,120.6488353850815,88651200,266.614,6.1,0.07,1.73,0.023577281645300152,119.28329315185547,118.60441513061524,0.02064391173813894,1.028023640082939,1.0339079290767266,0.006238653990587206,0.0,1
2021-04-06,122.92798614501952,123.82406033078875,122.3825509764638,123.21044576616356,80171300,266.614,6.1,0.07,1.67,0.002462290269654055,120.22222442626953,119.08410835266113,0.0179051218792869,1.0225063355104478,1.0322786797124512,0.006238653990587206,0.0,1
2021-04-07,124.57401275634766,124.59348939464884,121.88578338008176,122.55784258189702,83466700,266.614,6.1,0.07,1.68,0.01339016982988972,121.78061065673828,119.4157527923584,0.01591298976686075,1.0229379872916151,1.043195808286353,0.006238653990587206,0.0,1
2021-04-08,126.9700698852539,126.999288564956,125.17792150755568,125.59673249128129,88844600,266.614,6.1,0.07,1.64,0.019234004555931383,123.37991333007812,119.9212574005127,0.016049892866271752,1.0290983877219222,1.0587786739193337,0.006238653990587206,0.0,1
2021-04-09,129.54141235351562,129.5803656375029,126.1032091394081,126.42462946477704,106686700,266.614,6.1,0.07,1.67,0.020251563778656667,125.3279052734375,120.45890312194824,0.016221125756034474,1.0336198635961018,1.0753992357241755,0.006238653990587206,0.0,0
2021-04-12,127.82720184326172,129.3953355248616,127.2330638679476,129.0739151583479,91420000,266.614,6.1,0.07,1.69,-0.013232915089545716,126.36813659667969,120.95612907409668,0.016487419389785898,1.0115461483082466,1.0568063216123251,0.006238653990587206,0.0,1
2021-04-13,130.93423461914062,131.15826433043802,128.49924537282473,128.99599269074992,91266500,266.614,6.1,0.07,1.64,0.024306506995973143,127.96938629150391,121.46455574035645,0.016477734027336342,1.0231684187410497,1.077962487254526,0.006238653990587206,0.0,0
2021-04-14,128.59669494628906,131.48946435097042,128.23632117020418,131.43102696695664,87222800,266.614,6.1,0.07,1.64,-0.017852776851302155,128.7739227294922,121.7791591644287,0.017051127083161297,0.9986237292500949,1.0559827792262482,0.006238653990587206,0.0,1
2021-04-15,131.0023956298828,131.48939338315375,130.1647588997771,130.34008581919048,89347100,266.614,6.1,0.07,1.56,0.018707329022713548,129.58038787841798,122.25349426269531,0.017271007052728833,1.0109739426987907,1.0715636098579568,0.006238653990587206,0.0,0
2021-04-16,130.67123413085938,131.16796646381349,129.81411337251544,130.80759290041487,84922400,266.614,6.1,0.07,1.59,-0.0025279041458070584,129.8063522338867,122.91727066040039,0.014920608104255781,1.0066628626572474,1.0630827826618594,0.006238653990587206,0.0,1
2021-04-19,131.3335723876953,131.9471944147541,129.8725788847892,130.03815636501255,94264200,266.614,6.1,0.07,1.61,0.005068738052727451,130.50762634277345,123.64046249389648,0.014736879372395399,1.0063287186202632,1.0622216201607835,0.006238653990587206,0.0,0
2021-04-20,129.6485595703125,132.0056272235911,128.38236227240412,131.50889480005517,94812300,266.614,6.1,0.07,1.58,-0.012830023479515784,130.2504913330078,124.1138256072998,0.014315072170904823,0.995378660329531,1.0445940163066505,0.006238653990587206,0.0,1
2021-04-21,130.0284423828125,130.27194133858555,127.88565454440896,128.91808773896722,68847100,266.614,6.1,0.07,1.57,0.002930096668709803,130.5368408203125,124.64757614135742,0.014092402472105045,0.9961053260190368,1.043168639198831,0.006238653990587206,0.0,0
2021-04-22,128.5089569091797,130.66147844484067,127.9927405302932,129.58034294411806,84566500,266.614,6.1,0.07,1.57,-0.01168579309101736,130.03815307617188,125.22466812133788,0.013443437573565701,0.9882404038290482,1.02622717102879,0.006238653990587206,0.0,1
2021-04-23,130.8270721435547,131.6062565911259,128.72323846633472,128.72323846633472,78657500,266.614,6.1,0.07,1.58,0.018038549920012636,130.06932067871094,125.8933162689209,0.013762973176283385,1.0058257509218143,1.0391899746615205,0.006238653990587206,0.0,1
2021-04-26,131.21669006347656,131.5478450047434,130.08685158645528,131.32383017529745,66905100,266.614,6.1,0.07,1.58,0.0029781138837561283,130.0459442138672,126.55125007629394,0.013774400160838614,1.00900255564821,1.0368660126578755,0.006238653990587206,0.0,0
2021-04-27,130.89524841308594,131.88872793710226,130.62253087504087,131.49912083847275,66015800,266.614,6.1,0.07,1.63,-0.0024497009506574408,130.29528198242187,127.18434600830078,0.013860899144862056,1.00460466734893,1.02917735178308,0.006238653990587206,0.0,0
2021-04-28,130.10633850097656,131.50889459107745,129.61934068424674,130.81735115204378,107760100,266.614,6.1,0.07,1.63,-0.006027032468128191,130.31086120605468,127.85055885314941,0.013512606237248719,0.9984305014702135,1.0176438778841645,0.006238653990587206,0.0,0
2021-04-29,130.0089111328125,133.5055661641117,129.0056969879915,132.92116293750138,151101000,266.614,6.1,0.07,1.65,-0.000748828760278486,130.61085205078126,128.4023265838623,0.013205612906530832,0.9953913407001225,1.0125121140067574,0.006238653990587206,0.0,0
2021-04-30,128.04144287109375,130.08682431063778,127.66158525646485,128.3531136734093,109839500,266.614,6.1,0.07,1.65,-0.015133333896696133,130.05372619628906,128.81432609558107,0.013897382184968278,0.9845272920349996,0.99400002120949,0.0,0.0,1
2021-05-03,129.09339904785156,130.58362632092104,128.40187034048927,128.6064011393442,75135100,268.383,5.8,0.06,1.63,0.008215747598352863,129.62906799316406,129.1376937866211,0.01312807015953859,0.9958676788037947,0.9996569960522702,0.006635060424433847,-0.0491803278688524,0
2021-05-04,124.52533721923828,128.070688075214,123.40524078183633,127.77848641989289,137564700,268.383,5.8,0.06,1.61,-0.03538571191327933,128.35508575439454,129.21756134033203,0.01564405668977407,0.9701628609988667,0.9636874115838218,0.006635060424433847,-0.0491803278688524,1
2021-05-05,124.76882934570312,127.05770985077288,124.64220517501704,125.84021547722772,84000900,268.383,5.8,0.06,1.59,0.0019553621126611187,127.28758392333984,129.2273021697998,0.015364718913160765,0.9802120953198887,0.9654989870620497,0.006635060424433847,-0.0491803278688524,1
2021-05-06,126.3661880493164,126.37592265450228,123.82405163749549,124.56429033642048,78128300,268.383,5.8,0.06,1.58,0.01280254621278365,126.55903930664063,129.19710807800294,0.015008346626073397,0.9984761953126322,0.9780883638124673,0.006635060424433847,-0.0491803278688524,1
2021-05-07,127.0394287109375,128.06384958870711,126.3271932921987,127.66384429072431,78973300,268.383,5.8,0.06,1.6,0.00532769621378737,126.35863647460937,129.07200889587403,0.014295696930536896,1.0053877776408653,0.9842523549271146,0.006635060424433847,-0.0491803278688524,0
2021-05-10,123.7611846923828,126.38567778466182,123.72215780429455,126.25885342470616,88071200,268.383,5.8,0.06,1.63,-0.025804933569198774,125.29219360351563,128.86870803833008,0.01512021707637357,0.9877804924065926,0.9603664580510256,0.006635060424433847,-0.0491803278688524,0
2021-05-11,122.8440933227539,123.19532046962064,119.78054551827158,120.4927732833166,126142800,268.383,5.8,0.06,1.64,-0.007410169609384343,124.95594482421875,128.46420097351074,0.01388313893562805,0.9830992314576495,0.956251565742306,0.006635060424433847,-0.0491803278688524,0
2021-05-12,119.78054809570312,121.60501628867117,119.27321336720668,120.39521236408822,112172300,268.383,5.8,0.06,1.69,-0.024938482137694562,123.95828857421876,128.02339363098145,0.014361815093764023,0.9662972074996481,0.9356145365194914,0.006635060424433847,-0.0491803278688524,1
2021-05-13,121.92697143554688,123.07823863645709,121.23426088704588,121.54646856304096,105861300,268.383,5.8,0.06,1.66,0.017919631976711203,123.07044525146485,127.56962242126465,0.01429880804946124,0.99070878622742,0.9557680670474634,0.006635060424433847,-0.0491803278688524,1
2021-05-14,124.34656524658205,124.7758535447308,122.78552704006464,123.17578845259833,81918000,268.383,5.8,0.06,1.63,0.01984461503920998,122.53187255859375,127.25338897705078,0.015222910187765958,1.0148099645430664,0.977157199868422,0.006635060424433847,-0.0491803278688524,0
2021-05-17,123.19532775878906,123.83926036065176,122.12211419930364,123.73193826034132,74244600,268.383,5.8,0.06,1.64,-0.009258297448828223,122.418701171875,126.84647674560547,0.015191669522363775,1.006344019169291,0.9712159999986527,0.006635060424433847,-0.0491803278688524,0
2021-05-18,121.80990600585938,123.89779649597985,121.7416108008038,123.47826668103308,63342900,268.383,5.8,0.06,1.64,-0.01124573291969544,122.2118637084961,126.45454406738281,0.015142220287643135,0.9967109764106414,0.9632702953003532,0.006635060424433847,-0.0491803278688524,0
2021-05-19,121.65380096435548,121.87819629608094,119.86835967667768,120.16105765432344,92612000,268.383,5.8,0.06,1.68,-0.0012815463587697584,122.58651428222656,126.03581199645996,0.015084530495339716,0.9923913872310316,0.9652320164983937,0.006635060424433847,-0.0491803278688524,1
2021-05-20,124.20999908447266,124.61001915730156,122.05381347828964,122.1806527421714,76857100,268.383,5.8,0.06,1.63,0.021012069494368957,123.04311981201172,125.82086410522462,0.015869559853780666,1.009483498746161,0.9871971550012184,0.006635060424433847,-0.0491803278688524,0
2021-05-21,122.3757781982422,124.8831983677244,122.16113401006866,124.70758107227503,79295400,268.383,5.8,0.06,1.63,-0.014767095239917372,122.64896240234376,125.39829940795899,0.015424266223242208,0.9977726333859606,0.9758966331761517,0.006635060424433847,-0.0491803278688524,1
2021-05-24,124.00511932373048,124.82466923282676,122.87336914136404,122.94166434682047,63092900,268.383,5.8,0.06,1.61,0.013314245265503732,122.81092071533203,125.03772087097168,0.015811171216690817,1.0097238796146357,0.9917416797103431,0.006635060424433847,-0.0491803278688524,0
2021-05-25,123.80998992919922,125.19541862484829,123.24411112700588,124.70758616767344,72009500,268.383,5.8,0.06,1.56,-0.001573559185261142,123.2109375,124.68345794677734,0.015813123418418996,1.0048620069074568,0.9929945156160894,0.006635060424433847,-0.0491803278688524,0
2021-05-26,123.7611846923828,124.28803651614749,123.34165494995638,123.86850677372104,56575900,268.383,5.8,0.06,1.58,-0.0003941946594481216,123.63241424560547,124.36620025634765,0.015800138927954746,1.0010415589436077,0.9951352090622873,0.006635060424433847,-0.0491803278688524,0
2021-05-27,122.22943878173828,124.53197352741633,122.03431174645816,123.36119642849698,94625600,268.383,5.8,0.06,1.61,-0.012376626116272105,123.23630218505859,123.97722663879395,0.01595027324470272,0.9918298148721767,0.9859023475162271,0.006635060424433847,-0.0491803278688524,0
2021-05-28,121.57574462890624,122.73677048730885,121.51720801205188,122.51236771666936,71311100,268.383,5.8,0.06,1.58,-0.005348090929218174,123.0762954711914,123.65394172668456,0.01570537409317762,0.9878079622356167,0.9831934423702253,0.006635060424433847,-0.0491803278688524,0
2021-06-01,121.25377655029295,122.29772171588232,120.92205913488073,122.0342995003266,67637100,270.654,5.9,0.08,1.62,-0.002648292055261847,122.52602691650391,123.26196060180663,0.015502920048821006,0.9896164888536054,0.983707998463524,0.00846178781815543,0.017241379310344973,1
2021-06-02,122.01477813720705,122.19039542274524,121.02937706510446,121.25377238108098,59278900,270.654,5.9,0.08,1.59,0.006276106267077308,122.16698455810547,123.13643264770508,0.013607206734688614,0.9987541116656928,0.9908909614613646,0.00846178781815543,0.017241379310344973,0
2021-06-03,120.5317840576172,121.80988298653328,120.13176404387288,121.64402429754462,76229200,270.654,5.9,0.08,1.63,-0.012154216909055049,121.52110443115234,122.92458038330078,0.013813945200091653,0.9918588595934327,0.98053443568225,0.00846178781815543,0.017241379310344973,1
2021-06-04,122.82456970214844,123.08799935298282,120.83424294183042,121.04888711847524,75169300,270.654,5.9,0.08,1.56,0.01902224929679308,121.64013061523437,122.74749946594238,0.01422011958908904,1.0097372395189268,1.0006278762218488,0.00846178781815543,0.017241379310344973,1
2021-06-07,122.8343276977539,123.24409888195902,121.7903825702114,123.09774990370911,71057600,270.654,5.9,0.08,1.57,7.944660933167924e-05,121.8918472290039,122.5372444152832,0.014139100672153427,1.0077321042397474,1.0024244325379466,0.00846178781815543,0.017241379310344973,1
2021-06-08,123.65389251708984,125.33201933627308,123.1367991511912,123.51730209755507,74403800,270.654,5.9,0.08,1.53,0.006672115480230945,122.37187042236329,122.53187980651856,0.013032980006517073,1.0104764443846588,1.009156904410044,0.00846178781815543,0.017241379310344973,1
2021-06-09,124.03437042236328,124.63927604647924,123.43922338156383,124.11242420165917,56877900,270.654,5.9,0.08,1.5,0.003076958577918232,122.77578887939453,122.59139366149903,0.012928121998920607,1.010251056453851,1.0117706204144201,0.00846178781815543,0.017241379310344973,0
2021-06-10,123.0392074584961,125.0685610035486,122.87334876469548,123.92704498219538,71186400,270.654,5.9,0.08,1.45,-0.008023283872675369,123.27727355957032,122.75432662963867,0.011663554239908598,0.9980688565361628,1.0023207396161027,0.00846178781815543,0.017241379310344973,1
2021-06-11,124.2490234375,124.33683580636276,123.02946096276284,123.44899075181716,53522400,270.654,5.9,0.08,1.47,0.009832767976923229,123.56216430664062,122.87042922973633,0.011191616678533784,1.0055588143402443,1.0112199022694552,0.00846178781815543,0.017241379310344973,1
2021-06-14,127.30280303955078,127.36133965538929,123.97584053546844,124.70757800792384,96906500,270.654,5.9,0.08,1.51,0.024577896208471284,124.455859375,123.01824111938477,0.011651615296477747,1.0228751276062673,1.0348286715951986,0.00846178781815543,0.017241379310344973,0
2021-06-15,126.48326110839844,127.4198916269695,126.23934861668312,126.7759590759042,62746300,270.654,5.9,0.08,1.51,-0.006437736731513488,125.02173309326172,123.18263778686523,0.01153434289024362,1.0116901916088978,1.0267945497907267,0.00846178781815543,0.017241379310344973,1
2021-06-16,126.98081970214844,127.70280593735949,125.331983991057,127.19546385620482,91815000,270.654,5.9,0.08,1.57,0.003933790047708996,125.61102294921875,123.4411834716797,0.011152888712316733,1.010905068048713,1.0286746783441267,0.00846178781815543,0.017241379310344973,1
2021-06-17,128.5808868408203,129.32239025268845,126.49299676283545,126.63935317228923,96721700,270.654,5.9,0.08,1.52,0.012600856904413371,126.7193588256836,123.78753776550293,0.011358854211384491,1.014690162832164,1.0387223880678333,0.00846178781815543,0.017241379310344973,0
2021-06-18,127.2833023071289,128.30772287123602,127.06865812161917,127.52721480091388,108953300,270.654,5.9,0.08,1.45,-0.01009158177060776,127.32621459960937,123.94120292663574,0.010857183216898107,0.9996629736255381,1.0269652004464684,0.00846178781815543,0.017241379310344973,1
2021-06-21,129.0784912109375,129.18581330080102,126.063736441913,127.1271913132279,79663300,270.654,5.9,0.08,1.5,0.014103883787339955,127.68135223388671,124.27633857727051,0.010525752191040474,1.010942388630812,1.0386409246413482,0.00846178781815543,0.017241379310344973,1
2021-06-22,130.7175750732422,130.8151460223462,128.4150406144124,128.91263161271146,74783600,270.654,5.9,0.08,1.48,0.012698350026621563,128.52821502685546,124.6119613647461,0.010493985311636736,1.0170340811620955,1.048997011535872,0.00846178781815543,0.017241379310344973,0
2021-06-23,130.4444122314453,131.0493254021088,129.98585550457855,130.51271488266488,60214200,270.654,5.9,0.08,1.5,-0.002089717787710055,129.22093353271484,124.9436824798584,0.010505654257615555,1.0094681153067258,1.0440256733466589,0.00846178781815543,0.017241379310344973,0
2021-06-24,130.1614532470703,131.36149842351492,129.69313058879897,131.1761225655203,68711000,270.654,5.9,0.08,1.49,-0.002169192068365078,129.53704681396485,125.26369590759278,0.010540303007203183,1.0048202923292069,1.0390995755313703,0.00846178781815543,0.017241379310344973,0
2021-06-25,129.86875915527344,130.6297648884673,129.57606120699057,130.2102425761428,70783700,270.654,5.9,0.08,1.54,-0.00224870024492807,130.05413818359375,125.64566192626953,0.01001423681087011,0.9985746010783708,1.0336111662293768,0.00846178781815543,0.017241379310344973,1
2021-06-28,131.49807739257812,131.95663398446408,130.10290533994575,130.1614419453381,62111300,270.654,5.9,0.08,1.49,0.012545882842821765,130.53805541992188,126.14177856445312,0.010020664239330734,1.0073543455934593,1.042462528189169,0.00846178781815543,0.017241379310344973,1
2021-06-29,133.01036071777344,133.16646828417475,131.07857796707717,131.51761747124857,64556100,270.654,5.9,0.08,1.49,0.011500421566472685,130.99661254882812,126.72960777282715,0.010027681999675611,1.0153725209359494,1.0495602650029898,0.0,0.0,1
2021-06-30,133.6250457763672,134.0640853489463,132.56157584088896,132.8542738516881,63261400,270.654,5.9,0.08,1.45,0.004621332167484393,131.6327392578125,127.31012115478515,0.010020689864631782,1.015135341935357,1.0496026911631344,0.0,0.0,1
2021-07-01,133.92747497558594,133.98601159157678,132.4542339993765,133.27379128495963,52485800,271.903,5.4,0.1,1.48,0.002263267319847273,132.3859436035156,127.97990570068359,0.009239957116528301,1.011644222415992,1.046472680553558,0.004614747980816958,-0.0847457627118644,1
2021-07-02,136.55197143554688,136.5909908825578,134.39577852908815,134.54212006442484,78852600,271.903,5.4,0.1,1.44,0.019596400667147407,133.72258605957032,128.66627578735353,0.009285537363668932,1.021158619941108,1.061287976199964,0.004614747980816958,-0.0847457627118644,1
2021-07-06,138.5618438720703,139.66431846121773,136.65932898286508,136.65932898286508,108181800,271.903,5.4,0.1,1.37,0.014718736136827726,135.13533935546874,129.45265159606933,0.009423986033848206,1.0253560951039482,1.0703669810057221,0.004614747980816958,-0.0847457627118644,1
2021-07-07,141.0497283935547,141.3619286538461,139.1862333107396,140.04479519196917,104911600,271.903,5.4,0.1,1.33,0.017955047738693164,136.743212890625,130.32244338989258,0.009791582442770662,1.0314934497434567,1.0823134122153366,0.004614747980816958,-0.0847457627118644,0
2021-07-08,139.75210571289062,140.55213093920304,137.24467816832615,138.13252320539087,105575500,271.903,5.4,0.1,1.3,-0.009199753132763666,137.9686248779297,131.10833015441895,0.010393561550011556,1.0129267131316189,1.065928500105913,0.004614747980816958,-0.0847457627118644,1
2021-07-09,141.5765838623047,142.10342835570765,139.17647811244083,139.27404907544525,99890800,271.903,5.4,0.1,1.37,0.013055103106369703,139.49844665527343,132.0351989746094,0.00995239135761722,1.0148972067923216,1.0722639490211252,0.004614747980816958,-0.0847457627118644,0
2021-07-12,140.98143005371094,142.75712026323748,140.49360503622404,142.64979816390084,76299700,271.903,5.4,0.1,1.38,-0.004203758788053458,140.38433837890625,132.87181930541993,0.010239450397725315,1.004253264158236,1.0610333386769562,0.004614747980816958,-0.0847457627118644,1
2021-07-13,142.0936737060547,143.8693639556699,140.1326224508896,140.52287651879445,100827100,271.903,5.4,0.1,1.42,0.007889291887023697,141.09070434570313,133.61136283874512,0.009317463618576365,1.0071086849059459,1.063484951332671,0.004614747980816958,-0.0847457627118644,1
2021-07-14,145.51817321777344,145.92795926693185,144.083966707426,144.49375275658443,127050800,271.903,5.4,0.1,1.37,0.024100295406556338,141.98439331054686,134.56310844421387,0.009741767018242415,1.0248885093976317,1.0814120965264504,0.004614747980816958,-0.0847457627118644,0
2021-07-15,144.86448669433594,146.34747864637848,143.50833398770226,145.6059901139749,106820300,271.903,5.4,0.1,1.31,-0.004492129807451839,143.00686950683593,135.45729179382323,0.010061880445762485,1.0129897059764057,1.0694476818186445,0.004614747980816958,-0.0847457627118644,0
2021-07-16,142.82540893554688,146.11334481046933,142.32783277394142,144.84501166670194,93251400,271.903,5.4,0.1,1.31,-0.014075760079773847,143.2566345214844,136.16951789855958,0.010960600680133851,0.9969898386390416,1.0488794492314033,0.004614747980816958,-0.0847457627118644,0
2021-07-19,138.98133850097656,140.56190161268026,138.2203326975493,140.24968646910114,121434600,271.903,5.4,0.1,1.19,-0.026914471754147296,142.8566162109375,136.75441970825196,0.012711546045420382,0.9728729560257902,1.016284071823605,0.004614747980816958,-0.0847457627118644,1
2021-07-20,142.59121704101562,143.51809629152285,139.4789065811411,139.96673149730913,96350000,271.903,5.4,0.1,1.23,0.025973836336406375,142.95612487792968,137.43005599975587,0.013440592486564042,0.9974474137626097,1.0375548201862694,0.004614747980816958,-0.0847457627118644,0
2021-07-21,141.85946655273438,142.57170158330717,141.10822697009226,141.98630578312776,74993500,271.903,5.4,0.1,1.3,-0.005131806176188025,142.22438354492186,137.98715057373047,0.01349961472267652,0.9974342163903827,1.02806287370167,0.004614747980816958,-0.0847457627118644,1
2021-07-22,143.22544860839844,144.5913528979392,142.2595495761402,142.38638886275476,77338200,271.903,5.4,0.1,1.27,0.009629121614920688,141.89657592773438,138.62620239257814,0.013467228884252575,1.0093650792626654,1.0331773224429506,0.004614747980816958,-0.0847457627118644,1
2021-07-23,144.94252014160156,145.09862766986717,143.3424551949622,143.95711928298726,71447400,271.903,5.4,0.1,1.3,0.011988592459555747,142.31999816894532,139.3652557373047,0.013455332990150788,1.0184269393366847,1.040019044738164,0.004614747980816958,-0.0847457627118644,1
2021-07-26,145.362060546875,146.18160275793434,144.10346404174553,144.6595915410431,72434100,271.903,5.4,0.1,1.29,0.002894529533939094,143.596142578125,140.13992080688476,0.013348601114423094,1.0122978092380805,1.0372637554661277,0.004614747980816958,-0.0847457627118644,0
2021-07-27,143.1961669921875,145.57675557902394,142.00587269876928,145.48893575716545,104818600,271.903,5.4,0.1,1.25,-0.014899992106186866,143.71713256835938,140.72482528686524,0.01400621623215728,0.996375062827502,1.0175615190872291,0.004614747980816958,-0.0847457627118644,0
2021-07-28,141.44972229003906,143.3912710047507,139.06913408549428,141.28386358886817,118931200,271.903,5.4,0.1,1.26,-0.012196169344698471,143.63518371582032,141.14679336547852,0.014368302704039828,0.9847846372368962,1.0021461977090487,0.004614747980816958,-0.0847457627118644,1
2021-07-29,142.0936737060547,142.9815188308623,141.05948702759235,141.16680912935195,56699500,271.903,5.4,0.1,1.28,0.004552510995357251,143.40882873535156,141.5702247619629,0.014367947232473907,0.9908293300984706,1.0036974508232357,0.004614747980816958,-0.0847457627118644,1
2021-07-30,142.30833435058594,142.76689112133272,140.6009465535791,140.86437626783024,70440600,271.903,5.4,0.1,1.24,0.0015106981115522444,142.88199157714843,141.9892677307129,0.014371446086538054,0.9959850977703321,1.0022471178630075,0.0,0.0,0
2021-08-02,141.9766082763672,143.3717807887823,141.7131785780533,142.7961507964113,62880000,272.676,5.1,0.09,1.2,-0.0023310375722725984,142.20490112304688,142.2604995727539,0.013877661645508507,0.9983946204042422,0.9980044264062103,0.002842925602144719,-0.05555555555555569,1
2021-08-03,143.7718505859375,144.4352857445764,141.64492486832737,142.25958941437085,64786600,272.676,5.1,0.09,1.19,0.012644634432143587,142.32003784179688,142.52099990844727,0.013785381149316801,1.010201042426327,1.0087766061022148,0.002842925602144719,-0.05555555555555569,0
2021-08-04,143.37173461914062,144.19127687526958,142.7180510419496,143.68394969989515,56368300,272.676,5.1,0.09,1.19,-0.0027829923950078994,142.70444030761718,142.63710021972656,0.01328812946433914,1.00467605850305,1.0051503739089087,0.002842925602144719,-0.05555555555555569,1
2021-08-05,143.4790802001953,144.24008597517638,142.61075233452527,143.40102641721816,46397700,272.676,5.1,0.09,1.23,0.0007487220639399439,142.9815216064453,142.8234489440918,0.013074627668882665,1.0034798803940521,1.0045905014964325,0.002842925602144719,-0.05555555555555569,0
2021-08-06,142.7950897216797,143.74288917370467,142.296768169296,143.0002897194494,54126800,272.676,5.1,0.09,1.31,-0.004767179142501132,143.07887268066406,142.88437423706054,0.012843614397166721,0.9980165977431361,0.9993751275053161,0.002842925602144719,-0.05555555555555569,0
2021-08-09,142.7462615966797,143.34230040071924,142.18931561461758,142.853744492803,48908700,272.676,5.1,0.09,1.33,-0.00034194540649246097,143.23280334472656,142.97261581420898,0.012798016186890726,0.9966031402256654,0.9984168001946371,0.002842925602144719,-0.05555555555555569,0
2021-08-10,142.2675018310547,144.3292085832048,141.9743652724962,143.08827226738262,69023100,272.676,5.1,0.09,1.36,-0.0033539215687322654,142.93193359375,142.98130722045897,0.012712243603840238,0.9953514113607125,0.9950077013332681,0.002842925602144719,-0.05555555555555569,1
2021-08-11,142.52151489257812,143.36183156118472,142.19906623850963,142.70716850336376,48493500,272.676,5.1,0.09,1.35,0.0017854608976342057,142.7618896484375,142.83147430419922,0.011411067073798018,0.9983162540335428,0.997829894194322,0.002842925602144719,-0.05555555555555569,1
2021-08-12,145.48219299316406,145.63853447846216,142.50199865892714,142.8439937943236,72282600,272.676,5.1,0.09,1.36,0.020773551998920725,143.16251220703126,142.86235961914062,0.012360586735213508,1.0162031299281633,1.0183381639573061,0.002842925602144719,-0.05555555555555569,1
2021-08-13,145.6873779296875,146.01959236929383,144.87637333214747,145.56034862237908,59375000,272.676,5.1,0.09,1.29,0.001410378358353892,143.7409698486328,143.00545806884764,0.011889695055815951,1.0135410807587035,1.0187539685341849,0.002842925602144719,-0.05555555555555569,1
2021-08-16,147.66110229492188,147.72950726446174,143.11753925492116,145.1401525423691,103296000,272.676,5.1,0.09,1.26,0.013547668942102575,144.72393798828125,143.43944625854493,0.010201841800579297,1.0202949446198628,1.0294316253059674,0.002842925602144719,-0.05555555555555569,0
2021-08-17,146.75242614746094,148.20831321235303,145.67759718518755,146.7915040599331,92229700,272.676,5.1,0.09,1.26,-0.006153794962508452,145.6209228515625,143.6475067138672,0.008847168905147123,1.0077701972610889,1.0216148508569556,0.002842925602144719,-0.05555555555555569,0
2021-08-18,143.01010131835938,147.2703098892412,142.80490125480077,146.37136871129022,86326000,272.676,5.1,0.09,1.27,-0.025500940102626823,145.71864013671876,143.70503845214844,0.010638898315730788,0.981412543955817,0.9951641421812745,0.002842925602144719,-0.05555555555555569,1
2021-08-19,143.34228515625,144.61253336364982,141.1926423719419,141.71051038649435,86960300,272.676,5.1,0.09,1.24,0.002322799822028987,145.29065856933593,143.71088027954102,0.010430810492831826,0.9865898232393507,0.9974351620240998,0.002842925602144719,-0.05555555555555569,1
2021-08-20,144.7981719970703,145.10107421090677,143.42044104748524,144.0653382889344,60549600,272.676,5.1,0.09,1.26,0.010156715718835585,145.1128173828125,143.70366287231445,0.010328392816693474,0.9978317188555982,1.0076164316404959,0.002842925602144719,-0.05555555555555569,1
2021-08-23,146.2834014892578,146.75241093803115,144.50505101044897,144.91543614181833,60131800,272.676,5.1,0.09,1.25,0.01025723924344546,144.8372772216797,143.7497299194336,0.01056545000669767,1.0099844756496268,1.0176255744706042,0.002842925602144719,-0.05555555555555569,0
2021-08-24,146.19541931152344,147.40704295099573,145.7361757091974,146.0293121440176,48606400,272.676,5.1,0.09,1.29,-0.0006014501771127723,144.7258758544922,143.8996925354004,0.009943312321444778,1.0101539786741986,1.0159536600507904,0.002842925602144719,-0.05555555555555569,0
2021-08-25,144.9643096923828,146.8794554129226,144.41712946066949,146.3811188443998,58991300,272.676,5.1,0.09,1.35,-0.008420986272608788,145.11671752929686,144.07542190551757,0.009711058931260933,0.9989497568611743,1.0061696004433578,0.002842925602144719,-0.05555555555555569,0
2021-08-26,144.16305541992188,145.70689371393732,144.13374326132688,144.95452843061085,48597200,272.676,5.1,0.09,1.34,-0.005527252012314077,145.28087158203124,144.17889099121095,0.009793104184631184,0.9923058269823347,0.9998901672000651,0.002842925602144719,-0.05555555555555569,1
2021-08-27,145.1988067626953,145.34536755607812,143.4693148530707,144.10443150378484,55802400,272.676,5.1,0.09,1.31,0.0071845823450154,145.36099853515626,144.32341461181642,0.00989735449529499,0.9988842139631993,1.0060654894649868,0.002842925602144719,-0.05555555555555569,1
2021-08-30,149.6153564453125,149.97689795560206,145.20858752404757,145.58966053577964,90956700,272.676,5.1,0.09,1.29,0.03041725879907098,146.0273895263672,144.70535202026366,0.011828627737007399,1.0245705064685653,1.0339310492424723,0.0,0.0,0
2021-08-31,148.35487365722656,149.3026732146875,147.8272249811444,149.16587817080352,86453100,272.676,5.1,0.09,1.3,-0.008424822277829924,146.45928039550782,144.93450317382812,0.011833622086675691,1.0129428005968606,1.023599421866415,0.0,0.0,1
2021-09-01,149.0193328857422,151.4328005101191,148.85322564922996,149.33201585532615,80313700,273.91,4.7,0.08,1.31,0.0044788500177679325,147.2702850341797,145.2168830871582,0.01180224912321832,1.011876447792279,1.0261846261794627,0.004525517463950024,-0.07843137254901955,1
2021-09-02,150.1331787109375,151.17869519131676,148.911789313974,150.34814443756616,71115500,273.91,4.7,0.08,1.29,0.007474505512981455,148.4643096923828,145.54958801269532,0.011860410494828034,1.0112408768276535,1.0314916088793216,0.004525517463950024,-0.07843137254901955,1
2021-09-03,150.76832580566406,151.09077442910467,149.58601418638187,150.24067718201945,57808700,273.91,4.7,0.08,1.33,0.004230557829921544,149.57821350097657,145.94824981689453,0.01174690684576269,1.007956454866201,1.0330259252496468,0.004525517463950024,-0.07843137254901955,1
2021-09-07,153.10360717773438,153.66055299380585,150.85624768920798,151.42297416263037,82278300,273.91,4.7,0.08,1.38,0.01548920411227761,150.27586364746094,146.46611709594725,0.012054419262981949,1.0188170173282596,1.045317580703249,0.004525517463950024,-0.07843137254901955,0
2021-09-08,151.559814453125,153.4456331023822,150.45567332943037,153.38700877891932,74420200,273.91,4.7,0.08,1.35,-0.010083320393733275,150.91685180664064,146.93073272705078,0.012348402119685523,1.0042603767490998,1.0315051973141218,0.004525517463950024,-0.07843137254901955,0
2021-09-09,150.54356384277344,152.53686458211524,150.42630033372717,151.93106027193494,57305700,273.91,4.7,0.08,1.3,-0.0067052774775325785,151.22169799804686,147.33183517456055,0.01254545347034586,0.9955156292764139,1.0217992850249071,0.004525517463950024,-0.07843137254901955,0
2021-09-10,145.56031799316406,151.92130921813492,145.296493683324,151.45229981917254,140893200,273.91,4.7,0.08,1.35,-0.03310168646474876,150.3071258544922,147.33574142456055,0.014166098483175482,0.9684192759701667,0.9879498116734591,0.004525517463950024,-0.07843137254901955,1
2021-09-13,146.1270751953125,147.9542695218118,145.34538275990522,147.18235774668085,102404300,273.91,4.7,0.08,1.33,0.003893624374845528,149.37887573242188,147.35772628784179,0.014188844662097104,0.9782311888400189,0.9916485472222516,0.004525517463950024,-0.07843137254901955,0
2021-09-14,144.7297821044922,147.61227358439965,143.5474852815467,146.9087519585389,109296300,273.91,4.7,0.08,1.28,-0.009562177912291081,147.70411071777343,147.2111602783203,0.013988222102997917,0.9798629259617259,0.9831440892855081,0.004525517463950024,-0.07843137254901955,1
2021-09-15,145.6189727783203,146.01959220126037,143.01985176888803,145.15972903193406,83281300,273.91,4.7,0.08,1.31,0.006143798884366003,146.5159423828125,147.15448760986328,0.014015789757403191,0.9938780067895367,0.9895652870905716,0.004525517463950024,-0.07843137254901955,0
2021-09-16,145.38441467285156,145.56030249720038,143.85035735869758,145.04243459087402,68034100,273.91,4.7,0.08,1.34,-0.0016107661041244725,145.48411254882814,147.2732032775879,0.012711803441089523,0.9993147164028435,0.9871749336423663,0.004525517463950024,-0.07843137254901955,0
2021-09-17,142.71694946289062,145.41378761722353,142.4238129361749,145.41378761722353,129868800,273.91,4.7,0.08,1.37,-0.01834766963132428,144.91543884277343,147.24193649291993,0.013411145322991633,0.9848291569384263,0.9692683542623274,0.004525517463950024,-0.07843137254901955,0
2021-09-20,139.66835021972656,141.52485650500037,138.0365754530921,140.50866688674913,123478900,273.91,4.7,0.08,1.31,-0.021361157554427468,143.62369384765626,146.98544540405274,0.013978193714030135,0.9724603683280477,0.950218913415461,0.004525517463950024,-0.07843137254901955,1
2021-09-21,140.14710998535156,141.29034368063373,139.51199340756355,140.63566578658538,75834000,273.91,4.7,0.08,1.33,0.0034278328975163586,142.70715942382813,146.67863082885742,0.013752079857896542,0.9820608198718788,0.955470535778816,0.004525517463950024,-0.07843137254901955,1
2021-09-22,142.5117645263672,143.07847626004042,140.41096517330857,141.1437990363316,76404300,273.91,4.7,0.08,1.32,0.016872660030326614,142.0857177734375,146.49444808959962,0.014389299654305892,1.0029985192009871,0.9728134163774144,0.004525517463950024,-0.07843137254901955,1
2021-09-23,143.4693145751953,143.71359250338787,142.30654925147212,143.29342671393508,64838200,273.91,4.7,0.08,1.41,0.0067190947499002895,141.70269775390625,146.41969833374023,0.014386373435816485,1.0124670655484422,0.9798498167110002,0.004525517463950024,-0.07843137254901955,1
2021-09-24,143.55723571777344,144.09465008430436,142.22836333396052,142.326080458617,53477900,273.91,4.7,0.08,1.47,0.0006128219322609763,141.87075500488282,146.3894073486328,0.014337069969754814,1.0118874444055266,0.9806531655387167,0.004525517463950024,-0.07843137254901955,0
2021-09-27,142.042724609375,142.61923184992318,140.52821338546616,142.14044174425882,74150700,273.91,4.7,0.08,1.48,-0.010549876506231182,142.3456298828125,146.2316032409668,0.014410234113821757,0.997872043745306,0.9713544915137861,0.004525517463950024,-0.07843137254901955,0
2021-09-28,138.66192626953125,141.43691994614318,138.446960500684,139.97125238193445,108972300,273.91,4.7,0.08,1.54,-0.023801277743306648,142.04859313964843,145.68393173217774,0.01324145539422382,0.9761583920314667,0.9517997257545493,0.004525517463950024,-0.07843137254901955,1
2021-09-29,139.5608673095703,141.14378350850296,138.77917495976774,139.2091064976362,74602000,273.91,4.7,0.08,1.55,0.006482969508815994,141.45841369628906,145.2442314147949,0.013380955082372642,0.9865858358146673,0.9608702937812807,0.004525517463950024,-0.07843137254901955,0
2021-09-30,138.2613067626953,141.075393254431,138.04634099404652,140.37187163149707,89056700,273.91,4.7,0.08,1.52,-0.009311783252194505,140.41681213378905,144.7063301086426,0.01333241920051281,0.9846492358120196,0.955461358593584,0.0,0.0,1
2021-10-01,139.38494873046875,139.64877300866175,135.9259806000398,138.65211510957346,94639600,276.55,4.5,0.08,1.48,0.0081269445087917,139.5823547363281,144.16891860961914,0.013361848447413647,0.9985857381025541,0.9668169122354006,0.00963820232923207,-0.042553191489361764,0
2021-10-04,135.95530700683594,138.95504676613083,135.10522468851968,138.5153346198599,98322000,276.55,4.5,0.08,1.49,-0.0246055385095042,138.3648712158203,143.42826766967772,0.014010004146994178,0.982585433804033,0.9478975742769732,0.00963820232923207,-0.042553191489361764,1
2021-10-05,137.88021850585938,138.9843593851802,136.1702732054442,136.29730248452776,80861100,276.55,4.5,0.08,1.54,0.014158413830264394,138.20852966308593,142.66709823608397,0.013910056324891694,0.9976245231895102,0.9664472061925355,0.00963820232923207,-0.042553191489361764,1
2021-10-06,138.74986267089844,138.89642346342436,135.20294239635672,136.2777712400183,83221100,276.55,4.5,0.08,1.53,0.006307243885040004,138.04632873535155,142.02660064697267,0.014084613092033937,1.0050963610694468,0.9769287023617567,0.00963820232923207,-0.042553191489361764,1
2021-10-07,140.01031494140625,140.91903648455812,139.453369081024,139.78558344753552,61732700,276.55,4.5,0.08,1.58,0.009084349679663983,138.39613037109376,141.49993820190429,0.014382691476508227,1.0116635094202724,0.9894726225366084,0.00963820232923207,-0.042553191489361764,0
2021-10-08,139.6292724609375,140.87997439192273,139.2970580219821,140.73341358342566,58773200,276.55,4.5,0.08,1.61,-0.0027215314859352358,138.4449951171875,141.20338592529296,0.012586240474699514,1.0085541361950108,0.9888521549675283,0.00963820232923207,-0.042553191489361764,0
2021-10-11,139.5413055419922,141.49552874663496,138.5641939396708,139.01367183693614,64452200,276.55,4.5,0.08,1.61,-0.0006300034183013281,139.16219482421874,140.87409744262695,0.012515160171213712,1.002724236408116,0.9905391273141781,0.00963820232923207,-0.042553191489361764,0
2021-10-12,138.27108764648438,139.97126757292082,137.8118439004276,139.9517211619384,73035900,276.55,4.5,0.08,1.59,-0.009102809312082627,139.24036865234376,140.55116271972656,0.012501406224499568,0.9930387931657988,0.9837776150042323,0.00963820232923207,-0.042553191489361764,0
2021-10-13,137.68479919433594,138.16357433643927,136.01393179740973,138.00724781162134,78762700,276.55,4.5,0.08,1.56,-0.004240137704328961,139.02735595703126,140.15445404052736,0.012351133561993792,0.9903432187611317,0.9823790484355404,0.00963820232923207,-0.042553191489361764,1
2021-10-14,140.4695587158203,140.58682224669744,138.27105760850728,138.85733053427336,69907100,276.55,4.5,0.08,1.52,0.020225613413967336,139.11920471191405,139.9087112426758,0.013377290093944765,1.0097064528704183,1.0040086672814226,0.00963820232923207,-0.042553191489361764,1
2021-10-15,141.52487182617188,141.58349614959462,140.22531132197605,140.4793699361988,67940300,276.55,4.5,0.08,1.59,0.007512753083296353,139.49832458496093,139.84910736083984,0.012918563819602687,1.0145273948432025,1.0119826611478342,0.00963820232923207,-0.042553191489361764,1
2021-10-18,143.19573974609375,143.4790956127908,139.88333128324254,140.1666871499396,85589200,276.55,4.5,0.08,1.59,0.011806178648047894,140.22921142578124,140.0254768371582,0.012186082835271186,1.0211548527596377,1.0226406149833889,0.00963820232923207,-0.042553191489361764,1
2021-10-19,145.3551483154297,145.75576773810008,143.19573955238386,143.64520263819782,76378900,276.55,4.5,0.08,1.65,0.015080117419448813,141.64602355957032,140.2858787536621,0.012564886660119607,1.0261858728021367,1.0361352803775001,0.00963820232923207,-0.042553191489361764,1
2021-10-20,145.84368896484375,146.32247907181252,144.7297822080243,145.29650879090318,58418800,276.55,4.5,0.08,1.65,0.003361013731373985,143.27780151367188,140.45247497558594,0.012071088440317216,1.0179084786621815,1.0383846136580714,0.00963820232923207,-0.042553191489361764,1
2021-10-21,146.05868530273438,146.2150267878781,144.48553451864436,145.40402210693284,61421000,276.55,4.5,0.08,1.68,0.0014741559228006462,144.3956268310547,140.5819435119629,0.012002239952580155,1.0115173742320152,1.038957647432904,0.00963820232923207,-0.042553191489361764,0
2021-10-22,145.28672790527344,146.7426146643611,145.23786934278849,146.26383951681254,58883400,276.55,4.5,0.08,1.66,-0.005285255004595646,145.147998046875,140.66841812133788,0.012083494367820557,1.0009557821000994,1.032831177357464,0.00963820232923207,-0.042553191489361764,0
2021-10-25,145.23788452148438,145.95117189778182,144.24122639888336,145.27696242983234,50720600,276.55,4.5,0.08,1.64,-0.000336186136843164,145.55642700195312,140.82817611694335,0.01179684561370358,0.9978115533128299,1.0313126856154071,0.00963820232923207,-0.042553191489361764,1
2021-10-26,145.90234375,147.38754297777294,145.5994265625498,145.91210950073977,60893400,276.55,4.5,0.08,1.63,0.0045749718174759035,145.66586608886718,141.1901969909668,0.010237672149916156,1.0016234253602594,1.0333744612548044,0.00963820232923207,-0.042553191489361764,0
2021-10-27,145.44308471679688,146.30293288736218,145.09132390307514,145.94140632392703,56094900,276.55,4.5,0.08,1.54,-0.003147715255281014,145.58574523925782,141.48430786132812,0.01027176217940984,0.9990200927829405,1.0279803245696253,0.00963820232923207,-0.042553191489361764,1
2021-10-28,149.0779266357422,149.6641846605071,146.2931525621037,146.39086968766787,100077900,276.55,4.5,0.08,1.57,0.024991507337890795,146.18959350585936,142.02513885498047,0.011094082472965007,1.0197574468921897,1.0496587282900895,0.00963820232923207,-0.042553191489361764,0
2021-10-29,146.371337890625,146.50813293434493,143.05892977311782,143.85038787675046,124953200,276.55,4.5,0.08,1.55,-0.018155529837294293,146.4065155029297,142.37445831298828,0.012072032941074175,0.9997597264562724,1.0280730098993613,0.0,0.0,0
2021-11-01,145.55056762695312,146.2736207539483,144.4171144592604,145.57987978563986,74588300,278.919,4.1,0.08,1.58,-0.005607452083858044,146.46905212402345,142.85422134399414,0.010466115271301245,0.9937291565436459,1.0188748099817517,0.00856626288193807,-0.08888888888888902,1
2021-11-02,146.5863037109375,148.10082985163274,145.2476505224247,145.25743118168475,69122000,278.919,4.1,0.08,1.56,0.007115987940623958,146.60584411621093,143.28952560424804,0.010202650929692213,0.9998667146907326,1.023007809487728,0.00856626288193807,-0.08888888888888902,1
2021-11-03,148.02268981933594,148.4916993652847,146.39091470548655,146.94786074576106,54511500,278.919,4.1,0.08,1.6,0.009798910757931045,147.12176513671875,143.75316696166993,0.01028964668624342,1.0061236668944256,1.029700374245003,0.00856626288193807,-0.08888888888888902,0
2021-11-04,147.50479125976562,148.94113176601576,147.192108353955,148.11059575284676,60394600,278.919,4.1,0.08,1.53,-0.0034987781954403108,146.80713806152343,144.12789077758788,0.010301391528445359,1.0047521749109354,1.0234298889962168,0.00856626288193807,-0.08888888888888902,1
2021-11-05,148.033203125,148.9334561453401,146.83938576662882,148.6301118041856,65463900,278.919,4.1,0.08,1.45,0.0035823369581522435,147.13951110839844,144.548087310791,0.010224191127541029,1.0060737731821277,1.0241104249737716,0.00856626288193807,-0.08888888888888902,0
2021-11-08,147.2112274169922,148.31697989696048,146.93723803048172,148.16041026715402,55020900,278.919,4.1,0.08,1.51,-0.005552644208568047,147.47164306640624,144.93158340454102,0.010373727783303739,0.9982341306843866,1.0157291044429433,0.00856626288193807,-0.08888888888888902,1
2021-11-09,147.57330322265625,148.17999196283563,146.83939977322487,146.97639448653322,56787900,278.919,4.1,0.08,1.46,0.0024595665155242585,147.66904296875,145.3966941833496,0.009994859439034748,0.9993516600082929,1.0149701411819025,0.00856626288193807,-0.08888888888888902,0
2021-11-10,144.74530029296875,146.9078752619248,144.67681041564214,146.80023551358215,65187100,278.919,4.1,0.08,1.56,-0.01916337757528308,147.01356506347656,145.74971923828124,0.011085551262318485,0.9845710511847772,0.9931086045958661,0.00856626288193807,-0.08888888888888902,0
2021-11-11,144.69639587402344,146.22291262356347,144.51047128224292,145.7630135429795,41000000,278.919,4.1,0.08,1.56,-0.0003378653320441627,146.45188598632814,145.9610610961914,0.010285796981073922,0.9880131955933392,0.9913355985995845,0.00856626288193807,-0.08888888888888902,1
2021-11-12,146.77090454101562,147.17209373098063,144.3147648635999,145.24437287945577,63804000,278.919,4.1,0.08,1.58,0.014336975392243323,146.19942626953124,146.2233627319336,0.010602884277917413,1.0039088954455322,1.003744557633282,0.00856626288193807,-0.08888888888888902,1
2021-11-15,146.78065490722656,148.6203105600799,146.22288125155492,147.1427090779816,59222800,278.919,4.1,0.08,1.63,6.643255515403901e-05,146.11331176757812,146.40260848999023,0.010345987915276677,1.0045672987051992,1.0025822382615688,0.00856626288193807,-0.08888888888888902,1
2021-11-16,147.75921630859375,148.23870523347338,146.1348398835429,146.72196856987298,59256200,278.919,4.1,0.08,1.63,0.006666828145614145,146.15049438476564,146.52281188964844,0.009917866896435869,1.0110072971740547,1.008438306656826,0.00856626288193807,-0.08888888888888902,1
2021-11-17,150.19577026367188,151.6733569463972,147.7494257967945,147.7592057993934,88807000,278.919,4.1,0.08,1.6,0.01649003030707341,147.24058837890624,146.74041595458985,0.010508525137695582,1.0200704297456407,1.0235473934471557,0.00856626288193807,-0.08888888888888902,1
2021-11-18,154.48175048828125,155.26458367795593,149.76520627698585,150.41104477831504,137827700,278.919,4.1,0.08,1.59,0.028535958216967305,149.19765930175782,147.16156921386718,0.012120444819344666,1.0354167163965766,1.0497424790556276,0.00856626288193807,-0.08888888888888902,1
2021-11-19,157.104248046875,157.5641620110988,153.1705218782956,154.2664794451428,117305600,278.919,4.1,0.08,1.54,0.016976099444139026,151.2643280029297,147.75244522094727,0.012351420260122729,1.038607384312263,1.0632937262861752,0.00856626288193807,-0.08888888888888902,1
2021-11-22,157.56417846679688,162.14372871908944,157.54460352782965,158.21000213967926,117467900,278.919,4.1,0.08,1.63,0.0029275492269607017,153.42103271484376,148.3687599182129,0.012312756906424383,1.0270050701565396,1.0619767837491725,0.00856626288193807,-0.08888888888888902,1
2021-11-23,157.94578552246094,158.3274146566765,155.64621578340464,157.66200120676388,96041900,278.919,4.1,0.08,1.67,0.002421915053137935,155.45834655761718,148.97093200683594,0.012318284307971423,1.0160006781232673,1.0602456693713453,0.00856626288193807,-0.08888888888888902,1
2021-11-24,158.4644317626953,158.66013635871653,156.2137915801923,157.2999692591092,69463600,278.919,4.1,0.08,1.64,0.003283697874677527,157.11207885742186,149.62199935913085,0.012204042428201977,1.0086075680183744,1.0590984777735817,0.00856626288193807,-0.08888888888888902,0
2021-11-26,153.44451904296875,157.00639624695634,153.00417999336176,156.1452930856568,76959800,278.919,4.1,0.08,1.48,-0.03167848244484295,156.90463256835938,149.8403289794922,0.013655837391434804,0.9779476649685079,1.024053538109689,0.00856626288193807,-0.08888888888888902,1
2021-11-29,156.8009033203125,157.73051124922804,155.38201155737082,155.9495652762871,88748200,278.919,4.1,0.08,1.52,0.021873601600614245,156.84396362304688,150.36180725097657,0.013551283959154488,0.9997254576985961,1.0428240135381461,0.00856626288193807,-0.08888888888888902,1
2021-11-30,161.75230407714844,161.9675835913138,156.48776584559891,156.55627065978888,174048100,278.919,4.1,0.08,1.43,0.03157762903139161,157.68158874511718,151.17189407348633,0.014730539023446095,1.025816047164589,1.0699892666458148,0.0,0.0,0
2021-12-01,161.23365783691406,166.64497001692308,160.99880341826756,163.88548659020162,152052500,280.845,3.9,0.08,1.43,-0.003206422580459889,158.33916320800782,151.90426177978514,0.01484740573541156,1.0182803456217828,1.0614162891009187,0.006905230550805275,-0.04878048780487798,0
2021-12-02,160.245361328125,160.6759203936693,154.41328379839803,155.3331118145511,136739200,280.845,3.9,0.08,1.44,-0.006129591811336987,158.69534912109376,152.5153953552246,0.014996016097141176,1.009767218860639,1.0506831848345308,0.006905230550805275,-0.04878048780487798,0
2021-12-03,158.36654663085938,161.4195945786872,156.29205136899398,160.49976670029744,118023100,280.845,3.9,0.08,1.35,-0.011724612067980478,159.67975463867188,153.0584831237793,0.015324078096145272,0.9917759893182196,1.0346799693734545,0.006905230550805275,-0.04878048780487798,1
2021-12-06,161.77188110351562,164.27693555746282,160.7541933995356,160.76397340255957,107497000,280.845,3.9,0.08,1.43,0.02150286499960008,160.6739501953125,153.74541702270508,0.015834100550152823,1.0068332850898885,1.0522062005895447,0.006905230550805275,-0.04878048780487798,1
2021-12-07,167.50607299804688,167.8974970290668,164.7270295686555,165.45115282756737,120405400,280.845,3.9,0.08,1.48,0.03544615946489493,161.8247039794922,154.76015930175782,0.01706147249980598,1.03510816877054,1.0823591404518818,0.006905230550805275,-0.04878048780487798,1
2021-12-08,171.32240295410156,172.18352101189242,167.03640253357247,168.43571937748263,116998900,280.845,3.9,0.08,1.52,0.02278323339416577,163.8424530029297,155.94761428833007,0.017402697742274,1.045653307882531,1.098589444512727,0.006905230550805275,-0.04878048780487798,0
2021-12-09,170.81358337402344,172.9565838887255,170.1873196788355,171.15607763147332,108923700,280.845,3.9,0.08,1.49,-0.002969953557179772,165.9560974121094,157.25102844238282,0.016440495146862442,1.0292697046849189,1.0862477979697918,0.006905230550805275,-0.04878048780487798,1
2021-12-10,175.59860229492188,175.77474686026093,170.9407678198788,171.4496116481563,115402700,280.845,3.9,0.08,1.48,0.028013105435654273,169.4025085449219,158.79613876342773,0.01686050380898132,1.03657616291058,1.1058115371213542,0.006905230550805275,-0.04878048780487798,0
2021-12-13,171.9682159423828,178.22107107247726,171.7627164613835,177.232738467209,153237000,280.845,3.9,0.08,1.42,-0.020674346521515896,171.4417755126953,160.0560043334961,0.018140162064591136,1.0030706659920734,1.0744252716946887,0.006905230550805275,-0.04878048780487798,0
2021-12-14,170.5885009765625,173.92531854630914,168.51400556372403,171.48875398461132,139380400,280.845,3.9,0.08,1.44,-0.008023081231956164,172.05826110839843,161.24639663696288,0.018417003911945604,0.9914577764394006,1.0579368254698605,0.006905230550805275,-0.04878048780487798,1
2021-12-15,175.45184326171875,175.6475478496639,168.6118581679586,171.35176719309973,131063300,280.845,3.9,0.08,1.47,0.02850920347687702,172.88414916992187,162.63102798461915,0.018990904081297503,1.014852108213074,1.0788337590678707,0.006905230550805275,-0.04878048780487798,0
2021-12-16,168.5629119873047,177.2523322197485,167.08532532021002,175.43225135839342,150185800,280.845,3.9,0.08,1.44,-0.0392639435776001,172.43401489257812,163.54938507080078,0.021700897720441464,0.9775502362008736,1.0306545140132048,0.006905230550805275,-0.04878048780487798,0
2021-12-17,167.46693420410156,169.74692873915046,166.04805758616632,166.28289706807027,195432700,280.845,3.9,0.08,1.41,-0.006501891609974497,170.80768127441405,164.1986442565918,0.02119499486116441,0.9804414705159228,1.0199044880200256,0.006905230550805275,-0.04878048780487798,0
2021-12-20,166.10679626464844,166.91898445345717,163.8659512088188,164.66834446331637,107499100,280.845,3.9,0.08,1.43,-0.008121829816239656,169.6353973388672,164.64877166748047,0.021145236904486883,0.97919891054831,1.0088553627360946,0.006905230550805275,-0.04878048780487798,1
2021-12-21,169.2772674560547,169.48275204230814,165.49031583648394,167.8779505711604,91185900,280.845,3.9,0.08,1.48,0.019086944439979048,169.37315063476564,165.23442611694335,0.021448783132832848,0.9994338938707132,1.0244673064452685,0.006905230550805275,-0.04878048780487798,1
2021-12-22,171.870361328125,172.08564081700152,168.4552593739479,169.32615733120278,92135300,280.845,3.9,0.08,1.46,0.015318618447946575,168.65685424804687,165.93065490722657,0.021598191340586465,1.0190535219834704,1.035796317589534,0.006905230550805275,-0.04878048780487798,1
2021-12-23,172.49664306640625,173.05441678226669,171.50832525865067,172.07587897729215,68356600,280.845,3.9,0.08,1.5,0.0036439193671420345,169.4436004638672,166.63226547241212,0.021597313304070033,1.0180180460883803,1.0351935297606876,0.006905230550805275,-0.04878048780487798,1
2021-12-27,176.45974731445312,176.54781214494253,173.26971902697096,173.28927903509933,74919600,280.845,3.9,0.08,1.48,0.02297496448392433,171.2421630859375,167.78302688598632,0.02019441271793836,1.0304690394847278,1.0517139342966015,0.006905230550805275,-0.04878048780487798,0
2021-12-28,175.4420166015625,177.4382418590108,174.69833332933095,176.293354548695,79144300,280.845,3.9,0.08,1.49,-0.0057674950144692705,173.1092071533203,168.71508255004883,0.020083284900061556,1.0134759409196303,1.0398715630507909,0.006905230550805275,-0.04878048780487798,1
2021-12-29,175.53013610839844,176.75330850310786,174.31674371757737,175.48120622634931,62348900,280.845,3.9,0.08,1.55,0.0005022713973703574,174.35978088378906,169.40397415161132,0.019167125820494017,1.0067123003864602,1.0361630356517162,0.006905230550805275,-0.04878048780487798,0
2021-12-30,174.37542724609375,176.69457190920295,174.26778749437727,175.6181743920382,59773000,280.845,3.9,0.08,1.52,-0.006578408060890495,174.8607940673828,170.06106262207032,0.01925099784946156,0.9972242673157368,1.0253695029156162,0.0,0.0,0
2021-12-31,173.7589874267578,175.38334904304386,173.45562812611084,174.2678163999058,64062300,280.845,3.9,0.08,1.52,-0.0035351300872569213,175.11326293945314,170.73674392700195,0.019187063579520682,0.9922662881727949,1.0177011897394974,0.0,0.0,1
2022-01-03,178.10366821289062,178.9550062933326,173.89596741451703,174.0133871781769,104487900,282.543,4.0,0.08,1.63,0.025004063677363186,175.44204711914062,171.7236000061035,0.019336645636451842,1.0151709418435053,1.0371531240118443,0.006046039630400957,0.025641025641025772,0
2022-01-04,175.84324645996094,179.01371442958575,175.27569272230144,178.71037008888723,99310400,282.543,4.0,0.08,1.66,-0.01269160694785787,175.5222930908203,172.4271682739258,0.01941160725862558,1.00182856185097,1.019811716565502,0.006046039630400957,0.025641025641025772,0
2022-01-05,171.1658477783203,176.30317175638402,170.8918583606612,175.75519292106577,94537600,282.543,4.0,0.08,1.71,-0.026599819872557107,174.6494354248047,172.61015701293945,0.019137720983111617,0.9800538281843789,0.9916325362330163,0.006046039630400957,0.025641025641025772,0
2022-01-06,168.30850219726562,171.53767993498516,167.95622799076347,168.99347567343597,96904000,282.543,4.0,0.08,1.73,-0.016693432820519716,173.43605041503906,172.45946197509767,0.0188338871282229,0.9704355109246144,0.9759308087228555,0.006046039630400957,0.025641025641025772,1
2022-01-07,168.47488403320312,170.4026050689991,167.3593513212815,169.17943258086993,86709100,282.543,4.0,0.08,1.76,0.000988552769262352,172.3792297363281,172.34252700805663,0.018829779645577048,0.9773502543833321,0.9775583946574445,0.006046039630400957,0.025641025641025772,1
2022-01-10,168.4944610595703,168.79780545137268,164.56073410828597,165.45120727418032,106765600,282.543,4.0,0.08,1.78,0.0001162014532880562,170.45738830566407,171.98731994628906,0.01759781707596859,0.9884843522149135,0.9796911836999986,0.006046039630400957,0.025641025641025772,1
2022-01-11,171.32240295410156,171.4202477771128,167.15383722500894,168.62164395189677,76138300,282.543,4.0,0.08,1.75,0.01678358966073934,169.5532196044922,171.955029296875,0.01748920399558726,1.0104343836922487,0.9963209779594103,0.006046039630400957,0.025641025641025772,1
2022-01-12,171.76272583007812,173.37730710526796,171.06797240622825,172.34005950483805,74805200,282.543,4.0,0.08,1.74,0.0025701418400869702,169.67259521484374,172.01374053955078,0.017394942524255372,1.0123186105133113,0.9985407287308252,0.006046039630400957,0.025641025641025772,0
2022-01-13,168.4944610595703,172.8293772441357,168.1030368997407,172.00740890545092,84505800,282.543,4.0,0.08,1.7,-0.019027788216059438,169.70978698730468,171.66587142944337,0.01659377599137137,0.9928387988146772,0.9815256792543267,0.006046039630400957,0.025641025641025772,1
2022-01-14,169.3555450439453,170.05029852382498,167.4180294399018,167.66266389110206,80440800,282.543,4.0,0.08,1.78,0.005110458699711051,169.88591918945312,171.70550308227538,0.014114978726855871,0.9968780570630086,0.9863140202489372,0.006046039630400957,0.025641025641025772,0
2022-01-18,166.15573120117188,168.83691537487223,165.77410203397278,167.82902257608225,90956700,282.543,4.0,0.08,1.87,-0.018894060079007957,169.41817321777344,171.63994293212892,0.014690866140240635,0.9807432582075598,0.968048161533556,0.006046039630400957,0.025641025641025772,0
2022-01-19,162.66233825683594,167.40825267441707,162.37856885772902,166.35143003303915,94815000,282.543,4.0,0.08,1.83,-0.021024811597418425,167.6861602783203,171.46772003173828,0.015322613517722556,0.9700403300239806,0.9486470003026081,0.006046039630400957,0.025641025641025772,0
2022-01-20,160.979248046875,166.03828667936338,160.65632878123083,163.3962376065405,91420500,282.543,4.0,0.08,1.83,-0.010347141372721524,165.5294647216797,171.0528190612793,0.014699125175234883,0.9725111376246193,0.9411084186177868,0.006046039630400957,0.025641025641025772,0
2022-01-21,158.92430114746094,162.76016689126735,158.81666141018044,160.89115642180548,122848900,282.543,4.0,0.08,1.75,-0.012765290708872556,163.6154327392578,170.4055160522461,0.014251247894457824,0.9713283061795718,0.9326241592950252,0.006046039630400957,0.025641025641025772,0
2022-01-24,158.1512908935547,158.8167044309835,151.3798104055977,156.58563920962845,162294600,282.543,4.0,0.08,1.75,-0.004864015435808056,161.37458190917968,169.68824844360353,0.014143564332720671,0.9800260302614507,0.9320108631218315,0.006046039630400957,0.025641025641025772,0
2022-01-25,156.35079956054688,159.26683860327665,153.650040071103,155.56796617871674,115798400,282.543,4.0,0.08,1.78,-0.011384613573718116,159.4135955810547,168.68280105590821,0.012674758257193613,0.9807871090960336,0.9268923599906667,0.006046039630400957,0.025641025641025772,0
2022-01-26,156.2626953125,160.86181974023197,154.43283450239605,159.99092174206848,108275300,282.543,4.0,0.08,1.85,-0.0005635036616026268,158.1336669921875,167.72383499145508,0.012732094903908628,0.9881684165347286,0.9316666013537135,0.006046039630400957,0.025641025641025772,0
2022-01-27,155.8027801513672,160.3236197319786,154.88295228679408,158.9634528706825,121954600,282.543,4.0,0.08,1.81,-0.002943217894796013,157.09837341308594,166.73746719360352,0.012666975469793182,0.9917529810553033,0.9344197364498781,0.006046039630400957,0.025641025641025772,1
2022-01-28,166.67434692382812,166.69392186078738,159.30595841103175,162.15350702087153,179935700,282.543,4.0,0.08,1.78,0.0697777456981119,158.64838256835938,166.35241317749023,0.021124568063994507,1.0505896387062785,1.001935251435123,0.006046039630400957,0.025641025641025772,1
2022-01-31,171.02883911132812,171.24411862639118,165.87194061535732,166.5079991576081,115541600,282.543,4.0,0.08,1.79,0.026125749210165194,161.22389221191406,166.21590576171874,0.02203625072581113,1.0608157188422567,1.0289559132596433,0.006046039630400957,0.025641025641025772,0
2022-02-01,170.8624725341797,171.0875320298687,168.61183278338754,170.27534392743365,86213900,284.5,3.9,0.08,1.81,-0.0009727399075669663,164.12622680664063,165.8538459777832,0.02119945489402752,1.0410430792116796,1.0301990377544057,0.0069263793475682345,-0.025000000000000022,1
2022-02-02,172.0660858154297,172.105235689561,169.6099612749151,170.9994831805343,84914300,284.5,3.9,0.08,1.78,0.007044339598967442,167.28690490722656,165.66498794555665,0.02112818723269839,1.028568768791876,1.0386388092574919,0.0069263793475682345,-0.025000000000000022,0
2022-02-03,169.1891632080078,172.45749049022623,168.42590499267487,170.7352545735362,89418100,284.5,3.9,0.08,1.82,-0.016719870123086733,169.96418151855468,165.566153717041,0.02060414035099246,0.995440108006155,1.021882549117851,0.0069263793475682345,-0.025000000000000022,0
2022-02-04,168.905029296875,170.58046717103358,167.22959142271642,168.20937580635172,82465400,284.5,3.9,0.08,1.93,-0.0016793859946188094,170.41031799316406,165.5959800720215,0.02024910173862909,0.9911666810201631,1.0199826663872777,0.0069263793475682345,-0.025000000000000022,0
2022-02-07,168.18980407714844,170.4335039135459,167.4941505320522,169.36554243968104,77251200,284.5,3.9,0.08,1.92,-0.004234481487637942,169.84251098632814,165.58172607421875,0.020274322050627847,0.9902691799621783,1.0157510014224678,0.0069263793475682345,-0.025000000000000022,1
2022-02-08,171.29574584960938,171.80523803495095,167.96446919200875,168.25840756625686,74829200,284.5,3.9,0.08,1.96,0.018466885014243983,169.92916564941407,165.7217903137207,0.020685899681307303,1.0080420579655804,1.0336344153978596,0.0069263793475682345,-0.025000000000000022,1
2022-02-09,172.71641540527344,173.07893089654075,171.36430797248656,172.49106914991745,71285000,284.5,3.9,0.08,1.94,0.008293665138136896,170.05923156738282,165.7914909362793,0.020430991943739825,1.0156250490690812,1.0417688774610012,0.0069263793475682345,-0.025000000000000022,0
2022-02-10,168.64048767089844,171.9325638827204,168.08201833200982,170.61965636290995,90865900,284.5,3.9,0.08,2.03,-0.02359895974456727,169.94949645996093,165.6353790283203,0.0211242772951648,0.992297660091209,1.0181429152407369,0.0069263793475682345,-0.025000000000000022,0
2022-02-11,165.23085021972656,169.58109560057568,164.64297356543503,168.84625725787345,98670700,284.5,3.9,0.08,1.92,-0.020218379929176744,169.21466064453125,165.47219848632812,0.021180218249858513,0.9764570610511493,0.9985414573033458,0.0069263793475682345,-0.025000000000000022,1
2022-02-14,165.46600341796875,166.1518495458794,163.19289630795137,163.98651932384257,86185500,284.5,3.9,0.08,1.98,0.0014231797387078693,168.6699005126953,165.2777214050293,0.021142355574577852,0.9810049268720271,1.0011391856769252,0.0069263793475682345,-0.025000000000000022,1
2022-02-15,169.29696655273438,169.45373566949445,166.80832036305304,167.5137664381475,62527400,284.5,3.9,0.08,2.05,0.02315256944406019,168.2701446533203,165.4347831726074,0.021353990348634083,1.0061022227176994,1.0233456550433975,0.0069263793475682345,-0.025000000000000022,0
2022-02-16,169.06182861328125,169.83585183660028,166.6123672162483,168.3759824121772,61177400,284.5,3.9,0.08,2.03,-0.0013889081667619596,167.5392272949219,165.7547576904297,0.02072295180973754,1.0090880287735786,1.0199515897397526,0.0069263793475682345,-0.025000000000000022,0
2022-02-17,165.46600341796875,168.43474911832254,165.06428820364812,167.57253401447812,69589300,284.5,3.9,0.08,1.97,-0.021269290796195883,166.90433044433593,165.97909545898438,0.021207323645869216,0.9913823264948367,0.9969086947992049,0.0069263793475682345,-0.025000000000000022,0
2022-02-18,163.9179229736328,167.09241466512012,162.83036175887298,166.38698369504047,82772700,284.5,3.9,0.08,1.92,-0.009355882249875047,166.6417449951172,166.22877655029296,0.021099336633763243,0.9836546237465037,0.9860983541802042,0.0069263793475682345,-0.025000000000000022,0
2022-02-22,160.99818420410156,163.32026851174712,158.872038841447,161.64483056360834,91162800,284.5,3.9,0.08,1.94,-0.017812199645800164,165.74818115234376,166.37112121582032,0.021507804558744126,0.9713420870430165,0.9677051102832392,0.0069263793475682345,-0.025000000000000022,0
2022-02-23,156.83412170410156,162.7911986729469,156.52058346872764,162.19352949330056,90009200,284.5,3.9,0.08,1.99,-0.02586403393668779,163.2556121826172,166.39528732299806,0.02218349905180983,0.9606660353499359,0.9425394446398181,0.0069263793475682345,-0.025000000000000022,1
2022-02-24,159.45010375976562,159.55788063172187,148.92721490354398,149.4954915965567,141147500,284.5,3.9,0.08,1.96,0.016679929260544624,161.33326721191406,166.55465774536134,0.022477903245861387,0.9883274944796422,0.9573440089771756,0.0069263793475682345,-0.025000000000000022,1
2022-02-25,161.5175018310547,161.78203291625664,157.617948249187,160.5279097890242,91974200,284.5,3.9,0.08,1.97,0.012965799472942852,160.54356689453124,166.84039382934571,0.022603023786609822,1.00606648373001,0.9680959036590647,0.0069263793475682345,-0.025000000000000022,1
2022-02-28,161.78204345703125,162.0759818545117,159.1464202451589,159.76368938483503,95056600,284.5,3.9,0.08,1.83,0.0016378511491172976,160.11639099121095,166.59577865600585,0.01603737650769653,1.010402760488848,0.9711052990789508,0.0069263793475682345,-0.025000000000000022,0
2022-03-01,159.90084838867188,163.23212509592508,158.6957174816516,161.37052533149114,83474400,287.674,3.7,0.2,1.72,-0.011627959618763284,159.896923828125,166.03937911987305,0.014805724627805012,1.000024544315506,0.9630296694450452,0.018160067671115554,-0.07499999999999996,1
2022-03-02,163.19285583496094,163.9766861940309,159.65583423430934,161.06672589057112,79724800,287.674,3.7,0.2,1.86,0.020587804751899474,161.16867065429688,165.6558982849121,0.01573624749433722,1.012559420962191,0.9851315740915245,0.011156414762741651,-0.05128205128205121,0
2022-03-03,162.8695831298828,165.49541352335572,162.203336805619,165.06430592514928,76678400,287.674,3.7,0.2,1.86,-0.001980924369661463,161.85256652832032,165.19607315063476,0.01558662255875357,1.0062835988540506,0.9859167958633586,0.011156414762741651,-0.05128205128205121,0
2022-03-04,159.87142944335938,162.2033212553789,158.82306783943153,161.16475211398938,83737200,287.674,3.7,0.2,1.74,-0.018408309451694915,161.52335205078126,164.73018646240234,0.01567131307041511,0.989772855835096,0.970504756150738,0.011156414762741651,-0.05128205128205121,0
2022-03-07,156.07965087890625,161.6840185904636,155.82489737817548,160.05757297165496,96418800,287.674,3.7,0.2,1.78,-0.02371767474435771,160.38287353515625,164.08891754150392,0.016354813471575837,0.973169063744785,0.9511894722532261,0.011156414762741651,-0.05128205128205121,0
2022-03-08,154.25729370117188,159.58732445146612,152.65044751471495,155.6094012673305,131148300,287.674,3.7,0.2,1.86,-0.011675815312710114,159.25416259765626,163.39229202270508,0.01644926675729847,0.9686233074540814,0.9440916201832593,0.011156414762741651,-0.05128205128205121,1
2022-03-09,159.6558837890625,160.10659124427465,156.1874531828048,158.21559935544633,91454900,287.674,3.7,0.2,1.94,0.03499730844720261,158.54676818847656,162.81029891967773,0.017990479100901617,1.0069955106197273,0.9806252113561228,0.011156414762741651,-0.05128205128205121,0
2022-03-10,155.3154296875,157.14762175986647,152.82676890064815,156.961460328922,105342000,287.674,3.7,0.2,1.98,-0.02718630844383485,157.0359375,161.94024963378905,0.018522394988183775,0.989043859387282,0.9590909612571897,0.011156414762741651,-0.05128205128205121,0
2022-03-11,151.60208129882812,156.060104640192,151.37673500562354,155.71717401765326,96970100,287.674,3.7,0.2,2.0,-0.023908431996378376,155.38206787109374,161.08832931518555,0.018538755406273113,0.975672954903641,0.9411115128160736,0.011156414762741651,-0.05128205128205121,0
2022-03-14,147.57513427734375,151.0043799732345,147.06565710961667,148.38835719355112,108732100,287.674,3.7,0.2,2.14,-0.026562610400755138,153.68116455078126,160.2055435180664,0.018861648883831395,0.960268193624861,0.9211612222438588,0.011156414762741651,-0.05128205128205121,1
2022-03-15,151.9547882080078,152.4250955746164,147.34001116939965,147.8494883910694,92964300,287.674,3.7,0.2,2.15,0.029677451774722474,153.22066345214844,159.52998275756835,0.020400133086226763,0.9917382211013858,0.9525155433566851,0.011156414762741651,-0.05128205128205121,1
2022-03-16,156.36380004882812,156.76551526978483,151.33751588171134,153.87515407206308,102300200,287.674,3.7,0.2,2.19,0.029015287328655326,152.56224670410157,158.88332443237306,0.020848820488809688,1.024918047727101,0.9841422981766892,0.011156414762741651,-0.05128205128205121,1
2022-03-17,157.3729705810547,157.74529344907543,154.44342469949348,155.40360925613626,75615400,287.674,3.7,0.2,2.2,0.006453990833629186,152.9737548828125,158.29888153076172,0.020969173565953608,1.028757976828197,0.9941508686558401,0.011156414762741651,-0.05128205128205121,1
2022-03-18,160.6650390625,161.15493125437885,156.53034776701656,157.26518605483486,123511700,287.674,3.7,0.2,2.14,0.02091889394532176,154.78634643554688,158.05883331298827,0.021194336609852933,1.0379794003949891,1.0164888332710322,0.011156414762741651,-0.05128205128205121,1
2022-03-21,162.03675842285156,162.98715054298916,159.71465909153343,160.20455132045697,95811400,287.674,3.7,0.2,2.32,0.00853775885753194,157.67867126464844,157.96477508544922,0.02121218703220003,1.027639040354979,1.0257777934048882,0.011156414762741651,-0.05128205128205121,1
2022-03-22,165.40725708007812,165.99511891868582,161.57629538795769,162.16415722656538,81532000,287.674,3.7,0.2,2.38,0.02080082747910139,160.3691650390625,158.18522872924805,0.021297531985229573,1.031415590645424,1.045655516692974,0.011156414762741651,-0.05128205128205121,1
2022-03-23,166.76913452148438,169.15000379737148,164.2608735199057,164.5940116285297,98062700,287.674,3.7,0.2,2.32,0.0082334805947899,162.45023193359376,158.68197937011718,0.020328820574648656,1.0265860044426165,1.050964546720862,0.011156414762741651,-0.05128205128205121,1
2022-03-24,170.55113220214844,170.61970935790146,166.76916261119956,167.60197064721902,90131400,287.674,3.7,0.2,2.34,0.02267804346119484,165.0858642578125,159.23703079223634,0.020579732045448967,1.0331056082173147,1.0710519491202652,0.011156414762741651,-0.05128205128205121,1
2022-03-25,171.18795776367188,171.73663471959298,169.25778100424003,170.36494232979024,80546200,287.674,3.7,0.2,2.48,0.0037339274931851296,167.19044799804686,159.72055358886718,0.020461131527768725,1.0239099171842145,1.0717966718567897,0.011156414762741651,-0.05128205128205121,1
2022-03-28,172.05018615722656,172.17754799227433,168.5229555265403,168.6895171187773,90371900,287.674,3.7,0.2,2.46,0.005036735088253197,169.19313354492186,160.23396072387695,0.02046237377429971,1.016886339016507,1.073743577079218,0.011156414762741651,-0.05128205128205121,1
2022-03-29,175.34226989746094,175.391247170357,172.7752239137561,173.11815452599345,100589400,287.674,3.7,0.2,2.41,0.01913443869933351,171.18013610839844,161.00603179931642,0.020438939984263153,1.0243143502726675,1.0890416212233198,0.0,0.0,0
2022-03-30,174.17628479003906,175.97908457885987,173.12790825883917,174.9405154603071,92633200,287.674,3.7,0.2,2.35,-0.00664976624349467,172.66156616210938,161.55520324707032,0.02023935684227191,1.0087727608500177,1.0781224082499343,0.0,0.0,0
2022-03-31,171.0801544189453,174.4310152677539,170.87439311711938,174.24485383998842,103049300,287.674,3.7,0.2,2.32,-0.017775843449789885,172.76737060546876,161.96573181152343,0.02076405030107981,0.9902341733823318,1.0562737716520687,0.0,0.0,0
2022-04-01,170.7862548828125,171.3447392929013,168.46417011530542,170.51191638497735,78751300,288.561,3.7,0.33,2.39,-0.0017179054878165845,172.68703002929686,162.5114730834961,0.020200196981942593,0.9889929478423372,1.0509181391461817,0.0030833512934780316,0.0,1
2022-04-04,174.832763671875,174.88175589117134,170.91362533338986,171.04100211349504,76468400,288.561,3.7,0.33,2.42,0.023693410174250085,173.24354553222656,163.44912872314453,0.019611194266039945,1.0091733180290565,1.069646348302122,0.0030833512934780316,0.0,0
2022-04-05,171.5210723876953,174.6955795536943,170.8940109049415,173.9117489626708,73401800,288.561,3.7,0.33,2.54,-0.018942051905071144,172.47930603027345,164.31231765747071,0.02001650317105541,0.9944443558787861,1.0438722722252152,0.0030833512934780316,0.0,0
2022-04-06,168.35641479492188,170.12003032879016,166.6907837158408,168.87569951457075,89058800,288.561,3.7,0.33,2.61,-0.018450546913677424,171.31533203125,164.74734420776366,0.019431597625126414,0.9827282403667853,1.0219066996467439,0.0030833512934780316,0.0,1
2022-04-07,168.66009521484375,169.85543344405016,166.41639539463952,167.69991063657648,77594700,288.561,3.7,0.33,2.66,0.001803794766548128,170.8313201904297,165.41457748413086,0.018110560476034012,0.9872902406118174,1.0196205061251282,0.0030833512934780316,0.0,0
2022-04-08,166.65155029296875,168.30738857225097,165.77954264267717,168.30738857225097,76575500,288.561,3.7,0.33,2.72,-0.011908833084177117,170.00437927246094,166.16705093383788,0.017308369830204937,0.9802779846387445,1.0029157366421806,0.0030833512934780316,0.0,0
2022-04-11,162.3992919921875,165.61298417615765,162.1543458504195,165.29946088886413,72246700,288.561,3.7,0.33,2.79,-0.02551586404870465,167.51768493652344,166.90825881958008,0.017209572169966242,0.9694456561629572,0.9729853581884971,0.0030833512934780316,0.0,1
2022-04-12,164.2707061767578,166.43602198876223,163.27132159796375,164.62342926631288,79265200,288.561,3.7,0.33,2.72,0.011523536596824258,166.06761169433594,167.52405471801757,0.016290235479773162,0.9891796750778502,0.9805798125723741,0.0030833512934780316,0.0,1
2022-04-13,166.95526123046875,167.5823226689275,163.39865390857594,164.00611547230426,70618900,288.561,3.7,0.33,2.7,0.01634226281843776,165.78738098144532,168.05362777709962,0.01549425160489772,1.007044445977189,0.9934641902042858,0.0030833512934780316,0.0,0
2022-04-14,161.9486083984375,167.807731737905,161.7036622205432,167.17086270518294,75329400,288.561,3.7,0.33,2.83,-0.02998799076550185,164.44508361816406,168.28240966796875,0.017168117560861652,0.9848187907792775,0.9623620716982351,0.0030833512934780316,0.0,0
2022-04-18,161.7330322265625,163.23210129361956,160.2633554980497,160.60627109784113,69023900,288.561,3.7,0.33,2.85,-0.0013311393904948954,163.4613800048828,168.33580932617187,0.016558701243464532,0.9894265680476411,0.9607761585247994,0.0030833512934780316,0.0,1
2022-04-19,164.01593017578125,164.42745284930518,160.59649161266293,161.68405307765963,67723800,288.561,3.7,0.33,2.93,0.014115223821567602,163.78470764160156,168.43476791381835,0.01674775608947571,1.001411746783379,0.9737652873408057,0.0030833512934780316,0.0,0
2022-04-20,163.84934997558594,165.46600329408383,162.74220370933205,165.34841899344127,67929800,288.561,3.7,0.33,2.85,-0.0010156342741634017,163.7004364013672,168.35687255859375,0.01606916176615827,1.0009096712109773,0.9732263820626684,0.0030833512934780316,0.0,0
2022-04-21,163.05572509765625,168.062424195949,162.5560404141873,165.4953937411617,87227800,288.561,3.7,0.33,2.9,-0.0048436254281627455,162.9205291748047,168.17120208740235,0.015967246555160682,1.000829827422832,0.9695817302472068,0.0030833512934780316,0.0,0
2022-04-22,158.51931762695312,164.47640880332085,158.23518671810965,163.09492410815207,84882400,288.561,3.7,0.33,2.9,-0.027821209393207202,162.23467102050782,167.5696113586426,0.01601797028141228,0.9770988940268813,0.945990841308813,0.0030833512934780316,0.0,1
2022-04-25,159.5872802734375,159.8714111577949,155.25663522524357,157.8628502431654,96046400,288.561,3.7,0.33,2.81,0.006737113573738851,161.8055206298828,166.98957748413085,0.016103486392608425,0.9862907004173278,0.9556721004854521,0.0030833512934780316,0.0,0
2022-04-26,153.63021850585938,159.0582182667308,153.55183394880203,158.9700412464134,95623200,288.561,3.7,0.33,2.77,-0.0373279233618824,159.72837829589844,166.0685791015625,0.017650280534965077,0.9618216884494867,0.9251010596767002,0.0030833512934780316,0.0,0
2022-04-27,153.40489196777344,156.55978483050606,152.2389458259476,152.75823050166923,88063200,288.561,3.7,0.33,2.82,-0.001466681101396361,157.63948669433594,164.97171020507812,0.016713426729559895,0.9731374745289966,0.9298860500207833,0.0030833512934780316,0.0,1
2022-04-28,160.3319091796875,161.19412418503478,155.71711834920524,156.0306565149034,130216800,288.561,3.7,0.33,2.85,0.045155125909343674,157.0947235107422,164.27949142456055,0.020318868672831353,1.0206065843371495,0.9759703283067087,0.0030833512934780316,0.0,0
2022-04-29,154.46302795410156,162.84018882642286,154.07112011517893,158.568327600733,131747600,288.561,3.7,0.33,2.89,-0.03660457394671546,156.28346557617186,163.44863510131836,0.021401196019803188,0.9883516940492785,0.945024887227435,0.0030833512934780316,0.0,1
2022-05-02,154.7667694091797,155.03130046543404,150.17157761678854,153.54203875876948,123055300,291.298,3.6,0.77,2.99,0.0019664346808505595,155.31936340332032,162.6476608276367,0.021445641558021176,0.9964422079640791,0.9515462357198688,0.00948499623996324,-0.027027027027027084,1
2022-05-03,156.2560272216797,157.46117291588328,153.15991957685017,154.95291204808,88966500,291.298,3.6,0.77,2.97,0.009622594166598164,155.8445251464844,161.71882400512695,0.020682584690265078,1.0026404653920855,0.9662204024976457,0.00948499623996324,-0.027027027027027084,1
2022-05-04,162.66384887695312,163.11454143572888,156.04049519291306,156.44221048032446,108256500,291.298,3.6,0.77,2.93,0.04100847672379815,157.69631652832032,161.27596282958984,0.022847288562960647,1.0315006238445696,1.0086056596594606,0.00948499623996324,-0.027027027027027084,0
2022-05-05,153.6007843017578,160.76300492843146,151.81756975295238,160.53765873226337,130525300,291.298,3.6,0.77,3.05,-0.05571652606136879,156.35009155273437,160.53818130493164,0.02558121180540791,0.9824156978504278,0.9567866226788959,0.00948499623996324,-0.027027027027027084,1
2022-05-06,154.32693481445312,156.44638259515347,151.28513392702433,153.0807759379822,116124600,291.298,3.6,0.77,3.12,0.004727518261031349,156.3228729248047,159.8215232849121,0.025626022087960748,0.9872319509422548,0.9656204724024321,0.00948499623996324,-0.027027027027027084,0
2022-05-09,149.20494079589844,152.90416000742098,148.6456508199546,152.0210492953049,131577900,291.298,3.6,0.77,3.05,-0.03318924220657171,155.21050720214845,158.9491928100586,0.026396773445549117,0.9613069597251669,0.9386958068682716,0.00948499623996324,-0.027027027027027084,1
2022-05-10,151.6089324951172,153.79707304983472,150.05859659800515,152.59997843272657,115366700,291.298,3.6,0.77,2.99,0.016112011347581667,154.28108825683594,158.40967483520507,0.02635012612934659,0.9826799525987894,0.9570686427633744,0.00948499623996324,-0.027027027027027084,0
2022-05-11,143.7493133544922,152.53126499841446,143.0722664113859,150.61788122808568,142689800,291.298,3.6,0.77,2.91,-0.05184139886268335,150.49818115234376,157.38360519409179,0.028240891059766963,0.9551564826486512,0.913369046141844,0.00948499623996324,-0.027027027027027084,0
2022-05-12,139.88330078125,143.45495579096956,136.19390367446763,140.08936442340104,182602000,291.298,3.6,0.77,2.84,-0.02689412897373933,147.7546844482422,156.03000717163087,0.02807336075019682,0.946726672684618,0.8965153775028689,0.00948499623996324,-0.027027027027027084,1
2022-05-13,144.34786987304688,145.3192870677171,140.42297369266063,141.87518108716213,113990900,291.298,3.6,0.77,2.93,0.031916383634516876,145.75887145996094,155.14997024536132,0.028969681819287683,0.9903196177853115,0.9303763941737694,0.00948499623996324,-0.027027027027027084,0
2022-05-16,142.80735778808594,144.75019240669823,141.47289233038416,142.81717961196202,86643800,291.298,3.6,0.77,2.88,-0.010672219038048936,144.47935485839844,154.2036865234375,0.028977039247672646,0.9884274326117306,0.926095614234103,0.00948499623996324,-0.027027027027027084,1
2022-05-17,146.43788146972656,146.95792901438662,143.9259353445969,146.0650115425021,78336300,291.298,3.6,0.77,2.98,0.025422525406765262,143.4451446533203,153.32478408813478,0.02949181953274293,1.0208632841748608,0.955082913311331,0.00948499623996324,-0.027027027027027084,0
2022-05-18,138.17599487304688,144.5931943601473,137.27325546059197,144.09277542323014,109742900,291.298,3.6,0.77,2.89,-0.056419053005677955,142.33048095703126,152.0411163330078,0.03160110746760273,0.9708109882292986,0.9088067636283802,0.00948499623996324,-0.027027027027027084,0
2022-05-19,134.77110290527344,139.0001753383168,134.0351850116639,137.25359806859987,136095600,291.298,3.6,0.77,2.84,-0.024641704015967325,141.30804138183595,150.62688522338868,0.03180623994058479,0.9537397984386558,0.8947347128993595,0.00948499623996324,-0.027027027027027084,1
2022-05-20,135.0066375732422,138.05824551298795,130.12014512321653,136.47847391127468,137426100,291.298,3.6,0.77,2.78,0.0017476644688017018,139.439794921875,149.4512512207031,0.03157150792126725,0.9682073732888332,0.9033489948763979,0.00948499623996324,-0.027027027027027084,1
2022-05-23,140.42298889160156,140.5701665253798,135.06549843768855,135.20286921997902,117726300,291.298,3.6,0.77,2.86,0.04011914833017727,138.96292114257812,148.49303665161133,0.033204950295308344,1.0105068872834457,0.945653695675014,0.00948499623996324,-0.027027027027027084,0
2022-05-24,137.724609375,139.3043807072169,134.75150167714628,138.1661572066265,104132700,291.298,3.6,0.77,2.76,-0.019216080913108557,137.22026672363282,147.69775619506837,0.0325415944556644,1.00367542392541,0.9324759760947448,0.00948499623996324,-0.027027027027027084,1
2022-05-25,137.881591796875,139.12773541661255,135.7425158289754,135.83082238994157,92482700,291.298,3.6,0.77,2.75,0.001139828405303911,137.16138610839843,146.92159118652344,0.032561463588380066,1.0052507903930585,0.9384705861361673,0.00948499623996324,-0.027027027027027084,1
2022-05-26,141.08038330078125,141.62986633656274,134.56505664226245,134.81036263839988,90601500,291.298,3.6,0.77,2.75,0.023199554503393394,138.4232421875,145.95901489257812,0.03112667046421575,1.0191957728434222,0.9665753321548011,0.00948499623996324,-0.027027027027027084,1
2022-05-27,146.83038330078125,146.8696256795322,142.5326166713653,142.6601806038178,90978500,291.298,3.6,0.77,2.74,0.04075690656255926,140.78799133300782,145.5773826599121,0.03190860711918965,1.0429183761382124,1.008607110651222,0.00948499623996324,-0.027027027027027084,0
2022-05-31,146.04539489746094,147.8312299883083,144.08294665114528,146.27108722583742,103718400,291.298,3.6,0.77,2.85,-0.005346225935488169,141.9124725341797,145.14131393432618,0.03190214751021297,1.029123038232498,1.0062289705021124,0.0,0.0,0
2022-06-01,145.91783142089844,148.89093902040028,144.90715690011942,147.08547543452738,74286600,294.957,3.6,1.21,2.94,-0.0008734508654111295,143.55111694335938,144.6244041442871,0.03177991788311285,1.0164869109201908,1.00894335423032,0.012561019986405686,0.0,1
2022-06-02,148.3708953857422,148.429766433254,144.1025647736461,145.05435330119587,72348100,294.957,3.6,1.21,2.92,0.01681126933532817,145.64897766113282,143.90975646972657,0.030451867072251292,1.0186882034348514,1.0309995585111984,0.012561019986405686,0.0,0
2022-06-03,142.65036010742188,145.19172685572278,141.7476357595722,144.14180991397814,88570300,294.957,3.6,1.21,2.96,-0.03855564302855874,145.96297302246094,143.36223526000975,0.029135508990565467,0.9773051148079224,0.9950344304321372,0.012561019986405686,0.0,1
2022-06-06,143.3960723876953,145.78045445382116,142.17934925780943,144.2693611343495,71598400,294.957,3.6,1.21,3.04,0.005227552736017493,145.27611083984374,142.81569213867186,0.029142959986698847,0.9870588602538993,1.0040638408870357,0.012561019986405686,0.0,1
2022-06-07,145.91783142089844,146.20237980048756,141.39438806442126,141.63969407079793,67808200,294.957,3.6,1.21,2.98,0.017585970042367283,145.25059814453124,142.65133666992188,0.02860511572010479,1.004593669732797,1.0228984517581832,0.012561019986405686,0.0,0
2022-06-08,145.18191528320312,147.05604181726716,144.6913032640919,145.79026939576806,53950200,294.957,3.6,1.21,3.03,-0.005043359886377163,145.1034149169922,142.32998580932616,0.02833981112141925,1.0005409959941731,1.0200374464850828,0.012561019986405686,0.0,0
2022-06-09,139.96182250976562,145.17212073609275,139.8538872463902,144.318460453583,69473000,294.957,3.6,1.21,3.04,-0.03595553043404054,143.42160034179688,142.14061126708984,0.027056394111035924,0.9758768705426097,0.984671595697375,0.012561019986405686,0.0,0
2022-06-10,134.55528259277344,138.1171163437947,134.4865897104107,137.64613290864105,91437900,294.957,3.6,1.21,3.15,-0.03862867616356569,141.80258483886718,141.87421035766602,0.02776575914177171,0.9488916069172577,0.9484125568245173,0.012561019986405686,0.0,0
2022-06-13,129.4038543701172,132.6615109809625,128.97211331960065,130.37525676148604,122207100,294.957,3.6,1.21,3.43,-0.0382848456291891,139.00414123535157,141.12700958251952,0.027746849152456565,0.930935245670272,0.9169318810971645,0.012561019986405686,0.0,1
2022-06-14,130.267333984375,131.3761222456289,129.01136806556298,130.63039716017636,84784300,294.957,3.6,1.21,3.49,0.006672750347822776,135.87404174804686,140.500008392334,0.02783383276922587,0.9587359903956603,0.927169581517852,0.012561019986405686,0.0,1
2022-06-15,132.88719177246094,134.76133366612893,129.67859928442957,131.7685967366082,91533000,294.957,3.6,1.21,3.33,0.020111394836714647,133.41509704589845,139.8224739074707,0.02756018555895771,0.9960431369078426,0.9503993747128285,0.012561019986405686,0.0,0
2022-06-16,127.61797332763672,129.90422672691824,126.61712079434068,129.60004972471256,108123900,294.957,3.6,1.21,3.28,-0.039651815758485975,130.94632720947266,139.2945728302002,0.026114156871027708,0.9745823044237688,0.9161733349310226,0.012561019986405686,0.0,1
2022-06-17,129.08982849121094,130.58129318016776,127.37268647196602,127.627814297091,134520300,294.957,3.6,1.21,3.25,0.011533290532639073,129.85323638916014,139.01050910949706,0.025834342456188816,0.9941209944459041,0.9286335926554178,0.012561019986405686,0.0,1
2022-06-21,133.31893920898438,134.48659850718005,130.8168292526159,130.91494269803155,81000500,294.957,3.6,1.21,3.31,0.03276099106492625,130.6362533569336,138.92612419128417,0.02696650300653245,1.0205355388195416,0.959639088652762,0.012561019986405686,0.0,0
2022-06-22,132.80873107910156,135.17347054956403,131.3957655204025,132.2592328278214,73409200,294.957,3.6,1.21,3.16,-0.003826974118681159,131.1445327758789,138.54541130065917,0.025236166280356787,1.0126898031354972,0.9585935025368082,0.012561019986405686,0.0,1
2022-06-23,135.67385864257812,135.9878425646897,133.0834276529192,134.25108671150673,72433800,294.957,3.6,1.21,3.09,0.021573337386757263,131.70186614990234,138.4428737640381,0.02545959288529793,1.0301589689561033,0.9799988612907625,0.012561019986405686,0.0,1
2022-06-24,139.00021362304688,139.24551965514786,137.1457006192552,137.27324957478913,89116800,294.957,3.6,1.21,3.13,0.02451728736654979,133.9783142089844,138.4988048553467,0.02606535995248384,1.0374829273208286,1.0036203111515936,0.012561019986405686,0.0,0
2022-06-27,139.00021362304688,140.79585557470105,138.32316657888146,140.02068012877845,70207900,294.957,3.6,1.21,3.2,0.0,135.96039123535155,138.39479637145996,0.025523322905468212,1.0223581468108112,1.0043745665838615,0.012561019986405686,0.0,0
2022-06-28,134.8594512939453,140.7271675936439,134.7417091855751,139.46139501178652,67083400,294.957,3.6,1.21,3.2,-0.029789611261539894,136.26849365234375,137.79624977111817,0.024380788284152098,0.9896598082166134,0.9786873845837537,0.012561019986405686,0.0,1
2022-06-29,136.6158447265625,138.0288100068747,134.1039131048046,134.8790886274478,66242400,294.957,3.6,1.21,3.1,0.013023880905379537,137.02991638183593,137.32477226257325,0.02467005662321179,0.9969782390137376,0.9948375844770728,0.012561019986405686,0.0,0
2022-06-30,134.1529541015625,135.77196780465343,131.2583461315228,134.67300165333307,98964500,294.957,3.6,1.21,2.98,-0.018027854894353545,136.72573547363282,136.73652839660645,0.024888026895908563,0.981182903400315,0.9811054564179789,0.0,0.0,1
2022-07-01,136.32147216796875,136.42940742984914,133.11287978462988,133.48573480288584,71051600,294.913,3.5,1.68,2.88,0.016164519677774214,136.1899871826172,136.13405723571776,0.024860108169017438,1.0009654526597118,1.0013766939446054,-0.00014917428642136077,-0.02777777777777779,1
2022-07-05,138.902099609375,138.9511638153359,134.3590266331402,135.18326636531972,73353800,294.913,3.5,1.68,2.82,0.018930454611189473,136.1703643798828,135.94664421081544,0.02395266047962126,1.0200611582551935,1.0217398187039946,-0.00014917428642136077,-0.02777777777777779,1
2022-07-06,140.23655700683594,141.41402301996357,138.4311081218874,138.69604284083624,74064300,294.913,3.5,1.68,2.93,0.009607179453829273,137.24578552246095,135.78866844177247,0.024033008717788785,1.0217913539056216,1.032755962747884,-0.00014917428642136077,-0.02777777777777779,1
2022-07-07,143.6021270751953,143.79836886527636,140.5897624458258,140.59956929502877,66253700,294.913,3.5,1.68,3.01,0.023999234865665686,138.6430419921875,135.6728832244873,0.024332664797269397,1.0357687267370204,1.0584438368394378,-0.00014917428642136077,-0.02777777777777779,1
2022-07-08,144.27919006347656,144.7796239540416,142.2774994180926,142.5326123028861,64547800,294.913,3.5,1.68,3.09,0.0047148534779482,140.6682891845703,135.62774696350098,0.024334933882805318,1.025669615375562,1.0637881502396687,-0.00014917428642136077,-0.02777777777777779,0
2022-07-11,142.14991760253906,143.88668829327412,141.08038702449986,142.93489980535588,63141600,294.913,3.5,1.68,2.99,-0.01475800120586146,141.83397827148437,135.73715171813964,0.023119030289676854,1.002227529220466,1.0472439991794997,-0.00014917428642136077,-0.02777777777777779,1
2022-07-12,143.12135314941406,145.66272006961017,142.32656399441228,143.02322474684678,77588800,294.913,3.5,1.68,2.96,0.0068338804781526985,142.67782897949218,136.16545524597169,0.021166813281516376,1.003108571058967,1.0510841600086978,-0.00014917428642136077,-0.02777777777777779,0
2022-07-13,142.75830078125,143.7002675399076,139.45156535802397,140.3052405126538,71185600,294.913,3.5,1.68,2.91,-0.002536675067521532,143.182177734375,136.83317756652832,0.018852816207942595,0.997039596967778,1.0433018023851772,-0.00014917428642136077,-0.02777777777777779,1
2022-07-14,145.682373046875,146.15335651872334,140.56038100210378,141.3747989679362,78140700,294.913,3.5,1.68,2.96,0.02048267771206924,143.59822692871094,137.60392951965332,0.019164065389989424,1.0145137315602004,1.0587079421018124,-0.00014917428642136077,-0.02777777777777779,1
2022-07-15,147.35043334960938,148.0274804295402,145.41742051675783,146.96775651820843,76259900,294.913,3.5,1.68,2.93,0.011449980308857688,144.2124755859375,138.32709159851075,0.018919537633372986,1.0217592670184898,1.0652319198417657,-0.00014917428642136077,-0.02777777777777779,0
2022-07-18,144.3086395263672,148.7241480973096,143.9455764182645,147.9097302753274,81420900,294.913,3.5,1.68,2.96,-0.0206432635052054,144.64421997070312,139.16162490844727,0.01691067561606413,0.9976799595282556,1.0369858761084896,-0.00014917428642136077,-0.02777777777777779,1
2022-07-19,148.1648406982422,148.3905180514349,144.15163767930207,145.14266864096726,82982400,294.913,3.5,1.68,3.01,0.02672190095153959,145.65291748046874,140.11537551879883,0.017489193814620246,1.0172459519604904,1.057448835644475,-0.00014917428642136077,-0.02777777777777779,1
2022-07-20,150.1665496826172,150.83378994510406,147.54668278325192,148.28260095629702,64823400,294.913,3.5,1.68,3.04,0.013510013407646015,147.1345672607422,140.95775604248047,0.01650214274915636,1.020606866750095,1.0653301662759265,-0.00014917428642136077,-0.02777777777777779,1
2022-07-21,152.4331817626953,152.6490522792443,149.08720372847873,151.59913522400217,65086600,294.913,3.5,1.68,2.91,0.015094121060041266,148.48472900390624,141.93897857666016,0.0164455132557435,1.0265916420178482,1.073934611135498,-0.00014917428642136077,-0.02777777777777779,0
2022-07-22,151.19679260253906,153.34567541649065,150.52956751320949,152.47238671293337,66675400,294.913,3.5,1.68,2.77,-0.00811102376699735,149.25400085449218,142.7151252746582,0.016404624481000003,1.0130166812073662,1.0594307527780096,-0.00014917428642136077,-0.02777777777777779,0
2022-07-25,150.0782012939453,152.1289557716175,149.4207830391442,151.11829629325123,53623900,294.913,3.5,1.68,2.81,-0.007398247603930708,150.4079132080078,143.26902465820314,0.016010978576360708,0.9978078818658529,1.0475272073079775,-0.00014917428642136077,-0.02777777777777779,0
2022-07-26,148.7535858154297,150.21560020375307,147.96860350790257,149.40118236976926,55138700,294.913,3.5,1.68,2.81,-0.00882616840483863,150.52566223144532,143.75669326782227,0.016245884887485053,0.9882274132546852,1.0347593731743543,-0.00014917428642136077,-0.02777777777777779,1
2022-07-27,153.84613037109375,154.37599980512033,149.30307266450654,149.7151850174758,78620700,294.913,3.5,1.68,2.78,0.03423476837716555,151.26157836914064,144.70602722167968,0.01563277515976937,1.0170866391176068,1.0631632512128335,-0.00014917428642136077,-0.02777777777777779,1
2022-07-28,154.39561462402344,154.68016301876492,151.51081343985047,154.0325515340952,81378700,294.913,3.5,1.68,2.68,0.0035716481890333274,151.65406494140626,145.59501571655272,0.015575044305322217,1.0180776537950131,1.060445743037,-0.00014917428642136077,-0.02777777777777779,1
2022-07-29,159.45872497558594,160.55770616166393,156.50524578988953,158.21258113398608,101786900,294.913,3.5,1.68,2.67,0.03279309690169585,153.30645141601562,146.8603042602539,0.015551223094801711,1.0401305587778258,1.0857850647851452,-0.00014917428642136077,-0.02777777777777779,0
2022-08-01,158.47747802734375,160.51842568191043,157.8691239569894,157.9868660422736,67829400,295.097,3.6,2.33,2.6,-0.006153610900829776,154.9863067626953,147.96810455322264,0.0157931885308973,1.0225256755746421,1.0710245867232893,0.0006239128149656548,0.028571428571428692,0
2022-08-02,157.0056610107422,159.36060780651525,156.63280603827062,157.0939825576486,59907000,295.097,3.6,2.33,2.75,-0.0092872314408462,156.6367218017578,148.873282623291,0.01599397729147338,1.0023553813227228,1.0546261776737291,0.0006239128149656548,0.028571428571428692,1
2022-08-03,163.01075744628906,163.4621121282082,157.73176722636683,157.82007379818262,82507500,295.097,3.6,2.33,2.73,0.03824764277216741,158.4696472167969,150.01199264526366,0.017518481718855495,1.0286560253603623,1.086651504135165,0.0006239128149656548,0.028571428571428692,0
2022-08-04,162.69676208496094,164.05085610462757,161.3426680652943,162.89300390623217,55474100,295.097,3.6,2.33,2.68,-0.0019262247856960402,160.12987670898437,150.96672439575195,0.017205083257235937,1.0160300215595717,1.07769949130286,0.0006239128149656548,0.028571428571428692,0
2022-08-05,162.47076416015625,162.96205765324038,160.16167874542583,160.3680286094797,56697000,295.097,3.6,2.33,2.83,-0.0013890745083584566,160.73228454589844,151.87630310058594,0.017290488110714056,1.0108159951758875,1.06975716977094,0.0006239128149656548,0.028571428571428692,0
2022-08-08,161.99911499023438,164.88792318870864,161.34078349494277,163.47299550022427,60276900,295.097,3.6,2.33,2.77,-0.0029029787134929874,161.43661193847657,152.8687629699707,0.01673215527689969,1.0034843586284639,1.0597267345066252,0.0006239128149656548,0.028571428571428692,1
2022-08-09,162.0482635498047,162.9326009401167,160.40734488370262,161.16394115258203,63135500,295.097,3.6,2.33,2.8,0.00030338782760197525,162.44513244628905,153.81510848999022,0.016792774801528212,0.9975569049653391,1.0535263092204643,0.0006239128149656548,0.028571428571428692,1
2022-08-10,166.29307556152344,166.39132529301642,163.99380994682684,164.76022682069504,70170500,295.097,3.6,2.33,2.78,0.02619473926305993,163.10159606933593,154.9918472290039,0.017215109583631035,1.0195674326254343,1.072914985752907,0.0006239128149656548,0.028571428571428692,0
2022-08-11,165.55612182617188,168.01258981282774,165.26134266915503,167.0987759253846,57149200,295.097,3.6,2.33,2.87,-0.00443165617607999,163.67346801757813,155.98553466796875,0.017150237886279833,1.0115024984280991,1.0613556069707046,0.0006239128149656548,0.028571428571428692,1
2022-08-12,169.10324096679688,169.1720142653812,166.45024387983412,166.86294364369544,68039400,295.097,3.6,2.33,2.84,0.021425478571848622,164.99996337890624,157.07317504882812,0.017442726378383566,1.0248683545369515,1.0765889268758275,0.0006239128149656548,0.028571428571428692,1
2022-08-15,170.17422485351562,170.37073923171536,168.3662685851405,168.53330655626456,54091700,295.097,3.6,2.33,2.79,0.006333313782726613,166.6349853515625,158.36645431518554,0.01618618917937826,1.0212394743786013,1.0745597960716473,0.0006239128149656548,0.028571428571428692,0
2022-08-16,170.01702880859375,170.6851957704937,168.6708894053126,169.77138205657383,56377100,295.097,3.6,2.33,2.82,-0.000923735924504343,168.2287384033203,159.4590637207031,0.015712714237524135,1.0106301124424182,1.0662111318199083,0.0006239128149656548,0.028571428571428692,1
2022-08-17,171.51058959960938,173.08272003979997,169.56507124556938,169.76158567645697,79542000,295.097,3.6,2.33,2.89,0.008784771745994346,169.2722412109375,160.52626571655273,0.015645339664610607,1.0132233635749088,1.0684269570093412,0.0006239128149656548,0.028571428571428692,0
2022-08-18,171.11756896972656,171.85450943039393,170.1055052698574,170.72454005460744,62290100,295.097,3.6,2.33,2.88,-0.0022915239857802527,170.38453063964843,161.4604850769043,0.015642164202544696,1.0043022587046264,1.0598108192739701,0.0006239128149656548,0.028571428571428692,0
2022-08-19,168.5333251953125,170.71466951867444,168.3269753298755,170.0170261568602,70346300,295.097,3.6,2.33,2.98,-0.015102153390639028,170.27054748535156,162.32731170654296,0.016044968917403195,0.9897972825265714,1.0382314807257378,0.0006239128149656548,0.028571428571428692,0
2022-08-22,164.652099609375,166.9022170896685,164.22957943165187,166.73517911017834,69026800,295.097,3.6,2.33,3.03,-0.023029425079221344,169.16612243652344,163.05600662231444,0.017058243563277724,0.973316035373204,1.0097886181571807,0.0006239128149656548,0.028571428571428692,0
2022-08-23,164.31802368164062,165.7722632709113,163.74812140904885,164.17064162540487,54147100,295.097,3.6,2.33,3.05,-0.002028980672138081,168.0263214111328,163.834228515625,0.016839172798697483,0.977930257007659,1.002952955376901,0.0006239128149656548,0.028571428571428692,1
2022-08-24,164.61280822753906,165.1827105189657,163.35509799580043,164.40647334198977,53841500,295.097,3.6,2.33,3.11,0.0017939878979409407,166.64676513671876,164.37256240844727,0.01538701035226858,0.9877948011321371,1.0014615931976214,0.0006239128149656548,0.028571428571428692,1
2022-08-25,167.06930541992188,167.17739061488243,165.41856607116935,165.84107138313888,51218200,295.097,3.6,2.33,3.03,0.01492288005309561,165.8371124267578,165.0062469482422,0.015597734701097932,1.0074301401847445,1.0125029113129687,0.0006239128149656548,0.028571428571428692,0
2022-08-26,160.7709197998047,168.0715508070674,160.71196696415674,167.59991312879245,78961000,295.097,3.6,2.33,3.04,-0.03769923867395297,164.28463134765624,165.0718566894531,0.016691027171497414,0.9786120495932702,0.9739450626175502,0.0006239128149656548,0.028571428571428692,0
2022-08-29,158.56988525390625,160.06340660842702,157.03705202563728,158.34387946257124,73314000,295.097,3.6,2.33,3.12,-0.013690501669326838,163.0681884765625,165.07647705078125,0.0169334771387556,0.9724145876355106,0.9605843793548282,0.0,0.0,0
2022-08-30,156.14291381835938,159.7293506019625,154.97363281420544,159.3068453614504,77906200,295.097,3.6,2.33,3.11,-0.015305374230805247,161.43316650390625,165.0333396911621,0.017162212625890044,0.9672294560026556,0.9461295160757216,0.0,0.0,0
2022-08-31,154.48233032226562,157.78382326299328,154.403721562595,157.51852057324083,87991100,295.097,3.6,2.33,3.15,-0.01063502310470199,159.40707092285157,164.60691833496094,0.014714413054380718,0.9691058836218791,0.9384923299998081,0.0,0.0,1
2022-09-01,155.20945739746094,155.66143904544523,151.97673759886456,153.91243529158203,74229900,296.349,3.5,2.56,3.26,0.004706862420306823,157.03510131835938,164.23255310058593,0.014804398988694236,0.988374293991779,0.9450590304249931,0.0042426727482827165,-0.02777777777777779,0
2022-09-02,153.09689331054688,157.56766760419046,152.2715237467297,156.9682888748041,76957800,296.349,3.5,2.56,3.2,-0.013611052588787809,155.50029602050782,163.76385955810548,0.0150177816445394,0.9845440634425289,0.9348637344262527,0.0042426727482827165,-0.02777777777777779,0
2022-09-06,151.83917236328125,154.35459275815265,151.0138028574181,153.7453935980758,73714800,296.349,3.5,2.56,3.33,-0.008215195750017057,154.1541534423828,163.2558624267578,0.01506549587918011,0.9849826876058398,0.9300687283521076,0.0042426727482827165,-0.02777777777777779,1
2022-09-07,153.24429321289062,153.9419216691413,150.93520749298594,152.1241445003408,87449600,296.349,3.5,2.56,3.27,0.009254007564316602,153.57442932128907,162.8156639099121,0.015303754380343178,0.9978503185077264,0.9412134528879393,0.0042426727482827165,-0.02777777777777779,0
2022-09-08,151.77040100097656,153.6373103822705,150.02138227376568,151.94725947173376,84923800,296.349,3.5,2.56,3.29,-0.009617925607621092,153.03204345703125,162.08953018188475,0.013765587970293877,0.9917556975156714,0.9363368555061586,0.0042426727482827165,-0.02777777777777779,1
2022-09-09,154.62969970703125,155.07187581808674,152.0553267593616,152.76279054534643,68028800,296.349,3.5,2.56,3.33,0.01883963333559535,152.9160919189453,161.54320907592773,0.014719311991356229,1.0112061965917507,0.9572033426323292,0.0042426727482827165,-0.02777777777777779,1
2022-09-12,160.5841827392578,161.39973173078485,156.5261087123494,156.81105233922636,104956000,296.349,3.5,2.56,3.37,0.03850801652921931,154.4135498046875,161.11725616455078,0.01660473526793445,1.0399617322597359,0.9966913945906046,0.0042426727482827165,-0.02777777777777779,0
2022-09-13,151.16116333007812,157.74449248447965,150.6993462930314,157.11563747555653,122656600,296.349,3.5,2.56,3.42,-0.05867962366181445,154.27794799804687,160.1666030883789,0.02066254433058413,0.9797976009636309,0.9437745473484779,0.0042426727482827165,-0.02777777777777779,1
2022-09-14,152.60557556152344,154.3644145838136,150.93518075875835,152.0946261536245,87965400,296.349,3.5,2.56,3.41,0.009555445324876732,154.15020446777345,159.2960304260254,0.020921305951175168,0.989979715488649,0.957999864487465,0.0042426727482827165,-0.02777777777777779,0
2022-09-15,149.716796875,152.53683214610933,148.7440452074938,151.95709434204855,90481100,296.349,3.5,2.56,3.45,-0.018929706047069117,153.73948364257814,158.20634078979492,0.02086563518853491,0.9738343939223167,0.9463387884934727,0.0042426727482827165,-0.02777777777777779,0
2022-09-16,148.0758514404297,148.71454195841454,145.7864220311532,148.57698038414023,162278800,296.349,3.5,2.56,3.45,-0.01096032956102011,152.4287139892578,157.05425491333008,0.020862277621562297,0.9714432902114829,0.942832472269821,0.0042426727482827165,-0.02777777777777779,1
2022-09-19,151.7900390625,151.8686478234834,146.50373107588743,146.71006595451675,81474200,296.349,3.5,2.56,3.49,0.025083007026061255,150.66988525390624,156.21709060668945,0.021947405305006825,1.0074344903542343,0.9716609013329053,0.0042426727482827165,-0.02777777777777779,1
2022-09-20,154.16790771484375,155.3273682721185,150.41443284470995,150.7288529156578,107689800,296.349,3.5,2.56,3.57,0.015665511828247602,151.27123413085937,155.6928810119629,0.021978709751846598,1.0191488725574789,0.9902052471043813,0.0042426727482827165,-0.02777777777777779,0
2022-09-21,151.04327392578125,155.9758648340084,150.92536828428254,154.600234046477,101696800,296.349,3.5,2.56,3.51,-0.0202677316918769,150.95877380371093,155.0291435241699,0.022309905336994836,1.000559756282733,0.9742895464183015,0.0042426727482827165,-0.02777777777777779,0
2022-09-22,150.08035278320312,151.7802241971407,148.28221666613402,149.72662084225365,86652500,296.349,3.5,2.56,3.7,-0.006375134208566502,151.03148498535157,154.30252075195312,0.02227368773648599,0.9937024243505207,0.9726370771639091,0.0042426727482827165,-0.02777777777777779,0
2022-09-23,147.81057739257812,148.83247642204518,145.97314422465584,148.55735322020942,96029900,296.349,3.5,2.56,3.69,-0.015123734376502829,150.97843017578126,153.33958435058594,0.02191413760752801,0.9790178452675997,0.9639427289344502,0.0042426727482827165,-0.02777777777777779,1
2022-09-26,148.14463806152344,151.09239889982268,147.0343100146429,147.05396595162924,93339400,296.349,3.5,2.56,3.88,0.0022600592923607277,150.24934997558594,152.70827026367186,0.020644753658428494,0.9859918734130664,0.9701153565928768,0.0042426727482827165,-0.02777777777777779,1
2022-09-27,149.11740112304688,152.02586530633175,147.33892101138343,150.08034720002962,84442700,296.349,3.5,2.56,3.97,0.006566306241333253,149.23924865722657,152.23564605712892,0.02063485768622704,0.999183542296842,0.9795169855756919,0.0042426727482827165,-0.02777777777777779,0
2022-09-28,147.23085021972656,148.01692291304855,142.31791462782627,145.06916155790836,146691400,296.349,3.5,2.56,3.72,-0.012651447041808317,148.4767639160156,151.79004287719727,0.020559034854815365,0.9916086957754966,0.9699638225864444,0.0042426727482827165,-0.02777777777777779,0
2022-09-29,139.99899291992188,144.16516723784525,138.2303333041484,143.55596808972413,128138200,296.349,3.5,2.56,3.76,-0.04911917094149698,146.4604919433594,151.06587600708008,0.022994405170731622,0.9558823069778001,0.9267413437125964,0.0042426727482827165,-0.02777777777777779,0
2022-09-30,135.7935333251953,140.60821907927374,135.59701890511008,138.8199033723931,124925300,296.349,3.5,2.56,3.83,-0.030039213190140912,144.0570831298828,150.0950798034668,0.023555553194730156,0.942636976779288,0.9047167535604911,0.0,0.0,1
2022-10-03,139.96949768066406,140.57871173992285,135.29238954196313,135.80333891625202,114311700,298.007,3.6,3.08,3.67,0.03075230648478855,142.42205505371095,149.43871002197267,0.0248910025253962,0.9827796518444987,0.9366348094150685,0.005594754832984217,0.028571428571428692,1
2022-10-04,143.55596923828125,143.67387488258018,141.7479977315321,142.504593932989,87830100,298.007,3.6,3.08,3.62,0.02562323661259125,141.3097686767578,149.02454986572266,0.025737562842933572,1.0158955787880564,0.963304162754601,0.005594754832984217,0.028571428571428692,1
2022-10-05,143.8507537841797,144.81369999304195,140.51978392175167,141.5613389023429,79471000,298.007,3.6,3.08,3.76,0.0020534468017079366,140.63374938964844,148.55487289428712,0.025614811515229097,1.022875052457131,0.968334131230721,0.005594754832984217,0.028571428571428692,0
2022-10-06,142.8976593017578,144.9709190386039,142.6913243714458,143.271047261683,68402200,298.007,3.6,3.08,3.83,-0.006625578645571895,141.21348266601564,148.11123580932616,0.025581873212114182,1.0119264577570501,0.9647995880995811,0.005594754832984217,0.028571428571428692,0
2022-10-07,137.65065002441406,140.60824736647388,137.02179475777638,140.05798588921024,85925600,298.007,3.6,3.08,3.89,-0.03671865097708571,141.58490600585938,147.2622833251953,0.026131188131644365,0.9722127443353142,0.9347311946837321,0.005594754832984217,0.028571428571428692,1
2022-10-10,137.97486877441406,139.4192729060871,136.15709176712548,137.97486877441406,74899000,298.007,3.6,3.08,3.89,0.0023553739117285755,141.18598022460938,146.13181762695314,0.024100314080608854,0.9772561592511747,0.9441808841838797,0.005594754832984217,0.028571428571428692,0
2022-10-11,136.55992126464844,138.88866238055874,135.81316062854552,137.4638994009055,77033700,298.007,3.6,3.08,3.93,-0.010255110385928523,139.78677062988282,145.40175552368163,0.02088217939055416,0.9769159173597465,0.9391903197647905,0.005594754832984217,0.028571428571428692,0
2022-10-12,135.93109130859375,137.91592138284778,135.75423283314072,136.70734348798558,70433700,298.007,3.6,3.08,3.91,-0.004604791436837674,138.2028381347656,144.56803131103516,0.020606011619639,0.983562227398278,0.9402569162482457,0.005594754832984217,0.028571428571428692,1
2022-10-13,140.50013732910156,141.08968060374897,132.03022618093473,132.6394403890868,113224000,298.007,3.6,3.08,3.97,0.03361295768703165,137.72333374023438,144.10719833374023,0.022107234640104553,1.0201621868528439,0.9749695986991225,0.005594754832984217,0.028571428571428692,0
2022-10-14,135.97039794921875,142.00348171103434,135.78370401470698,141.79713183786654,88598000,298.007,3.6,3.08,4.0,-0.032240106422618986,137.3872833251953,143.50192565917968,0.02300739284441074,0.9896869248617225,0.9475161906339259,0.005594754832984217,0.028571428571428692,1
2022-10-17,139.93023681640625,140.41169491464842,137.82750095740744,138.61357366022068,85250900,298.007,3.6,3.08,4.02,0.029122801189906067,137.77835693359376,142.908935546875,0.023292154345250907,1.0156184173676106,0.9791566656131749,0.005594754832984217,0.028571428571428692,1
2022-10-18,141.24691772460938,144.14554712451348,138.1615943476007,142.95662494362372,99136600,298.007,3.6,3.08,4.01,0.009409552489578532,138.71575622558595,142.26288604736328,0.023057808904707863,1.0182471088209124,0.9928585146064332,0.005594754832984217,0.028571428571428692,1
2022-10-19,141.35499572753906,142.42601218125702,139.03608932702545,139.22278329462767,61758300,298.007,3.6,3.08,4.14,0.0007651707001523622,139.800537109375,141.77847213745116,0.02275996052365798,1.0111191176393544,0.9970131120505972,0.005594754832984217,0.028571428571428692,0
2022-10-20,140.89315795898438,143.34962560942563,140.16603813694184,140.52960554450746,64522000,298.007,3.6,3.08,4.24,-0.0032672192884140028,139.87914123535157,141.31911239624023,0.022746752210305674,1.0072492346941613,0.9969858681530526,0.005594754832984217,0.028571428571428692,1
2022-10-21,144.70558166503906,145.27548388473534,140.16601984417193,140.3821901686459,86548600,298.007,3.6,3.08,4.21,0.027058969798693377,141.6261779785156,141.1638626098633,0.023497540093495348,1.0217431814547067,1.0250894172892115,0.005594754832984217,0.028571428571428692,1
2022-10-24,146.84759521484375,147.6140117243732,143.4576737314504,144.62695442993595,75981900,298.007,3.6,3.08,4.25,0.014802563419861414,143.00964965820313,141.0990104675293,0.02374944858523602,1.0268369691542731,1.0407414958352055,0.005594754832984217,0.028571428571428692,1
2022-10-25,149.68731689453125,149.83471395703802,146.75921150175503,147.476495894735,74732300,298.007,3.6,3.08,4.1,0.019337883439853876,144.6977294921875,141.12750625610352,0.024109085539068972,1.0344828313467982,1.0606530283536242,0.005594754832984217,0.028571428571428692,0
2022-10-26,146.7493438720703,149.34337241188203,145.46214257606442,148.331309212192,88194300,298.007,3.6,3.08,4.04,-0.019627401194792005,145.77659912109374,141.1034309387207,0.024358067092853364,1.0066728456888236,1.0400125843559507,0.005594754832984217,0.028571428571428692,0
2022-10-27,142.27859497070312,146.45458955551916,141.62026350591435,145.49165853167307,109180200,298.007,3.6,3.08,3.96,-0.0304652053862986,146.0536865234375,141.21741104125977,0.02267221704415852,0.974152713001677,1.007514540322038,0.005594754832984217,0.028571428571428692,1
2022-10-28,153.0281219482422,154.75746986477446,145.24603383421282,145.619406740808,164762400,298.007,3.6,3.08,4.02,0.07555266468404831,147.71819458007812,142.07914047241212,0.026943065074173236,1.0359463326996292,1.0770625542878762,0.005594754832984217,0.028571428571428692,0
2022-10-31,150.66989135742188,151.55422867895751,149.27461957607085,150.49303288896766,97943200,298.007,3.6,3.08,4.1,-0.015410439341455917,148.48265380859374,142.61416015625,0.026717323297468388,1.0147305930539716,1.0564861945850672,0.0,0.0,0
2022-11-01,148.0267333984375,152.74315424703352,146.5332118743015,152.3796018355527,80379300,298.786,3.6,3.78,4.07,-0.017542708335232193,148.150537109375,142.83769836425782,0.02662401307617828,0.9991643384266228,1.036328189921871,0.002614032556282231,0.0,0
2022-11-02,142.50460815429688,149.5202795588878,142.47513174028057,146.35634784769096,93604600,298.786,3.6,3.78,4.1,-0.03730491862761676,147.3015899658203,142.77039108276367,0.02802702842222758,0.9674342835495766,0.998138389014339,0.002614032556282231,0.0,0
2022-11-03,136.46170043945312,140.31344004952294,136.33395931941936,139.58632020230726,97918500,298.786,3.6,3.78,4.14,-0.042404998639067104,146.13821105957032,142.44859313964844,0.029565035707093498,0.9337852123003424,0.9579715561365628,0.002614032556282231,0.0,0
2022-11-04,136.19595336914062,140.41823769444375,132.25908536615194,139.84739003185524,140814800,298.786,3.6,3.78,4.17,-0.0019474113942351545,142.77177734375,142.37585830688477,0.028408981073713827,0.9539417096505227,0.9565944324323326,0.002614032556282231,0.0,1
2022-11-07,136.72743225097656,136.95379796987663,133.52872680415337,134.94600177423487,83374600,298.786,3.6,3.78,4.22,0.003902310374783502,139.98328552246093,142.3134864807129,0.02841827310523585,0.9767411283473415,0.960748244120255,0.002614032556282231,0.0,1
2022-11-08,137.2982635498047,139.1977950411925,135.31999290082103,138.1939045722533,89908500,298.786,3.6,3.78,4.14,0.004174958085809033,137.83759155273438,142.35040359497071,0.02832925833368647,0.996087221222787,0.9645091273535067,0.002614032556282231,0.0,0
2022-11-09,132.74134826660156,136.36327480735815,132.46576869499577,136.31406095143706,74917800,298.786,3.6,3.78,4.12,-0.03318989742029854,135.88493957519532,142.1909164428711,0.029312154517210854,0.9768657857270918,0.933543095349089,0.002614032556282231,0.0,1
2022-11-10,144.55194091796875,144.55194091796875,137.298266687944,139.0108096143879,118854000,298.786,3.6,3.78,3.82,0.08897448161854182,137.50298767089845,142.39350662231445,0.03482658312886592,1.0512640006335088,1.0151582354199573,0.002614032556282231,0.0,1
2022-11-11,147.33731079101562,147.6424157179768,142.09143135008082,143.51855829432515,93979700,298.786,3.6,3.78,3.82,0.019268989785668378,139.73125915527345,142.96185226440429,0.03405849503172336,1.0544334294396511,1.0306057766971222,0.002614032556282231,0.0,0
2022-11-14,145.93966674804688,147.90810035945074,145.10307645601756,146.61877874685428,73374100,298.786,3.6,3.78,3.88,-0.00948601569734897,141.5737060546875,143.26232376098633,0.0336851576581589,1.0308387822500944,1.01868839564216,0.002614032556282231,0.0,1
2022-11-15,147.67193603515625,151.1659099557232,146.21529884381314,149.8175372526668,89868300,298.786,3.6,3.78,3.8,0.011869763209066297,143.6484405517578,143.58357467651368,0.033715696029272,1.0280093223980997,1.0284737398957606,0.002614032556282231,0.0,0
2022-11-16,146.4416046142578,147.504560513596,144.96527947928075,146.77624972516574,64218300,298.786,3.6,3.78,3.67,-0.00833151818775868,146.38849182128905,143.8379051208496,0.03380516466880931,1.000362820822238,1.018101622734429,0.002614032556282231,0.0,1
2022-11-17,148.34120178222656,149.08920136807347,143.84332244877638,144.1189020339811,80389400,298.786,3.6,3.78,3.77,0.012971704134030038,147.14634399414064,144.2103073120117,0.03385942867409941,1.0081202003097915,1.0286449321633946,0.002614032556282231,0.0,1
2022-11-18,148.9021759033203,150.28992540848853,147.60301733738748,149.90608139833125,74829600,298.786,3.6,3.78,3.82,0.0037816474071532546,147.45931701660157,144.42013702392578,0.0333897024364886,1.009784792957886,1.031034722523854,0.002614032556282231,0.0,0
2022-11-21,145.67398071289062,147.99673387925796,145.38856433603218,147.79005667966177,58724100,298.786,3.6,3.78,3.83,-0.021679973249858375,147.40617980957032,144.36145629882813,0.03364594485645102,0.9882488027373244,1.0090919310992927,0.002614032556282231,0.0,1
2022-11-22,147.80970764160156,148.04592513732047,144.6110022662971,145.7920747269315,51804100,298.786,3.6,3.78,3.76,0.014661004787946741,147.43373413085936,144.26757583618163,0.033521386068927066,1.002550118620807,1.0245525149007986,0.002614032556282231,0.0,1
2022-11-23,148.68568420410156,149.4336837921187,146.98297781162248,147.09124229312135,58301400,298.786,3.6,3.78,3.71,0.0059263804554976485,147.88255004882814,144.3643928527832,0.03322406114577979,1.005430891981564,1.0299332215231567,0.002614032556282231,0.0,0
2022-11-25,145.77236938476562,146.53022062215993,144.79798922240155,145.96920976620405,35195900,298.786,3.6,3.78,3.68,-0.019593781573058577,147.36878356933593,144.53908157348633,0.03276507418110063,0.9891672161097862,1.0085325560246643,0.002614032556282231,0.0,0
2022-11-28,141.94375610351562,144.3255590917021,141.11701754919451,142.84923380843264,69246000,298.786,3.6,3.78,3.69,-0.026264327714564217,145.977099609375,143.98486328125,0.028292514849161975,0.9723700257324449,0.9858241544894382,0.002614032556282231,0.0,0
2022-11-29,138.94192504882812,142.52447466230237,138.13487484288268,142.01267756953146,83763800,298.786,3.6,3.78,3.75,-0.02114803170699775,144.6306884765625,143.39846496582032,0.028449560919995235,0.9606669684860398,0.9689219831045301,0.002614032556282231,0.0,1
2022-11-30,145.69363403320312,146.3727461321645,138.33169544585772,139.16827084330671,111380900,298.786,3.6,3.78,3.68,0.048593748661552416,144.2074737548828,143.28180999755858,0.030520286266977104,1.0103057091260501,1.0168327300980189,0.0,0.0,1
2022-12-01,145.96923828125,146.77630352615344,144.29607218523327,145.87082558028513,71250400,298.832,3.5,4.1,3.53,0.0018916698033908386,143.6641845703125,143.45504150390624,0.02925540475742439,1.0160447345859493,1.017526025931095,0.0001539563433359259,-0.02777777777777779,0
2022-12-02,145.4771270751953,145.66413072697534,143.35121453595042,143.6563344518848,65447400,298.832,3.5,4.1,3.51,-0.0033713350281824317,143.60513610839843,143.90581283569335,0.027409086778721073,1.01303568254957,1.0109190463438473,0.0001539563433359259,-0.02777777777777779,0
2022-12-05,144.3157501220703,148.53803463745106,143.46932286260514,145.4377569527139,68826400,298.832,3.5,4.1,3.6,-0.00798322716755806,144.07953491210938,144.31180267333986,0.027505863108505894,1.0016394778766118,1.0000273536097348,0.0001539563433359259,-0.02777777777777779,0
2022-12-06,140.6544647216797,144.97517704731527,139.68008441838234,144.74881132681773,64727200,298.832,3.5,4.1,3.51,-0.025369964105052323,144.4220428466797,144.508154296875,0.028238289678909276,0.9739127210034018,0.9733323728758008,0.0001539563433359259,-0.02777777777777779,0
2022-12-07,138.71554565429688,141.10718574311466,137.7903792762826,139.9458168978351,69721100,298.832,3.5,4.1,3.42,-0.013784980599225616,143.02642517089845,144.57901840209962,0.028443107401150736,0.9698595590888144,0.9594445112948865,0.0001539563433359259,-0.02777777777777779,1
2022-12-08,140.39854431152344,141.25482328488022,138.8730200272998,140.1131279990439,62128300,298.832,3.5,4.1,3.48,0.012132732847556227,141.91228637695312,144.9618782043457,0.02737049693086531,0.989333255744969,0.9685204555201088,0.0001539563433359259,-0.02777777777777779,0
2022-12-09,139.9163055419922,143.2724894333561,138.6761823933455,140.09345741010685,76097000,298.832,3.5,4.1,3.57,-0.0034347846831035422,140.8001220703125,144.73009643554687,0.01847448735551194,0.9937228994170973,0.9667395309468447,0.0001539563433359259,-0.02777777777777779,1
2022-12-12,142.2095184326172,142.21935519606154,138.8336463442299,140.44776160871248,70462700,298.832,3.5,4.1,3.61,0.016389890240039007,140.37887573242188,144.47370681762695,0.018314930361519342,1.0130407277494138,0.9843280245597359,0.0001539563433359259,-0.02777777777777779,1
2022-12-13,143.17404174804688,147.6030180487257,141.9634590975565,147.14043487810696,93886200,298.832,3.5,4.1,3.51,0.006782410390389515,140.8827911376953,144.33542556762694,0.018308054712146176,1.0162635236841109,0.9919535774740491,0.0001539563433359259,-0.02777777777777779,0
2022-12-14,140.94970703125,144.3452522886776,138.93205940879196,143.05593056925082,82291200,298.832,3.5,4.1,3.49,-0.015535879895820726,141.32962341308593,143.99931411743165,0.018335598437084887,0.9973118418300353,0.9788220721406028,0.0001539563433359259,-0.02777777777777779,0
2022-12-15,134.34559631347656,139.56194847795751,133.8830132053196,138.88283646734595,98931900,298.832,3.5,4.1,3.44,-0.04685437704605688,140.11903381347656,143.39451370239257,0.020865921034342306,0.9587961939012121,0.9368949539610941,0.0001539563433359259,-0.02777777777777779,0
2022-12-16,132.38702392578125,135.4774647205223,131.61933586337778,134.5326248058533,160156900,298.832,3.5,4.1,3.48,-0.01457861248481307,138.61317749023436,142.5968048095703,0.020587500416269222,0.9550825276702732,0.9284010543053639,0.0001539563433359259,-0.02777777777777779,0
2022-12-19,130.2808074951172,133.06614357854048,129.24739159594094,132.9775676474043,79592600,298.832,3.5,4.1,3.57,-0.01590953832336961,136.22743530273436,141.66573638916014,0.020592517525552814,0.9563477959164235,0.9196352683137988,0.0001539563433359259,-0.02777777777777779,0
2022-12-20,130.2119140625,131.14691722297425,127.83994745250584,129.31627297471567,77432800,298.832,3.5,4.1,3.69,-0.0005288072275708711,133.635009765625,140.89263305664062,0.020310744707064284,0.9743847386315264,0.9241924949344453,0.0001539563433359259,-0.02777777777777779,1
2022-12-21,133.3121795654297,134.65071518492888,130.6547968699711,130.8811625578248,85928000,298.832,3.5,4.1,3.68,0.02380938430443158,132.10750427246094,140.16775665283203,0.020881295793462804,1.0091189013039275,0.9510901989793398,0.0001539563433359259,-0.02777777777777779,0
2022-12-22,130.1430206298828,132.43624823454394,128.24348886904642,132.22957105725172,77852100,298.832,3.5,4.1,3.67,-0.02377246359543206,131.2669891357422,139.2406234741211,0.0211223638208672,0.9914375387653853,0.9346627254514618,0.0001539563433359259,-0.02777777777777779,0
2022-12-23,129.7788543701172,130.33001348787815,127.59389142616514,128.8536879861786,63814900,298.832,3.5,4.1,3.75,-0.0027982004567213004,130.74535522460937,138.44094772338866,0.02090405897661303,0.9926077614548385,0.9374311322212361,0.0001539563433359259,-0.02777777777777779,0
2022-12-27,127.9777603149414,129.3359848460805,126.6884381958862,129.30645953174815,69007800,298.832,3.5,4.1,3.84,-0.013878178104726024,130.2847457885742,137.74264793395997,0.020437489156916958,0.9822927430247546,0.9291077399375951,0.0001539563433359259,-0.02777777777777779,0
2022-12-28,124.05071258544922,128.96195335269854,123.88339749624971,127.62341762114276,85438400,298.832,3.5,4.1,3.88,-0.030685391897999237,129.05250549316406,136.99808731079102,0.02093999193384303,0.9612421867471624,0.9054922956992117,0.0001539563433359259,-0.02777777777777779,1
2022-12-29,127.5643539428711,128.4206178463882,125.71402886056812,125.96991984997511,75703700,298.832,3.5,4.1,3.83,0.02832423356699043,127.90294036865234,136.0916233062744,0.01853991805671993,0.9973527862236369,0.9373417029186824,0.0001539563433359259,-0.02777777777777779,1
2022-12-30,127.87931060791016,127.89899915340172,125.41877555904108,126.38331154566907,77034200,298.832,3.5,4.1,3.88,0.002469002156982869,127.45019836425782,135.18712692260743,0.01855404640368449,1.0033669013399722,0.9459429571361414,0.0,0.0,0
2023-01-03,123.09602355957033,128.8340031338152,122.2102267313656,128.22379338136977,112117500,300.42,3.5,4.33,3.79,-0.03740469842698657,126.11363220214844,134.06807174682618,0.01977909278693578,0.9760723040809643,0.9181606176303077,0.005314022594635093,0.0,1
2023-01-04,124.36566925048828,126.62937150933897,123.10587260552036,124.8873030948284,89113600,300.42,3.5,4.33,3.69,0.01031427055239953,125.3912139892578,133.07056770324706,0.020204856532370405,0.9918212392547904,0.9345843442092239,0.005314022594635093,0.0,0
2023-01-05,123.04681396484376,125.75341088924934,122.79092293482029,125.12351256937882,80962700,300.42,3.5,4.33,3.71,-0.010604657166184417,125.19043426513672,132.19018516540527,0.01977171725856247,0.98287712385634,0.9308316938271877,0.005314022594635093,0.0,1
2023-01-06,127.57421875,128.2336424206293,122.91887596059404,124.02120184221346,87754700,300.42,3.5,4.33,3.55,0.03679416507647071,125.1924072265625,131.63311882019042,0.021907237017932155,1.0190252074882393,0.9691650543072308,0.005314022594635093,0.0,1
2023-01-09,128.09585571289062,131.30441322455866,127.83996466106092,128.4108124086458,70790800,300.42,3.5,4.33,3.53,0.004088890122171618,125.2357162475586,131.0179843902588,0.021669008263414953,1.0228380493283422,0.9776967361315518,0.005314022594635093,0.0,1
2023-01-10,128.6667022705078,129.18833615231142,126.09789493911428,128.20411901412172,63896200,300.42,3.5,4.33,3.61,0.004456401453741599,126.3498519897461,130.45550422668458,0.021758222328418283,1.0183367866623994,0.9862880300315388,0.005314022594635093,0.0,1
2023-01-11,131.3831329345703,131.4028064616691,128.40095662151043,129.1784814447806,69458900,300.42,3.5,4.33,3.54,0.021112149578151884,127.7533447265625,129.91418495178223,0.02201474080844082,1.0284124710454887,1.0113070638385893,0.005314022594635093,0.0,0
2023-01-12,131.30441284179688,132.14098840377943,129.36550386584642,131.76699610111268,71379600,300.42,3.5,4.33,3.43,-0.0005991643753284759,129.4048645019531,129.32070350646973,0.021890928340775027,1.0146791107672393,1.0153394567268799,0.005314022594635093,0.0,1
2023-01-13,132.63307189941406,132.7905502170586,129.58200833933589,129.94616380817476,57809700,300.42,3.5,4.33,3.49,0.010118921587334961,130.41663513183593,128.90487174987794,0.021936476999925417,1.016995046416721,1.028922104331093,0.005314022594635093,0.0,1
2023-01-17,133.79446411132812,135.12314807764807,132.01303370787318,132.7019826183309,63646600,300.42,3.5,4.33,3.53,0.008756430016148897,131.55635681152344,128.8773151397705,0.019441965883536604,1.0170125363308071,1.0381537198088342,0.005314022594635093,0.0,0
2023-01-18,133.0760040283203,136.42233624485746,132.898837136548,134.6605941996835,69672800,300.42,3.5,4.33,3.37,-0.005369878998954691,132.43821716308594,128.91176414489746,0.01918654322264951,1.0048157312813188,1.0323030245613753,0.005314022594635093,0.0,1
2023-01-19,133.1350860595703,134.09961486420556,131.65876002436804,131.9638650021021,58280400,300.42,3.5,4.33,3.39,0.0004439720870896835,132.78860778808593,129.05447807312012,0.01879787406586517,1.0026092469621892,1.0316192668970245,0.005314022594635093,0.0,1
2023-01-20,135.69400024414062,135.84164181281548,132.10161400912494,133.14488168206822,80223600,300.42,3.5,4.33,3.48,0.01922043437464227,133.6665252685547,129.32858238220214,0.019213510118381044,1.0151681580074925,1.0492189564339838,0.005314022594635093,0.0,1
2023-01-23,138.8828582763672,141.0579844042408,135.72351517113088,135.94004410758745,81760300,300.42,3.5,4.33,3.52,0.023500361301820094,134.9164825439453,129.60711631774902,0.019195366989910506,1.029398748452621,1.0715681532168146,0.005314022594635093,0.0,1
2023-01-24,140.2804412841797,140.90050277108796,138.08564168128757,138.0954784443646,66435100,300.42,3.5,4.33,3.46,0.010063034597339593,136.21367797851562,130.11398735046387,0.018251388026781046,1.0298557631363974,1.0781349810326872,0.005314022594635093,0.0,0
2023-01-25,139.6210174560547,140.18201330953534,136.61915274790366,138.6663258108729,65799300,300.42,3.5,4.33,3.46,-0.004700753876223818,137.5226806640625,130.60609550476073,0.018293135765070863,1.0152581143841863,1.0690237459167085,0.005314022594635093,0.0,1
2023-01-26,141.68789672851562,141.9733130723702,139.66039693887691,140.91035682918778,54105100,300.42,3.5,4.33,3.49,0.014803496709308028,139.23324279785157,131.29160232543944,0.01795368488801922,1.017629797894084,1.0791847629165674,0.005314022594635093,0.0,1
2023-01-27,143.62677001953125,144.9062550377642,140.82176076743906,140.90049992434123,70555800,300.42,3.5,4.33,3.52,0.013684113716012414,140.81979675292968,132.27040519714356,0.015903096935715295,1.0199330870468906,1.0858571863105848,0.005314022594635093,0.0,0
2023-01-30,140.74305725097656,143.25281407268088,140.59543068062553,142.6721295386836,64015300,300.42,3.5,4.33,3.55,-0.020077822317960292,141.19183654785155,132.92934036254883,0.01624232478797849,0.9968214926029176,1.0587809799335253,0.005314022594635093,0.0,1
2023-01-31,142.01266479492188,142.06187864867766,140.03439402480078,140.4477633640219,65874500,300.42,3.5,4.33,3.52,0.009020747230759074,141.53828125,133.63600807189943,0.01625352302173227,1.0033516271409566,1.0626826320531484,0.005314022594635093,0.0,1
2023-02-01,143.13470458984375,144.2960887309056,139.08958619067016,141.69775584370586,77663600,301.45,3.6,4.57,3.39,0.007900984018166302,142.24101867675782,134.6379421234131,0.012757795173307718,1.0062828987123387,1.0631082318433112,0.003428533386591992,0.028571428571428692,1
2023-02-02,148.43960571289062,148.7939093931277,145.831421817907,146.5498959772077,118339000,301.45,3.6,4.57,3.4,0.037062298331129506,143.59136047363282,135.8416389465332,0.014354304693604264,1.0337641848594927,1.0927400969544834,0.003428533386591992,0.028571428571428692,1
2023-02-03,152.06153869628906,154.8960886893848,145.496812581912,145.6936529941079,154357300,301.45,3.6,4.57,3.53,0.024400044489500505,145.27831420898437,137.29237518310546,0.013969079111720769,1.0466912389797347,1.1075745356833262,0.003428533386591992,0.028571428571428692,0
2023-02-06,149.33522033691406,150.68360765070338,148.400217321163,150.16197391503306,69858300,301.45,3.6,4.57,3.63,-0.01792904624502223,146.9967468261719,138.38042526245118,0.013955320335028363,1.0159083351246372,1.0791643402864683,0.003428533386591992,0.028571428571428692,1
2023-02-07,152.2091522216797,152.77999988075524,148.2624474794368,148.2624474794368,83322600,301.45,3.6,4.57,3.67,0.019244836404176846,149.03604431152343,139.58609008789062,0.014142135714526287,1.021290875806685,1.090432091950143,0.003428533386591992,0.028571428571428692,0
2023-02-08,149.52223205566406,152.14025265616812,148.78406936876726,151.45130381865607,64120100,301.45,3.6,4.57,3.63,-0.01765281605472946,150.3135498046875,140.62886657714844,0.015311639074154925,0.9947355527824893,1.0632399712447143,0.003428533386591992,0.028571428571428692,0
2023-02-09,148.48883056640625,151.89422837459855,148.0459358705389,151.3529059605557,56007100,301.45,3.6,4.57,3.67,-0.006911356759796705,150.32339477539062,141.48415145874023,0.015297099639726003,0.9877958835900058,1.0495085777130928,0.003428533386591992,0.028571428571428692,1
2023-02-10,148.853515625,149.17880490718028,147.08908410868764,147.32566223415182,57450700,301.45,3.6,4.57,3.74,0.002455976366725121,149.68179016113282,142.3616065979004,0.015240263888854003,0.994466430851467,1.0456015437184267,0.003428533386591992,0.028571428571428692,1
2023-02-13,151.65298461914062,152.0571182724141,148.7648180243575,148.79438841262413,62199000,301.45,3.6,4.57,3.72,0.018806871859131657,150.1453430175781,143.3126022338867,0.015473821310722263,1.0100412145409399,1.058197131691478,0.003428533386591992,0.028571428571428692,0
2023-02-14,151.0122528076172,151.57412024796835,148.70567235340334,149.94767374239032,61707600,301.45,3.6,4.57,3.77,-0.004224986492237903,149.9059631347656,144.17349166870116,0.015660170374511725,1.0073798910311327,1.0474342478618117,0.003428533386591992,0.028571428571428692,1
2023-02-15,153.11183166503906,153.27940219693946,150.6968215839401,150.92353288699502,65573800,301.45,3.6,4.57,3.81,0.013903367563800506,150.62388305664064,145.1752830505371,0.015503793724495188,1.0165176236192428,1.0546687318098023,0.003428533386591992,0.028571428571428692,0
2023-02-16,151.51498413085938,154.09756497312395,151.16012443154224,151.3178281549916,68167900,301.45,3.6,4.57,3.86,-0.010429288950530524,151.22911376953124,146.09427795410156,0.015935972110812838,1.0018903130105212,1.0371041648767438,0.003428533386591992,0.028571428571428692,0
2023-02-17,150.37156677246094,150.8151376986906,148.69584602843153,150.17442580979125,59144100,301.45,3.6,4.57,3.82,-0.007546562902391862,151.53272399902343,146.8281562805176,0.015944890738378435,0.9923372510180046,1.0241330449261625,0.003428533386591992,0.028571428571428692,0
2023-02-21,146.35964965820312,149.1393862953431,146.29065710385296,148.05508866222715,58867200,301.45,3.6,4.57,3.95,-0.026680024690628912,150.47405700683595,147.20199584960938,0.01684757164610285,0.9726570318467196,0.9942776170489778,0.003428533386591992,0.028571428571428692,1
2023-02-22,146.78353881835938,147.8086807909047,145.0585291708209,146.74410160351695,51011300,301.45,3.6,4.57,3.93,0.0028962160072545373,149.62831420898436,147.52715072631835,0.01676004628382927,0.9809877201005438,0.9949594911560484,0.003428533386591992,0.028571428571428692,1
2023-02-23,147.26654052734375,148.19311959888688,145.13739706863274,147.946689634791,48394200,301.45,3.6,4.57,3.88,0.003290571360199168,148.45925598144532,147.9094268798828,0.016676870545057773,0.9919660418192406,0.9956535133283889,0.003428533386591992,0.028571428571428692,0
2023-02-24,144.61497497558594,145.08811632211885,143.63910684752537,145.00925692421464,55469600,301.45,3.6,4.57,3.95,-0.01800521382700293,147.07925415039062,148.05578079223633,0.01704367830776981,0.9832452293218394,0.9767600711148265,0.003428533386591992,0.028571428571428692,1
2023-02-27,145.8076629638672,147.039812645864,145.34437348016522,145.60067024018994,44998500,301.45,3.6,4.57,3.92,0.008247333918790956,146.16647338867188,148.16482543945312,0.016875950230677592,0.997545193391575,0.9840909441995113,0.003428533386591992,0.028571428571428692,0
2023-02-28,145.30494689941406,146.95109701970668,144.7332276594082,144.95008720013072,50547000,301.45,3.6,4.57,3.92,-0.0034478027713653603,145.95553283691407,148.392919921875,0.01618404291954301,0.9955425743385353,0.9791905636462529,0.003428533386591992,0.028571428571428692,0
2023-03-01,143.2349395751953,145.1275197577975,142.93922063146897,144.73323786008925,55479000,301.821,3.5,4.65,4.01,-0.014245952174303467,145.24581298828124,148.45403366088868,0.01646541896558635,0.9861553777577866,0.9648437030844492,0.004663471140403441,0.0,1
2023-03-02,143.82640075683594,144.61497972086136,141.84509404159934,142.31825044455022,52238100,301.821,3.5,4.65,4.08,0.004129307998417042,144.5577850341797,148.48861846923828,0.016398338655245717,0.9949405403716526,0.9686021880972097,0.0012307181953890023,-0.02777777777777779,1
2023-03-03,148.8732452392578,148.95210462024477,145.2260853537234,145.9259379185379,70732300,301.821,3.5,4.65,3.97,0.03508983368744989,145.40943908691406,148.51030044555665,0.01617038410579956,1.0238210543558548,1.0024439031677417,0.0012307181953890023,-0.02777777777777779,1
2023-03-06,151.63330078125,154.06803024605406,151.26858921507775,151.59386356059247,87558000,301.821,3.5,4.65,3.98,0.018539634422265916,146.57456665039064,148.4888885498047,0.01575794419799608,1.0345130416992836,1.0211760776321699,0.0012307181953890023,-0.02777777777777779,0
2023-03-07,149.43511962890625,151.83041139396585,148.9718301446463,151.50512207262017,56182000,301.821,3.5,4.65,3.97,-0.014496691300777687,147.40060119628907,148.4938835144043,0.015570245950456524,1.0138026467742005,1.006338551408487,0.0012307181953890023,-0.02777777777777779,1
2023-03-08,150.6869659423828,151.27840377958802,149.6618240709013,150.6278251668401,47204800,301.821,3.5,4.65,3.98,0.008377189489226389,148.89100646972656,148.41777420043945,0.01504964987823617,1.0120622428126405,1.0152892182500919,0.0012307181953890023,-0.02777777777777779,0
2023-03-09,148.4395294189453,152.33311931510104,148.08466971716794,151.3671181983863,53833600,301.821,3.5,4.65,3.93,-0.014914604653310515,149.81363220214843,148.3636390686035,0.014896061444985459,0.9908279189082807,1.0005115158324387,0.0012307181953890023,-0.02777777777777779,0
2023-03-10,146.37939453125,148.78455331931613,145.50210448552664,148.0649820559655,68572400,301.821,3.5,4.65,3.7,-0.013878613707275611,149.3148620605469,148.2581672668457,0.015139322806851188,0.9803404196421749,0.9873276948566743,0.0012307181953890023,-0.02777777777777779,1
2023-03-13,148.32122802734375,150.95309752980933,145.59078054944564,145.69921030606648,84457100,301.821,3.5,4.65,3.55,0.013265757125940247,148.65244750976564,148.2315528869629,0.015444305221092225,0.9977718531516265,1.0006049666122654,0.0012307181953890023,-0.02777777777777779,1
2023-03-14,150.41099548339844,151.20942619347872,147.95656256587642,149.11970482478546,73695900,301.821,3.5,4.65,3.64,0.014089469753240103,148.84762268066407,148.1694534301758,0.015174567232937423,1.0105031761648515,1.0151282332581388,0.0012307181953890023,-0.02777777777777779,1
2023-03-15,150.80528259277344,151.06156433450928,147.77911548729296,149.03098388604965,77167900,301.821,3.5,4.65,3.51,0.0026213981770935035,148.87128601074218,148.1591049194336,0.015158627618026981,1.0129910651936713,1.0178603783734979,0.0012307181953890023,-0.02777777777777779,1
2023-03-16,153.6244354248047,154.22572509887632,149.47454848721353,149.98712698991974,76161100,301.821,3.5,4.65,3.56,0.01869399256817772,149.90826721191405,148.1847351074219,0.015424731094346982,1.0247896148892,1.0367089114370618,0.0012307181953890023,-0.02777777777777779,0
2023-03-17,152.7865447998047,154.50170239485772,152.07682545294745,153.85112382009055,98944600,301.821,3.5,4.65,3.39,-0.00545414941759137,151.189697265625,148.24831314086913,0.015282394879039886,1.0105618806245387,1.0306123662575724,0.0012307181953890023,-0.02777777777777779,1
2023-03-20,155.15228271484375,155.5662982460434,151.94869352566715,152.85556893212473,73641400,301.821,3.5,4.65,3.47,0.01548394145661769,152.555908203125,148.4873489379883,0.015507920124389491,1.0170191672174487,1.0448855328384836,0.0012307181953890023,-0.02777777777777779,1
2023-03-21,157.00543212890625,157.1237136794573,154.30455474450915,155.07342994575768,73938300,301.821,3.5,4.65,3.59,0.011944067993304497,153.87479553222656,149.01963806152344,0.014134465259354669,1.020345350165057,1.0535888703748284,0.0012307181953890023,-0.02777777777777779,0
2023-03-22,155.57615661621094,159.82460651427928,155.5564380089166,157.0251659140942,75701800,301.821,3.5,4.65,3.48,-0.00910335071414492,154.82897033691407,149.45926895141602,0.01441824537854428,1.0048258816012983,1.0409267869949457,0.0012307181953890023,-0.02777777777777779,1
2023-03-23,156.6604461669922,159.24304236266408,155.428296373163,156.56188320802048,67622100,301.821,3.5,4.65,3.38,0.006969509816700636,155.43617248535156,149.92896423339843,0.014445437916251821,1.0078763756342237,1.0448978085589564,0.0012307181953890023,-0.02777777777777779,1
2023-03-24,157.9615936279297,158.0503047976887,155.59587218901564,156.5914437450547,59196500,301.821,3.5,4.65,3.38,0.008305526332732072,156.47118225097657,150.59629516601564,0.013585567435599973,1.0095251493310924,1.0489075674391235,0.0012307181953890023,-0.02777777777777779,0
2023-03-27,156.0197296142578,158.47417734472043,155.61558088418133,157.6560281012329,52390300,301.821,3.5,4.65,3.53,-0.012293266793989344,156.64467163085936,151.10689849853514,0.014056472483087723,0.9960104482961651,1.0325122887474942,0.0012307181953890023,-0.02777777777777779,0
2023-03-28,155.39871215820312,156.22672817707905,153.7525619849842,155.714149696992,45992200,301.821,3.5,4.65,3.55,-0.003980377722677009,156.32332763671874,151.6115867614746,0.014070791999236174,0.9940852367174249,1.02497912908653,0.0012307181953890023,-0.02777777777777779,1
2023-03-29,158.47415161132812,158.7501519087846,157.0744315196879,157.09413508315754,51305700,301.821,3.5,4.65,3.57,0.01979063668168668,156.90292663574218,152.37354736328126,0.01387389889268548,1.0100139940616508,1.040037161000801,0.0,0.0,1
2023-03-30,160.04144287109375,160.14987263415844,158.96701206310877,159.2232937572216,49501700,301.821,3.5,4.65,3.55,0.009889885787869979,157.5791259765625,153.18429946899414,0.01391114395292194,1.0156259078051841,1.0447640092742505,0.0,0.0,1
2023-03-31,162.54518127441406,162.64375926608275,159.59788883873148,160.120319104618,68749800,301.821,3.5,4.65,3.48,0.015644312862993726,158.49584350585937,153.86789627075194,0.012318705015164664,1.025548542340197,1.0563943825448372,0.0,0.0,1
2023-04-03,163.79705810546875,163.91533966892132,161.87490749491164,161.92419649331373,56976200,302.845,3.4,4.83,3.43,0.007701716047436857,160.05130920410156,154.4760841369629,0.011898646298330174,1.0234034255639266,1.0603392688297408,0.003392739405144063,-0.02857142857142858,0
2023-04-04,163.26475524902344,164.45746763773894,162.75217680448466,164.22090454094308,46278300,302.845,3.4,4.83,3.35,-0.0032497705551132183,161.62451782226563,155.16756591796874,0.01122871320927053,1.01014844436264,1.0521835171103695,0.003392739405144063,-0.02857142857142858,0
2023-04-05,161.4214630126953,162.69304993016723,159.48946069965243,162.38747921010668,51511700,302.845,3.4,4.83,3.3,-0.011290203041780855,162.21398010253907,155.70429077148438,0.011721243337260134,0.9951143724520982,1.0367181418885982,0.003392739405144063,-0.02857142857142858,1
2023-04-06,162.30862426757812,162.60434321282244,159.686606015777,160.1104583059446,45390100,302.845,3.4,4.83,3.3,0.00549593119976266,162.66741638183595,156.39774551391602,0.010891663882714899,0.9977943209387699,1.0377938872087908,0.003392739405144063,-0.02857142857142858,0
2023-04-10,159.71617126464844,159.71617126464844,157.7940207437735,159.11488161033475,47716900,302.845,3.4,4.83,3.41,-0.01597236754749287,162.10161437988282,157.06458435058593,0.01108626234921349,0.9852842729274482,1.016882143896576,0.003392739405144063,-0.02857142857142858,0
2023-04-11,158.5037384033203,160.04145880285023,158.21787125365222,160.03160702009572,47644200,302.845,3.4,4.83,3.43,-0.007591171587247314,161.04295043945314,157.57370986938477,0.01119160328228313,0.9842327029577896,1.0059021808568602,0.003392739405144063,-0.02857142857142858,0
2023-04-12,157.81375122070312,159.74575366976245,157.49831365463328,158.9177526201656,50133100,302.845,3.4,4.83,3.41,-0.0043531287625625525,159.95274963378907,157.94384765625,0.011021668409338792,0.9866273107653156,0.9991763121040965,0.003392739405144063,-0.02857142857142858,1
2023-04-13,163.19573974609375,163.43231787231758,159.11486107428212,159.32186881483895,68445600,302.845,3.4,4.83,3.45,0.034103419275953284,160.30760498046874,158.56337051391603,0.013098057499062048,1.0180162055691424,1.0292146238892619,0.003392739405144063,-0.02857142857142858,0
2023-04-14,162.8507537841797,163.9449032227771,161.48060404043056,162.23959735915352,49386500,302.845,3.4,4.83,3.52,-0.0021139397538857407,160.41603088378906,159.02468643188476,0.012692664971072522,1.0151775535585619,1.0240595811766229,0.003392739405144063,-0.02857142857142858,1
2023-04-17,162.87049865722656,163.0282174547124,161.6876377578676,162.73249846964956,41516200,302.845,3.4,4.83,3.6,0.00012124520512224457,161.0468963623047,159.52888412475585,0.012557807488983764,1.0113234240219031,1.0209467680464528,0.003392739405144063,-0.02857142857142858,1
2023-04-18,164.0927734375,165.01935243982652,163.2844759960185,163.72806193096773,49923000,302.845,3.4,4.83,3.58,0.00750458057383252,162.16470336914062,159.97590866088868,0.012273037902048275,1.0118895791026143,1.0257342796866877,0.003392739405144063,-0.02857142857142858,1
2023-04-19,165.23623657226562,165.7586669315568,163.1760704888179,163.43236729662357,47720200,302.845,3.4,4.83,3.6,0.006968394224875274,163.64920043945312,160.38744888305663,0.01212913698100483,1.0096977933809073,1.0302317152805665,0.003392739405144063,-0.02857142857142858,0
2023-04-20,164.2701873779297,165.47276665465435,163.1957564794937,163.71818673436218,52456400,302.845,3.4,4.83,3.54,-0.0058464729914944336,163.8640899658203,160.82215042114257,0.011984351856526758,1.0024782575132483,1.0214400625023219,0.003392739405144063,-0.02857142857142858,0
2023-04-21,162.66346740722656,164.0730393438838,162.14103717495192,162.69303779464673,58337300,302.845,3.4,4.83,3.57,-0.009780959018489521,163.82663269042968,161.1223014831543,0.012259064029018173,0.992900023249571,1.0095651930855356,0.003392739405144063,-0.02857142857142858,1
2023-04-24,162.9690399169922,163.23518844762253,161.5496011414824,162.64375061086378,41949600,302.845,3.4,4.83,3.52,0.001878556473904558,163.84634094238282,161.37267379760743,0.01216766672719018,0.9946455867104219,1.009892419093129,0.003392739405144063,-0.02857142857142858,0
2023-04-25,161.4313201904297,163.93504162144998,161.3918829793584,162.83104036567903,48714100,302.845,3.4,4.83,3.4,-0.009435655553629907,163.31405029296874,161.64325332641602,0.01201132254032166,0.9884717199826859,0.9986888835034868,0.003392739405144063,-0.02857142857142858,0
2023-04-26,161.4214630126953,162.91976126426218,160.47518046288778,160.73146218660858,45498800,302.845,3.4,4.83,3.43,-6.106112322412649e-05,162.55109558105468,161.94439086914062,0.01194427903809324,0.9930506000939496,0.9967709418422039,0.003392739405144063,-0.02857142857142858,1
2023-04-27,166.0050811767578,166.15293313578908,162.8310621018307,162.8310621018307,64902300,302.845,3.4,4.83,3.53,0.028395345194597965,162.8980743408203,162.3209373474121,0.01274789675543708,1.0190733183833527,1.0226966643339461,0.003392739405144063,-0.02857142857142858,1
2023-04-28,167.2569122314453,167.42449781718415,165.48262879614657,166.08391841749662,55275900,302.845,3.4,4.83,3.44,0.007540920108069393,163.81676330566407,162.68171081542968,0.012685933743595775,1.0209999810542119,1.028123637212092,0.003392739405144063,-0.02857142857142858,0
2023-05-01,167.16822814941406,168.01594783420873,166.23179728666088,166.8626573980738,52472900,303.334,3.6,5.06,3.59,-0.0005302267084097423,164.65660095214844,162.9128631591797,0.01229898083314068,1.0152537291717538,1.0261204972260325,0.005012904999983414,0.028571428571428692,0
2023-05-02,166.13319396972656,167.91735928630777,165.14747425578494,167.6610625345139,48425700,303.334,3.6,5.06,3.44,-0.006191572352865937,165.59697570800782,163.02966995239257,0.012321069241229408,1.0032380921174806,1.0190365595307913,0.0016146873813336349,0.05882352941176472,0
2023-05-03,165.0587921142578,168.47924132633688,164.7729399649435,167.07952089132834,65136000,303.334,3.6,5.06,3.38,-0.006467111296641459,166.3244415283203,163.1193717956543,0.012397214430704266,0.9923904784983331,1.011889576923047,0.0016146873813336349,0.05882352941176472,0
2023-05-04,163.42247009277344,164.65461977543495,161.96360907995128,162.535328337613,81235400,303.334,3.6,5.06,3.37,-0.00991357079816546,165.80791931152345,163.21942214965821,0.012331260054143646,0.9856131768093165,1.0012440182696458,0.0016146873813336349,0.05882352941176472,1
2023-05-05,171.09140014648438,171.81097141948842,168.32151475691046,168.53837432535954,113453200,303.334,3.6,5.06,3.44,0.04692702325058096,166.57481689453124,163.6585609436035,0.016089029381018652,1.0271144422437688,1.0454167454487286,0.0016146873813336349,0.05882352941176472,0
2023-05-08,171.0223846435547,171.36739258858665,169.65223472844943,170.0169462399646,55962800,303.334,3.6,5.06,3.52,-0.00040338382215932,167.34564819335938,164.22387161254883,0.015500923304436642,1.0219709116423932,1.0413978367715353,0.0016146873813336349,0.05882352941176472,0
2023-05-09,169.3170928955078,171.06180609803263,169.14952233576255,170.57881302608763,45326900,303.334,3.6,5.06,3.53,-0.009971161094502579,167.98242797851563,164.7645393371582,0.015599675285324799,1.0079452650676228,1.0276306635922048,0.0016146873813336349,0.05882352941176472,1
2023-05-10,171.08154296875,171.5448325237521,169.44524432941884,170.54926084220077,53724500,303.334,3.6,5.06,3.43,0.010420980203877495,169.18697814941407,165.42792892456055,0.015562046405524574,1.011198053420298,1.0341756925867558,0.0016146873813336349,0.05882352941176472,1
2023-05-11,171.26881408691406,172.09681510347738,169.71137500858376,171.36739208260082,49514700,303.334,3.6,5.06,3.39,0.0010946307527648358,170.7562469482422,165.83158264160156,0.013878224537375085,1.0030017475075288,1.0327876714356852,0.0016146873813336349,0.05882352941176472,0
2023-05-12,170.34095764160156,171.8117019924622,168.79122976444327,171.3773829679925,45533100,303.334,3.6,5.06,3.46,-0.005417544637412175,170.6061584472656,166.20609283447266,0.013955560497471393,0.9984455379097817,1.0248779376051327,0.0016146873813336349,0.05882352941176472,0
2023-05-15,169.84742736816406,170.97270170588305,169.25517137496644,170.92334452950067,37266700,303.334,3.6,5.06,3.5,-0.0028973083178027714,170.3711669921875,166.55493927001953,0.013997098567022203,0.9969258904938565,1.0197681804729113,0.0016146873813336349,0.05882352941176472,0
2023-05-16,169.84742736816406,170.9035986466086,169.58091066505557,169.76845889829133,42110300,303.334,3.6,5.06,3.54,0.0,170.47723388671875,166.84267196655273,0.013947651761132749,0.9963056268324181,1.018009513790415,0.0016146873813336349,0.05882352941176472,1
2023-05-17,170.4593963623047,170.69628668546216,168.21871333171157,169.492059065459,57951600,303.334,3.6,5.06,3.57,0.003603051300942628,170.3528045654297,167.10382995605468,0.013902441072516019,1.0006257120165818,1.0200807270972332,0.0016146873813336349,0.05882352941176472,1
2023-05-18,172.7888946533203,172.97644284674885,170.350798262134,170.7653713447007,65496700,303.334,3.6,5.06,3.65,0.013666001057896393,170.65682067871094,167.5297653198242,0.0140329277504744,1.0124933417025466,1.0313922085633924,0.0016146873813336349,0.05882352941176472,1
2023-05-19,172.89749145507812,174.11159953538055,172.68033195301507,174.11159953538055,55809500,303.334,3.6,5.06,3.7,0.0006284941053398274,171.16812744140626,168.0414665222168,0.01373861893308314,1.0101033062610554,1.0288977776340658,0.0016146873813336349,0.05882352941176472,0
2023-05-22,171.9499053955078,172.45332751081392,171.2095929310653,171.73274586766902,43570900,303.334,3.6,5.06,3.72,-0.005480623527823192,171.588623046875,168.4905097961426,0.01387217635037583,1.002105514586093,1.0205316940612903,0.0016146873813336349,0.05882352941176472,0
2023-05-23,169.34397888183594,171.1404774028389,169.0675968111729,170.89370662105455,50747300,303.334,3.6,5.06,3.7,-0.015155149447031668,171.48793334960936,168.8861427307129,0.014192412558117873,0.9874979281288405,1.0027109160273324,0.0016146873813336349,0.05882352941176472,1
2023-05-24,169.62039184570312,170.19290197111815,168.31744971265542,168.88007936551583,45143500,303.334,3.6,5.06,3.73,0.0016322574070382068,171.32013244628905,169.29608917236328,0.014181443454323458,0.9900785705899521,1.0019155945948028,0.0016146873813336349,0.05882352941176472,1
2023-05-25,170.7555389404297,171.65377326209193,169.47232768730396,170.18302884098296,56058300,303.334,3.6,5.06,3.83,0.006692279639108234,170.91346130371093,169.5336120605469,0.012871475847025209,0.999076009800067,1.0072075788690587,0.0016146873813336349,0.05882352941176472,1
2023-05-26,173.1639862060547,173.49960591702484,170.87396117733175,171.08125526170468,54835000,303.334,3.6,5.06,3.8,0.014104650897826643,170.96676025390624,169.82896575927734,0.013115276395485414,1.0128517727591333,1.0196375243284739,0.0016146873813336349,0.05882352941176472,1
2023-05-30,175.00985717773438,176.67803022234617,174.28929064745816,174.6742524991613,55964400,303.334,3.6,5.06,3.69,0.010659670131889953,171.57875061035156,170.22104721069337,0.013247879184934376,1.0199972697969735,1.0281328898248028,0.0,0.0,0
2023-05-31,174.96047973632812,177.03336027410137,174.47680359439627,175.0394481918492,99625300,303.334,3.6,5.06,3.64,-0.00028214091596057145,172.70205078125,170.66241149902345,0.013111925548694265,1.0130770245336502,1.025184621496628,0.0,0.0,1
2023-06-01,177.76380920410156,177.79342049505456,174.64462268903534,175.40468096744894,68901800,304.014,3.6,5.08,3.61,0.01602264392506325,174.3307342529297,171.29766235351562,0.013250528835104617,1.0196928841370618,1.0377480157157162,0.00224175331482801,0.0,1
2023-06-02,178.61270141601562,179.43198227661338,176.94452840385708,178.69166987914852,61996900,304.014,3.6,5.08,3.69,0.004775393910126047,175.90216674804688,172.05717391967772,0.012851697627560062,1.015409330755153,1.0381008669792418,0.00224175331482801,0.0,0
2023-06-05,177.26039123535156,182.5610228518948,175.7402747725204,180.27099781019857,121946500,304.014,3.6,5.08,3.69,-0.007571187098919352,176.72144775390626,172.3656234741211,0.008393896978264833,1.0030496778308189,1.028397586842282,0.00224175331482801,0.0,0
2023-06-06,176.89517211914062,177.79340630920336,175.13815031318512,177.64534986625156,64848400,304.014,3.6,5.08,3.7,-0.0020603537748375977,177.0985107421875,172.65926284790038,0.008424972022103088,0.9988518332413145,1.0245333450483438,0.00224175331482801,0.0,0
2023-06-07,175.5231475830078,178.86935913776645,175.02960596689772,176.135134367242,61944600,304.014,3.6,5.08,3.79,-0.007756144612068527,177.21104431152344,172.96956558227538,0.008276400712693616,0.9904752170776194,1.0147631867614177,0.00224175331482801,0.0,1
2023-06-08,178.23764038085938,178.5041420299357,175.1678106866245,175.6021146908698,50214900,304.014,3.6,5.08,3.73,0.015465155651722906,177.305810546875,173.32737045288087,0.008621507859720745,1.0052554951871588,1.0283294549219124,0.00224175331482801,0.0,1
2023-06-09,178.62257385253906,179.8761586114367,178.29683460490384,179.15559212759166,48900000,304.014,3.6,5.08,3.75,0.0021596643158940942,177.3077850341797,173.6950584411621,0.008618349622653294,1.0074152909761178,1.0283687714296497,0.00224175331482801,0.0,1
2023-06-12,181.41600036621097,181.5147147030887,178.6324337942364,178.92856174317663,54274900,304.014,3.6,5.08,3.73,0.015638709337925105,178.13890686035157,174.2488105773926,0.00892718201939902,1.0183962816636594,1.0411319294810053,0.00224175331482801,0.0,0
2023-06-13,180.94223022460935,181.77137654932005,180.08347260699438,180.43882318354116,54929100,304.014,3.6,5.08,3.84,-0.002611512439064101,178.9483184814453,174.80355072021484,0.008917144484797674,1.0111423888197686,1.0351175904556988,0.00224175331482801,0.0,1
2023-06-14,181.5739593505859,182.00827838693,179.66889592317074,181.00144926283193,57462900,304.014,3.6,5.08,3.83,0.0034913304936741163,180.15848083496093,175.38987731933594,0.008885184492988446,1.007856851973134,1.0352590589934132,0.00224175331482801,0.0,1
2023-06-15,183.6073455810547,184.1107676661695,181.4061542027307,181.5838370156226,65433200,304.014,3.6,5.08,3.72,0.011198666580501726,181.232421875,176.04727478027343,0.009055861253214788,1.0131042982347427,1.0429434128430393,0.00224175331482801,0.0,0
2023-06-16,182.53143310546875,184.57470266619663,181.88983501651188,184.31805138125785,101256200,304.014,3.6,5.08,3.77,-0.0058598552916335755,182.01419372558593,176.53440170288087,0.008984045537886159,1.00284175299352,1.0339708937450123,0.00224175331482801,0.0,1
2023-06-20,182.62026977539065,183.6962019831319,182.02802885230537,182.02802885230537,49799100,304.014,3.6,5.08,3.74,0.00048669244748977825,182.2550476074219,177.0205406188965,0.008985892424695281,1.002003907012526,1.0316332168962792,0.00224175331482801,0.0,0
2023-06-21,181.58383178710935,183.015099412311,180.23151756348105,182.51167734169172,49515700,304.014,3.6,5.08,3.72,-0.005675372123565725,182.38336791992188,177.50223693847656,0.00899541269102906,0.9956161784820007,1.0229946107667787,0.00224175331482801,0.0,1
2023-06-22,184.58453369140625,184.63389085713817,181.29754526800113,181.36664831236425,51245300,304.014,3.6,5.08,3.8,0.01652516016852723,182.98548278808593,178.26426467895507,0.008445753168528924,1.0087386763089408,1.0354544923730713,0.00224175331482801,0.0,0
2023-06-23,184.26869201660156,185.13733008755815,182.620264813178,183.15329819733583,53117000,304.014,3.6,5.08,3.74,-0.0017110950115285517,183.1177520751953,178.9966796875,0.00853502989671461,1.0062852450314792,1.0294531291770643,0.00224175331482801,0.0,0
2023-06-26,182.8769073486328,185.6209974197008,182.83741558637175,184.4167547195407,48088700,304.014,3.6,5.08,3.72,-0.007553017567647147,183.1868469238281,179.60274810791014,0.008901286906510377,0.9983080686173709,1.018230006362461,0.00224175331482801,0.0,1
2023-06-27,185.63088989257812,185.95662920109737,183.27176132029933,183.48892085931217,50730800,304.014,3.6,5.08,3.77,0.015059214330955362,183.78897094726562,180.22609329223633,0.00896363795003999,1.010021923164481,1.0299889794069825,0.00224175331482801,0.0,1
2023-06-28,186.80552673339844,187.44712489565077,185.1768452066367,185.5025694626316,51216800,304.014,3.6,5.08,3.71,0.00632780913510711,184.83330993652345,180.81587677001954,0.00883343127906481,1.010670245517717,1.0331256860314162,0.00224175331482801,0.0,1
2023-06-29,187.14109802246097,187.61490879718235,186.49949997485513,186.63769101872532,46347300,304.014,3.6,5.08,3.85,0.001796367029019752,185.34462280273436,181.42490768432617,0.008801194069430373,1.0096926211969939,1.0315071971709684,0.00224175331482801,0.0,1
2023-06-30,191.4645233154297,191.96793030893548,188.7895213028153,189.15475231695297,85213200,304.014,3.6,5.08,3.81,0.023102489718478614,186.7837890625,182.10994338989258,0.009453501445660734,1.0250596386143738,1.0513677603287659,0.0,0.0,0
2023-07-03,189.97401428222656,191.3756704342447,189.2830440838622,191.27695610256632,31458200,304.609,3.5,5.12,3.86,-0.007784779171583489,188.20321044921874,182.67800903320312,0.009793669865336712,1.009408999074889,1.0399391546231345,0.001957146710348745,-0.02777777777777779,0
2023-07-05,188.85861206054688,190.4872931571664,188.15777642969255,189.09551742767215,46920300,304.609,3.5,5.12,3.95,-0.005871341014159093,188.8487548828125,183.2579200744629,0.009702837704750934,1.0000521961489262,1.0305618004602926,0.001957146710348745,-0.02777777777777779,1
2023-07-06,189.3324279785156,189.53972207962792,186.756140199604,187.3878728511301,45094300,304.609,3.5,5.12,4.05,0.002508839352355352,189.35413513183593,183.87978286743163,0.009625488603728617,0.9998853621374298,1.0296533149324798,0.001957146710348745,-0.02777777777777779,0
2023-07-07,188.21701049804688,190.1813114167851,187.7827065576724,188.9375920522482,46815000,304.609,3.5,5.12,4.06,-0.005891317680642105,189.56931762695314,184.51447601318358,0.009519705319993618,0.9928664240298242,1.0200663631649083,0.001957146710348745,-0.02777777777777779,0
2023-07-10,186.1737518310547,187.53593138541007,184.62402407003376,186.8153498480431,59922200,304.609,3.5,5.12,4.01,-0.010855866117443158,188.51116333007812,184.91128158569336,0.009603364466207598,0.9876006733090353,1.0068274376475848,0.001957146710348745,-0.02777777777777779,0
2023-07-11,185.6506195068359,186.85486227702737,184.18974051380027,186.71667122446576,46638100,304.609,3.5,5.12,3.99,-0.0028099144969345735,187.646484375,185.2626838684082,0.009669184049836492,0.9893636969815247,1.0020939761333871,0.001957146710348745,-0.02777777777777779,1
2023-07-12,187.31878662109375,189.22385000348103,186.03557542450565,187.22993768452707,60750200,304.609,3.5,5.12,3.86,0.008985518705454165,187.33851928710936,185.55782318115234,0.00928103304326768,0.9998946683998,1.0094901061553316,0.001957146710348745,-0.02777777777777779,1
2023-07-13,188.0788116455078,188.72042471252908,187.32863389417255,188.0393349477294,41342300,304.609,3.5,5.12,3.76,0.0040573881462910855,187.08779602050782,185.91465225219727,0.009239844830497161,1.00529706183984,1.0116406069510584,0.001957146710348745,-0.02777777777777779,1
2023-07-14,188.22689819335935,188.71055932283983,187.18059240914323,187.77283329330808,41616200,304.609,3.5,5.12,3.83,0.0007873643317708456,187.0897735595703,186.24729919433594,0.009236292387962107,1.006077962531859,1.010628873586821,0.001957146710348745,-0.02777777777777779,1
2023-07-17,191.4842987060547,191.81003800912129,189.3324492359564,189.4212831199665,50520200,304.609,3.5,5.12,3.81,0.017305712116389982,188.1518829345703,186.64114685058593,0.00965346307840939,1.017711307054223,1.0259490039425545,0.001957146710348745,-0.02777777777777779,0
2023-07-18,191.2276306152344,191.8198865800326,189.93455398917624,190.852549228444,48288200,304.609,3.5,5.12,3.8,-0.0013404132482647269,189.26728515625,187.07595672607422,0.009507983380177066,1.01035755047348,1.0221924503918975,0.001957146710348745,-0.02777777777777779,1
2023-07-19,192.57994079589844,195.66950100927124,190.16157487576123,190.6057743707706,80507300,304.609,3.5,5.12,3.75,0.007071730043996638,190.31951599121095,187.5739402770996,0.009553153068512885,1.0118769995442394,1.0266881450131269,0.001957146710348745,-0.02777777777777779,0
2023-07-20,190.6353759765625,193.93223012421535,190.01350876450033,192.57005054034343,59581200,304.609,3.5,5.12,3.85,-0.010097442191016381,190.83082885742186,188.02651748657226,0.009805092974446128,0.998975779322295,1.0138749497935926,0.001957146710348745,-0.02777777777777779,0
2023-07-21,189.46072387695312,192.4515843269373,188.75988828116408,191.59282688932564,71951700,304.609,3.5,5.12,3.84,-0.0061617739813086825,191.0775939941406,188.27032699584962,0.009398667731920924,0.9915381490660958,1.0063228066796195,0.001957146710348745,-0.02777777777777779,1
2023-07-24,190.26031494140625,192.3924185835724,189.7667732684065,190.91179356457312,45377800,304.609,3.5,5.12,3.86,0.004220352630830426,190.83279724121093,188.56990814208984,0.009390694921887602,0.997000084324703,1.0089643507597335,0.001957146710348745,-0.02777777777777779,1
2023-07-25,191.11903381347656,191.92844922240585,190.4280786239598,190.83278632842445,37283200,304.609,3.5,5.12,3.91,0.004513389312609695,190.8110778808594,188.98201446533204,0.009153412002669547,1.0016139310989558,1.0113080567703259,0.001957146710348745,-0.02777777777777779,1
2023-07-26,191.98768615722656,193.11296042478057,190.8229351880455,191.1684052777898,47471900,304.609,3.5,5.12,3.86,0.004545085470648358,190.692626953125,189.29985427856445,0.008667840014272902,1.0067913438751876,1.01419880585173,0.001957146710348745,-0.02777777777777779,0
2023-07-27,190.7241973876953,194.65278390019768,190.06285351948284,193.4880330742484,47460200,304.609,3.5,5.12,4.01,-0.006581092750378437,190.71039123535155,189.49578781127929,0.00878651383447243,1.0000723932883486,1.0064825165276994,0.001957146710348745,-0.02777777777777779,1
2023-07-28,193.3004913330078,194.0901608500724,191.63231843190331,192.1554712863488,48291400,304.609,3.5,5.12,3.96,0.013507955364864044,191.4783447265625,189.80375747680665,0.009216841788830912,1.0095162019968753,1.0184228905828088,0.001957146710348745,-0.02777777777777779,1
2023-07-31,193.91249084472656,193.95198260711592,192.7378594315981,193.52752900074864,38824100,304.609,3.5,5.12,3.97,0.003166052540779285,192.20877990722656,189.9261558532715,0.007734719144870094,1.008863855950401,1.0209888678762853,0.001957146710348745,-0.02777777777777779,0
2023-08-01,193.08335876464844,194.1888872056883,192.7576194786216,193.70522604358104,35175100,306.082,3.7,5.33,4.05,-0.0042758054237055365,192.60164489746094,190.08162307739258,0.007571058069538067,1.00250108906102,1.015791824789047,0.004835707415079771,0.05714285714285716,0
2023-08-02,190.0924835205078,192.65889079076135,189.3719170053564,192.52069974591456,50389300,306.082,3.7,5.33,4.08,-0.015490072594947168,192.22260437011718,190.14331665039063,0.008291040419528058,0.9889184684777869,0.9997326588660684,0.004835707415079771,0.05714285714285716,0
2023-08-03,188.70066833496097,189.8851650044284,188.22687267951244,189.095510599245,61235200,306.082,3.7,5.33,4.2,-0.007321779166490239,191.81789855957032,190.1117286682129,0.008446774880612561,0.9837490127458502,0.9925777312997109,0.004835707415079771,0.05714285714285716,0
2023-08-04,179.6392822265625,184.95966022717985,179.57017917093492,183.12368481919472,115956800,306.082,3.7,5.33,4.05,-0.04801989409127938,189.08565673828124,189.68284225463867,0.013624372322282611,0.9500418240353696,0.9470507721800517,0.004835707415079771,0.05714285714285716,0
2023-08-07,176.5398406982422,180.7645556934903,175.0592158617292,179.77747246914834,97576100,306.082,3.7,5.33,4.09,-0.017253695794727575,185.6111267089844,189.20114669799804,0.013909448433419229,0.9511274664855364,0.9330801835997021,0.004835707415079771,0.05714285714285716,1
2023-08-08,177.47755432128906,177.941484609179,175.2862285117603,177.36897457174686,67823000,306.082,3.7,5.33,4.02,0.005311626085862997,182.4899658203125,188.7924934387207,0.01401986821465827,0.9725332213390906,0.9400667954994498,0.004835707415079771,0.05714285714285716,0
2023-08-09,175.88833618164062,178.59293417746048,174.7235703168388,178.53371160261662,60378500,306.082,3.7,5.33,4.0,-0.008954473965600562,179.64913635253907,188.22097091674806,0.013842461564939752,0.9790658600021414,0.9344778922612068,0.004835707415079771,0.05714285714285716,0
2023-08-10,175.67120361328125,178.41529378720278,175.30598763799586,177.16169386807627,54686900,306.082,3.7,5.33,4.09,-0.001234491001922633,177.04324340820312,187.60059051513673,0.013749711632431097,0.9922502561040503,0.9364107177429543,0.004835707415079771,0.05714285714285716,1
2023-08-11,175.73048400878906,176.55087114534,174.50485775151037,175.26594233781003,52036700,306.082,3.7,5.33,4.16,0.00033745084162073447,176.26148376464843,186.97576980590821,0.013743012841915493,0.9969874317149833,0.9398569889093522,0.004835707415079771,0.05714285714285716,1
2023-08-14,177.3811798095703,177.60851131506328,175.25607590732963,175.90843422608452,43675600,306.082,3.7,5.33,4.19,0.009393337815530645,176.42975158691405,186.27061386108397,0.013221470037581723,1.005392674501316,0.9522767769577267,0.004835707415079771,0.05714285714285716,0
2023-08-15,175.3944549560547,177.40093867304276,174.99909450146933,176.80789799116474,43622600,306.082,3.7,5.33,4.21,-0.011200313672783624,176.01313171386718,185.478955078125,0.013311075030208095,0.9964850534060252,0.9456299496736831,0.004835707415079771,0.05714285714285716,0
2023-08-16,174.524658203125,176.47182426987777,174.4554618287455,175.0781688700227,46964900,306.082,3.7,5.33,4.28,-0.004959089232026259,175.74039611816406,184.57619094848633,0.013042777187468359,0.9930821942940107,0.9455426363838735,0.004835707415079771,0.05714285714285716,0
2023-08-17,171.98440551757812,175.4537406821077,171.47042491030345,175.08803154260252,66062900,306.082,3.7,5.33,4.3,-0.01455526520837147,175.00303649902344,183.6436424255371,0.013174992521575717,0.9827509794010794,0.9365116224337223,0.004835707415079771,0.05714285714285716,1
2023-08-18,172.46875,173.0716844916875,169.96805819399307,170.30411608587545,61172200,306.082,3.7,5.33,4.26,0.0028162116266545745,174.35068969726564,182.79404373168944,0.01328760875728454,0.9892060094483518,0.9435140581120618,0.004835707415079771,0.05714285714285716,1
2023-08-21,173.80308532714844,174.08973444525807,171.7274205434044,173.0420157807921,46311900,306.082,3.7,5.33,4.34,0.007736678831083532,173.63507080078125,181.97118225097657,0.013432951071048733,1.0009676301313573,0.9551132392349762,0.004835707415079771,0.05714285714285716,1
2023-08-22,175.17698669433594,175.62177093693052,174.2083431088137,175.00895776189057,42038900,306.082,3.7,5.33,4.34,0.007904930827904444,173.5915771484375,181.17407989501953,0.013572423174281593,1.0091329865880692,0.9668987241212508,0.004835707415079771,0.05714285714285716,1
2023-08-23,179.0219268798828,179.44695366375947,176.264252478764,176.45205395893973,52722800,306.082,3.7,5.33,4.19,0.02194888871022682,174.49103088378905,180.52579193115236,0.014679213330993122,1.0259663546782032,0.9916695280204444,0.004835707415079771,0.05714285714285716,0
2023-08-24,174.3368377685547,179.0021629998802,173.97111355320405,178.57713623123834,54945800,306.082,3.7,5.33,4.23,-0.0261704763934959,174.96151733398438,179.7064239501953,0.015532373258347465,0.9964296173527277,0.970120232412344,0.004835707415079771,0.05714285714285716,1
2023-08-25,176.541015625,177.07475372946672,173.78334110152613,175.3252679389123,51449600,306.082,3.7,5.33,4.25,0.01264321347489128,175.77597045898438,178.86845016479492,0.015481119413915386,1.0043523876671991,0.9869880096928743,0.004835707415079771,0.05714285714285716,1
2023-08-28,178.10269165039062,178.49805204021447,176.48168992086147,178.0038440119186,43820700,306.082,3.7,5.33,4.2,0.008845967153082723,176.63589172363282,178.0779602050781,0.015678235074843342,1.008304087648578,1.0001388798775774,0.004835707415079771,0.05714285714285716,1
2023-08-29,181.98716735839844,182.75813070921157,177.4206898063463,177.61837000977968,53003900,306.082,3.7,5.33,4.12,0.021810314442821,177.9979278564453,177.5231506347656,0.016715766059771903,1.0224117187766952,1.0251461102829176,0.0,0.0,1
2023-08-30,185.476318359375,185.67401369107617,182.6000383003729,182.79771855003776,60813900,306.082,3.7,5.33,4.12,0.019172511180995278,179.28880615234374,177.29234237670897,0.017124963047014857,1.0345114251124727,1.0461609106910934,0.0,0.0,1
2023-08-31,185.69371032714844,186.9292303353549,185.30822868786927,185.664059053514,60794500,306.082,3.7,5.33,4.09,0.0011720739860288099,181.5601806640625,177.14199447631836,0.01706744143421374,1.0227667192661265,1.0482760503860835,0.0,0.0,1
2023-09-01,187.2653350830078,187.7199980774023,186.09899615427736,187.29498636168424,45766500,307.276,3.7,5.33,4.18,0.008463532518632633,183.70504455566407,177.52329711914064,0.01300955477058591,1.0193804722997954,1.0548775181734544,0.003900915440960384,0.0,1
2023-09-05,187.5025634765625,187.77931882570883,185.43677709113604,186.09901418245303,45280000,307.276,3.7,5.33,4.27,0.0012668035621730134,185.58501892089845,178.07143325805663,0.012188052773894342,1.0103324318245825,1.0529626231785225,0.003900915440960384,0.0,0
2023-09-06,180.7912139892578,186.66240873519865,179.36789222272253,186.21760937163043,81755800,307.276,3.7,5.33,4.3,-0.03579337456974874,185.3458282470703,178.23711624145508,0.014946776202326801,0.9754263999309384,1.0143297748620592,0.003900915440960384,0.0,0
2023-09-07,175.503173828125,176.1456533918577,171.52973657694065,173.15073850258275,112488800,307.276,3.7,5.33,4.27,-0.029249431122504777,183.3511993408203,178.2178581237793,0.01628910904289725,0.9571967593290345,0.9847676078916353,0.003900915440960384,0.0,1
2023-09-08,176.11598205566406,178.15213198996554,175.7305003611282,176.2840260730559,65551300,307.276,3.7,5.33,4.26,0.0034917216262948525,181.43565368652344,178.24009704589844,0.01630426570543172,0.9706801197958012,0.9880828442901521,0.003900915440960384,0.0,1
2023-09-11,177.28228759765625,178.21140101532347,175.2856831308839,177.9840695669679,58953100,307.276,3.7,5.33,4.29,0.006622371964081886,179.4390441894531,178.31768722534179,0.01636641204368742,0.9879805613012531,0.9941935113459772,0.003900915440960384,0.0,0
2023-09-12,174.25778198242188,178.04341790139725,172.79493020499618,177.4108321261293,90370200,307.276,3.7,5.33,4.27,-0.0170603936592838,176.790087890625,178.16151733398436,0.01668156042747378,0.9856761997325904,0.9780887847725023,0.003900915440960384,0.0,0
2023-09-13,172.1919708251953,175.24617287306006,171.96462426919445,174.46531572894506,84267900,307.276,3.7,5.33,4.25,-0.011854914791896931,175.0702392578125,178.00139312744142,0.016703761415753325,0.9835593505508462,0.9673630514897892,0.003900915440960384,0.0,1
2023-09-14,173.70423889160156,174.06006926639952,171.56925664281374,171.9843895664061,60895800,307.276,3.7,5.33,4.29,0.008782454020120678,174.7104522705078,177.96037216186522,0.0168054416309768,0.9942406801320147,0.9760838145112865,0.003900915440960384,0.0,0
2023-09-15,172.98269653320312,174.45544195430384,171.806494041059,174.43566940930015,109259500,307.276,3.7,5.33,4.33,-0.004153855789602812,174.08379516601562,178.0102867126465,0.016492598847935098,0.9936748929918352,0.9717567435439326,0.003900915440960384,0.0,1
2023-09-18,175.90843200683594,177.3021024660386,174.12927983360214,174.4356864419302,67257600,307.276,3.7,5.33,4.32,0.016913457428218814,173.80902404785155,178.1822708129883,0.016896703099481176,1.012078820248173,0.9872386921786462,0.003900915440960384,0.0,1
2023-09-19,176.9956817626953,177.54919237650395,175.07815207769175,175.46363376102514,51826900,307.276,3.7,5.33,4.37,0.006180771117425099,174.35660400390626,178.34190063476564,0.016868215592341498,1.0151360929163884,0.9924514717669892,0.003900915440960384,0.0,0
2023-09-20,173.4571533203125,177.61837681135137,173.36818440563272,177.18347129792434,58436200,307.276,3.7,5.33,4.35,-0.01999217386064278,174.6096405029297,178.25590896606445,0.01741579873560314,0.993399636014955,0.9730794021158338,0.003900915440960384,0.0,0
2023-09-21,171.9152374267578,174.25779428093645,171.84605612937938,172.5280657800123,63149100,307.276,3.7,5.33,4.49,-0.008889318566800863,174.25184020996093,177.90057449340821,0.016687755248583458,0.9865906564866822,0.9663557181662042,0.003900915440960384,0.0,1
2023-09-22,172.7652130126953,175.02869392842865,172.03379488019485,172.6466079278639,56725400,307.276,3.7,5.33,4.44,0.004944155030467412,174.20834350585938,177.82199325561524,0.015727777229847934,0.9917160655791695,0.9715626838371397,0.003900915440960384,0.0,1
2023-09-25,174.04031372070312,174.9200034718099,172.13266274999066,172.1820865728236,46172700,307.276,3.7,5.33,4.55,0.00738054082631856,173.8347198486328,177.69695816040038,0.01554215942821138,1.001182697405037,0.9794220200640883,0.003900915440960384,0.0,0
2023-09-26,169.96804809570312,173.1705067749598,169.67152023376326,172.7949188930673,64588900,307.276,3.7,5.33,4.56,-0.023398404300368547,172.42919311523437,177.29022598266602,0.016170706496235837,0.9857266337847649,0.9586994835931971,0.003900915440960384,0.0,0
2023-09-27,168.45571899414062,171.03548516375096,167.0917152723218,170.62035228476,66921800,307.276,3.7,5.33,4.61,-0.008897725887344166,171.42890625,176.61365356445313,0.015198634559232179,0.9826564415482911,0.9538091511858376,0.003900915440960384,0.0,1
2023-09-28,168.7127227783203,170.03719654623248,165.67827853899746,167.3783551982996,56294400,307.276,3.7,5.33,4.59,0.0015256459425319058,170.7884033203125,175.77547378540038,0.014282800785203857,0.987846478439761,0.9598194739289806,0.003900915440960384,0.0,1
2023-09-29,169.2267303466797,171.06518493104676,168.36679806748614,170.0273449898337,51861100,307.276,3.7,5.33,4.59,0.0030466437853342576,170.08070678710936,174.95212478637694,0.014328937510132622,0.9949789928760198,0.9672745075449174,0.003900915440960384,0.0,1
2023-10-02,171.73728942871094,172.28092127496365,168.94994891630552,169.2365980179806,52164500,307.696,3.9,5.33,4.69,0.014835475913811624,169.62010192871094,174.17572250366212,0.014699186866475238,1.0124819374350442,0.9860001552460912,0.0013668493471667986,0.054054054054053946,0
2023-10-03,170.40292358398438,171.61868620307462,168.84123947337378,170.26454593815689,49594600,307.696,3.9,5.33,4.81,-0.007769808462479877,169.7070770263672,173.32074050903321,0.014660652094146532,1.0041002801404038,0.9831652177547858,0.0013668493471667986,0.054054054054053946,1
2023-10-04,171.6483612060547,172.19199313339385,168.98951921036945,169.10812432832188,53020300,307.696,3.9,5.33,4.73,0.007308780834716755,170.34560546875,172.86359786987305,0.012907406039380924,1.0076477214291488,0.9929699677734745,0.0013668493471667986,0.054054054054053946,1
2023-10-05,172.8838653564453,173.41760341955526,170.67968657288918,171.77682905786853,48527900,307.696,3.9,5.33,4.72,0.007197879092521342,171.179833984375,172.73263244628907,0.011421058230774274,1.0099546268529846,1.0008755317858267,0.0013668493471667986,0.054054054054053946,1
2023-10-06,175.43397521972656,175.9281832590251,171.17388925206592,171.78671747657816,57266700,307.696,3.9,5.33,4.78,0.014750421376937162,172.42128295898436,172.6985321044922,0.011905190763118969,1.0174728560711317,1.0158394114987572,0.0013668493471667986,0.054054054054053946,1
2023-10-09,176.91661071777344,176.9759132731787,173.76356081110382,174.76185568517045,42390800,307.696,3.9,5.33,4.78,0.008451244955202775,173.45714721679687,172.68024826049805,0.011966621573500359,1.0199441969182896,1.0245329879934189,0.0013668493471667986,0.054054054054053946,0
2023-10-10,176.32354736328125,177.6381425852869,175.88864186643335,176.03691333055846,43698000,307.696,3.9,5.33,4.66,-0.0033522197383617502,174.64127197265626,172.783536529541,0.011314972898630881,1.0096327481563945,1.0204881258066796,0.0013668493471667986,0.054054054054053946,1
2023-10-11,177.71722412109375,177.76664794425923,175.54271164011269,176.13575227199846,47551100,307.696,3.9,5.33,4.58,0.007904087563194828,175.85504455566405,173.05979919433594,0.011024503154293491,1.0105892871605413,1.0269122288852757,0.0013668493471667986,0.054054054054053946,1
2023-10-12,178.61666870117188,180.2277765858699,176.96600064702005,177.98408304070654,56743100,307.696,3.9,5.33,4.7,0.00506109964594792,177.00160522460936,173.30542068481446,0.010928568756800316,1.009124569658637,1.0306467506634822,0.0013668493471667986,0.054054054054053946,0
2023-10-13,176.77822875976562,179.82253713140665,176.07644667980117,179.31845034069394,51427100,307.696,3.9,5.33,4.63,-0.010292656081734353,177.27045593261718,173.49519729614258,0.011177679547724311,0.9972232983197231,1.0189228953584184,0.0013668493471667986,0.054054054054053946,0
2023-10-16,176.6497344970703,177.0055649122618,174.46532818230494,174.70255348644375,52517000,307.696,3.9,5.33,4.71,-0.0007268670106992392,177.21708068847656,173.5322624206543,0.010546100290404748,0.996798580649212,1.0179647982048379,0.0013668493471667986,0.054054054054053946,0
2023-10-17,175.09791564941406,176.3532083879715,172.77514673671925,174.60370757241088,57549400,307.696,3.9,5.33,4.83,-0.008784722219222996,176.97195434570312,173.43737411499023,0.010634696665861105,0.9894105328541027,1.0095743004810651,0.0013668493471667986,0.054054054054053946,0
2023-10-18,173.80308532714844,175.52293478970745,173.08154578913502,173.54610256783715,54764400,307.696,3.9,5.33,4.91,-0.0073948928373206435,176.18912658691406,173.45467071533204,0.009755209901125241,0.9864574999264294,1.0020086781772986,0.0013668493471667986,0.054054054054053946,0
2023-10-19,173.42750549316406,175.77992569036093,173.16062890788183,174.0007735918687,59302900,307.696,3.9,5.33,4.98,-0.0021609503264997665,175.1512939453125,173.53028411865233,0.00954091925058144,0.9901582887952478,0.9994077193729597,0.0013668493471667986,0.054054054054053946,0
2023-10-20,170.87738037109375,173.38795063159753,170.64015507731645,173.2792242572037,64244000,307.696,3.9,5.33,4.93,-0.014704271475385,173.97112426757812,173.43589248657227,0.010054950420013975,0.9822169115161548,0.9852480817044453,0.0013668493471667986,0.054054054054053946,1
2023-10-23,170.99598693847656,171.99428177951037,167.96154224302492,168.93020088937016,55980100,307.696,3.9,5.33,4.86,0.000694103380595168,172.8403747558594,173.28367614746094,0.009888888575873323,0.9893289526825658,0.9867980108695432,0.0013668493471667986,0.054054054054053946,1
2023-10-24,171.43089294433594,171.65822442721412,169.4639394511676,171.045411263789,43816600,307.696,3.9,5.33,4.83,0.00254336966408375,172.10697021484376,173.35681838989257,0.008356176807280433,0.9960717612443943,0.9888903969082712,0.0013668493471667986,0.054054054054053946,0
2023-10-25,169.1179962158203,171.05528327402416,168.6731969171006,169.88895954662036,57157000,307.696,3.9,5.33,4.95,-0.01349171487584,171.16995239257812,173.38993225097656,0.008683717721966511,0.9880121706638578,0.9753622601975946,0.0013668493471667986,0.054054054054053946,0
2023-10-26,164.95675659179688,169.39475015606334,163.75088778515044,168.39644027726376,70625300,307.696,3.9,5.33,4.86,-0.024605540020194328,169.47580261230468,173.2021339416504,0.010295174502513847,0.9733351549256525,0.95239448174102,0.0013668493471667986,0.054054054054053946,1
2023-10-27,166.27133178710938,167.00276501731565,164.89743422425718,164.97650930984952,58499100,307.696,3.9,5.33,4.84,0.007969210976702001,168.55459289550782,173.0543640136719,0.0104564643961998,0.9864538778257208,0.9608040382846016,0.0013668493471667986,0.054054054054053946,1
2023-10-30,168.31736755371094,169.18717852998205,166.91381853056686,167.06208999172168,51131000,307.696,3.9,5.33,4.88,0.012305403129995174,168.01886901855468,172.88336791992188,0.010270640388968688,1.0017765774576384,0.9735891287800116,0.0,0.0,1
2023-10-31,168.7918243408203,168.92030818010912,165.9550598323106,167.38827526603964,44846000,307.696,3.9,5.33,4.88,0.002818822525595621,167.49105529785157,172.80281295776368,0.010173306454054893,1.0077662000556122,0.9767886381691961,0.0,0.0,1
2023-11-01,171.95477294921875,172.21175573979943,168.1493644262673,169.01917553597846,56934900,308.148,3.7,5.33,4.77,0.01873875479899967,168.05841064453125,172.81813354492186,0.010924004938330886,1.0231845718982127,0.9950042245105101,0.0014689823722116024,-0.05128205128205121,1
2023-11-02,175.51304626464844,175.72060519042475,173.42748778366638,173.48679033388817,77334800,308.148,3.7,5.33,4.67,0.020693076757343,170.16966857910157,172.94959259033203,0.011766791767196926,1.0314002943659908,1.01482197000827,0.0014689823722116024,-0.05128205128205121,0
2023-11-03,174.60369873046875,174.77174274032964,171.34193765305042,172.22162738228718,79829200,308.148,3.7,5.33,4.57,-0.005181082281533245,171.83614196777344,172.90807876586913,0.011362020994923033,1.0161057896843049,1.0098064820146178,0.0014689823722116024,-0.05128205128205121,1
2023-11-06,177.15382385253906,177.35150406781844,174.16881791314302,174.33684685023218,63841300,308.148,3.7,5.33,4.67,0.014605218220530736,173.60343322753906,172.91993942260743,0.011686640525004803,1.0204511544443167,1.0244846513598658,0.0014689823722116024,-0.05128205128205121,1
2023-11-07,179.71380615234375,180.32661925220768,176.89681449142668,177.10437340755996,70530000,308.148,3.7,5.33,4.58,0.014450618361676382,175.78782958984374,173.08945236206054,0.012078717499669269,1.0223336084850714,1.038271273609594,0.0014689823722116024,-0.05128205128205121,1
2023-11-08,180.7713928222656,181.32490334215132,179.4864490685135,180.23765484438456,49340300,308.148,3.7,5.33,4.49,0.005884838191147823,177.55115356445313,173.24216079711914,0.012026491209822623,1.0181369661258972,1.0434607372160627,0.0014689823722116024,-0.05128205128205121,0
2023-11-09,180.29698181152344,181.9871648721256,179.7039261272927,180.84061367506283,53763500,308.148,3.7,5.33,4.62,-0.0026243699477859206,178.50794067382813,173.32617645263673,0.012010019115731721,1.0100221935838936,1.0402178453454292,0.0014689823722116024,-0.05128205128205121,1
2023-11-10,184.4834747314453,184.65174012268164,181.6429882023789,182.07846664625703,66133400,308.148,3.7,5.33,4.61,0.02321998337331177,180.48389587402343,173.7114387512207,0.012735495967953456,1.022160308752497,1.0620110918294314,0.0014689823722116024,-0.05128205128205121,0
2023-11-13,182.89993286132812,184.1172820619318,182.31600272709323,183.9094496896321,43627500,308.148,3.7,5.33,4.63,-0.008583651584091023,181.63311767578125,174.0239486694336,0.01295029781420031,1.006974582618838,1.0510043833607918,0.0014689823722116024,-0.05128205128205121,1
2023-11-14,185.51280212402344,186.17591157835597,184.38452385663777,185.77012344749633,60108400,308.148,3.7,5.33,4.44,0.014285785794554418,182.79291687011718,174.54469299316406,0.012983461762409037,1.014879598731054,1.0628383993965886,0.0014689823722116024,-0.05128205128205121,1
2023-11-15,186.076904296875,187.55158977984928,185.84927335047647,185.91856087001975,53790500,308.148,3.7,5.33,4.53,0.0030407722075938004,183.85401916503906,175.15838394165038,0.012752499679323202,1.0120904897370806,1.0623351284107636,0.0014689823722116024,-0.05128205128205121,1
2023-11-16,187.7594757080078,188.9966236513369,186.7103615664657,187.6209157424311,54412900,308.148,3.7,5.33,4.45,0.009042344172108363,185.34651794433594,175.87498245239257,0.0127370328170673,1.013018630133621,1.0675735291620128,0.0014689823722116024,-0.05128205128205121,0
2023-11-17,187.7396697998047,188.42257785422723,186.63119011836693,188.2939096405235,50922700,308.148,3.7,5.33,4.44,-0.00010548553210665279,185.9977569580078,176.7180969238281,0.012002519035397063,1.009365235744161,1.0623681052921663,0.0014689823722116024,-0.05128205128205121,1
2023-11-20,189.48158264160156,189.93685974559065,187.92773262314063,187.93762437034977,46505100,308.148,3.7,5.33,4.42,0.009278341885092134,187.3140869140625,177.6423767089844,0.012002014385200755,1.0115714507288152,1.0666462932547467,0.0014689823722116024,-0.05128205128205121,0
2023-11-21,188.6799163818359,189.5508734120303,187.78917585688575,189.442003783256,38134500,308.148,3.7,5.33,4.41,-0.004230840003495162,187.94750976562497,178.50482788085938,0.012175687721337959,1.0038968678921272,1.0570017552005246,0.0014689823722116024,-0.05128205128205121,1
2023-11-22,189.34298706054688,190.94632571731435,188.8679265514864,189.52114419013287,39617700,308.148,3.7,5.33,4.42,0.0035142620975572303,188.60072631835936,179.5160774230957,0.011394221654692817,1.0039356197437679,1.0547411116514676,0.0014689823722116024,-0.05128205128205121,0
2023-11-24,188.0167694091797,188.9372000948196,187.3041710904062,188.90750975669584,24048300,308.148,3.7,5.33,4.47,-0.007004313557930186,188.65218505859374,180.66907806396483,0.009440428416862571,0.9966318139955989,1.0406693354720804,0.0014689823722116024,-0.05128205128205121,0
2023-11-27,187.8386383056641,188.70959528304604,186.957789581504,187.9673065232965,40552600,308.148,3.7,5.33,4.39,-0.0009474213607401083,188.67197875976564,181.74744338989257,0.009582139467028655,0.9955831254880587,1.0335146112768387,0.0014689823722116024,-0.05128205128205121,1
2023-11-28,188.4423828125,189.11539919710927,187.45266438364885,187.8287622192218,38415400,308.148,3.7,5.33,4.34,0.0032141656917967776,188.46413879394532,182.75369415283203,0.009490468708819677,0.9998845616912345,1.0311276260982756,0.0014689823722116024,-0.05128205128205121,0
2023-11-29,187.4229431152344,190.11497800569177,187.02706184977393,188.93721085337887,43014200,308.148,3.7,5.33,4.27,-0.005409821729329023,188.21274414062503,183.68525009155275,0.009795656187332082,0.9958036793470239,1.0203483568866782,0.0014689823722116024,-0.05128205128205121,1
2023-11-30,187.9969787597656,188.36318478193425,186.2550800746654,187.888109148078,48794400,308.148,3.7,5.33,4.37,0.0030627821492390517,187.94354248046875,184.48736038208008,0.009276667564749944,1.0002843209114376,1.0190236250896374,0.0,0.0,1
2023-12-01,189.27374267578125,189.5904446947665,187.28439912721964,188.37309535289532,45704800,308.741,3.8,5.33,4.22,0.006791406566417191,188.19493713378907,185.1753952026367,0.00848755099145992,1.0057323834446474,1.0221322463962328,0.001924399963653789,0.027027027027026973,0
2023-12-04,187.48231506347656,188.09595062883508,185.52267721747737,188.0266631045601,43389500,308.741,3.8,5.33,4.28,-0.009464744485838894,188.12367248535156,185.8193260192871,0.008775678283020233,0.9965907670555127,1.008949494542978,0.001924399963653789,0.027027027027026973,1
2023-12-05,191.4313201904297,192.40123993854135,188.22462732075607,188.25433276481263,66628400,308.741,3.8,5.33,4.18,0.02106334736487603,188.7214599609375,186.53320083618163,0.009304762578167241,1.0143590465549233,1.026258699964891,0.001924399963653789,0.027027027027026973,0
2023-12-06,190.34263610839844,192.75753614335477,190.1347886146608,192.45072587794945,41089700,308.741,3.8,5.33,4.12,-0.005687073990547908,189.3053985595703,187.06464233398438,0.009194610018076678,1.0054791757483965,1.0175233209948973,0.001924399963653789,0.027027027027026973,1
2023-12-07,192.2725830078125,192.99507315570867,191.59956669458757,191.6391638846083,47477700,308.741,3.8,5.33,4.14,0.010139330519279843,190.1605194091797,187.63970184326172,0.009315310099979596,1.0111067407955914,1.0246903033795092,0.001924399963653789,0.027027027027026973,1
2023-12-08,193.6977996826172,193.97491963358075,191.67876563770596,192.203315195023,53406400,308.741,3.8,5.33,4.23,0.007412479993295751,191.0453308105469,188.30974273681642,0.009259192320153592,1.0138839764406524,1.0286127359503177,0.001924399963653789,0.027027027027026973,0
2023-12-11,191.19378662109375,191.5006120000344,189.45188773429211,191.12451418849048,60943700,308.741,3.8,5.33,4.23,-0.012927421300739539,191.78762512207032,188.64525833129883,0.00874818362899447,0.9969036662266473,1.013509633437588,0.001924399963653789,0.027027027027026973,1
2023-12-12,192.70806884765625,192.71796059458777,189.7488055095461,191.09482308550776,52696900,308.741,3.8,5.33,4.2,0.00792014350112491,192.04297485351563,189.13566513061522,0.008489317141698099,1.003463256048017,1.0188880490338719,0.001924399963653789,0.027027027027026973,1
2023-12-13,195.9246368408203,195.96421892707963,192.8466123940007,193.08413511536145,70404200,308.741,3.8,5.33,4.04,0.016691402764805296,193.159375,189.65625686645507,0.00867781385619546,1.0143159597654543,1.0330512690587323,0.001924399963653789,0.027027027027026973,1
2023-12-14,196.07310485839844,197.567574144968,194.14315707722483,195.98403383047588,66831600,308.741,3.8,5.33,3.92,0.0007577812569776743,193.9194793701172,190.15606689453125,0.008689068356934422,1.011105771814552,1.031116745631624,0.001924399963653789,0.027027027027026973,0
2023-12-15,195.5386505126953,196.36010340669733,194.97450383643803,195.4990533238864,128538400,308.741,3.8,5.33,3.91,-0.002725791209809758,194.28764953613282,190.54502563476564,0.008632073359419847,1.006438911477643,1.0262070597817725,0.001924399963653789,0.027027027027026973,0
2023-12-18,193.8759307861328,194.6083278162061,192.39135323196817,194.07387143964067,55751900,308.741,3.8,5.33,3.95,-0.008503279132810349,194.82407836914064,190.85183868408203,0.008942000850564426,0.9951333141624756,1.0158452343079418,0.001924399963653789,0.027027027027026973,1
2023-12-19,194.9151306152344,194.92502236186388,193.87592334681435,194.1431515248431,40714100,308.741,3.8,5.33,3.93,0.005360128123629515,195.26549072265624,191.12351608276367,0.008807928194844194,0.9982057243902894,1.019838555768453,0.001924399963653789,0.027027027027026973,0
2023-12-20,192.8268585205078,195.64754720416025,192.8268585205078,194.87556797689484,52242800,308.741,3.8,5.33,3.86,-0.01071375058537083,194.64593505859375,191.33086318969725,0.009141038338155954,0.9906544334586882,1.0078188918707136,0.001924399963653789,0.027027027027026973,0
2023-12-21,192.6783447265625,195.0536776254948,191.51048442189503,194.08375795359612,46482500,308.741,3.8,5.33,3.89,-0.0007701924674021754,193.96698303222655,191.49763107299805,0.009132351675334303,0.9933564038295634,1.0061656828178431,0.001924399963653789,0.027027027027026973,0
2023-12-22,191.6094512939453,193.40083883584492,190.9859239896969,193.1731927744169,37149600,308.741,3.8,5.33,3.9,-0.0055475535360971495,193.18114318847657,191.67726516723633,0.009071488035803545,0.991864154706871,0.9996462080506425,0.001924399963653789,0.027027027027026973,0
2023-12-26,191.06512451171875,191.89648427525853,190.84738527337697,191.6193643540786,28919300,308.741,3.8,5.33,3.89,-0.0028408138458239085,192.61898193359374,191.83858947753907,0.009102551333874038,0.9919329995087883,0.9959681471390777,0.001924399963653789,0.027027027027026973,1
2023-12-27,191.16409301757812,191.5105004803971,189.12527563548673,190.5108903848591,48087700,308.741,3.8,5.33,3.79,0.000517983101899322,191.8687744140625,191.97467498779298,0.00908628703231292,0.9963272742079249,0.9957776619740786,0.001924399963653789,0.027027027027026973,1
2023-12-28,191.5896759033203,192.6585735106638,191.18388776405135,192.14391575114956,34049900,308.741,3.8,5.33,3.84,0.002226270001987496,191.621337890625,192.18301162719726,0.008973280883458234,0.999834767945714,0.9969126525864423,0.001924399963653789,0.027027027027026973,0
2023-12-29,190.55047607421875,192.4012445887141,189.7586983598895,191.90638540499623,42672100,308.741,3.8,5.33,3.88,-0.005424090960026273,191.19576416015624,192.31068649291993,0.00907753906343883,0.9966249875421039,0.9908470483320437,0.001924399963653789,0.027027027027026973,0
2024-01-02,183.73130798339844,186.5025222946912,181.99930092657837,185.22577720716953,82488700,309.698,3.7,5.33,3.95,-0.035786675695127945,189.62013549804686,192.03356475830077,0.012075058019201532,0.9689440812855601,0.9567666372003676,0.0030996854969052023,-0.02631578947368407,0
2024-01-03,182.35562133789065,183.9688672168001,181.5440449736598,182.32593099304364,58414500,309.698,3.7,5.33,3.91,-0.007487491710623906,187.87823486328125,191.7772300720215,0.012013622286516755,0.9706053576168129,0.9508721200603816,0.0030996854969052023,-0.02631578947368407,0
2024-01-04,180.0396728515625,181.2075332827541,179.02026413555495,180.277195595857,71983600,309.698,3.7,5.33,3.99,-0.012700176004099561,185.65335083007812,191.20764770507813,0.011035738598199734,0.9697625819657107,0.9415924258911375,0.0030996854969052023,-0.02631578947368407,0
2024-01-05,179.31715393066406,180.88091065327836,178.31754388665928,180.1188384374096,62379700,309.698,3.7,5.33,4.05,-0.004013109496672662,183.19884643554687,190.6563735961914,0.011020659502285163,0.9788115887168074,0.9405253574709036,0.0030996854969052023,-0.02631578947368407,1
2024-01-08,183.6521453857422,183.6917425791316,179.63389106527006,180.21782130157615,59144500,309.698,3.7,5.33,4.01,0.024174995866565574,181.81918029785157,190.2253517150879,0.012271934785014524,1.0100812526208065,0.9654451613831642,0.0030996854969052023,-0.02631578947368407,0
2024-01-09,183.2364501953125,183.2463419418833,180.85122540618832,182.0289926299427,42841800,309.698,3.7,5.33,4.02,-0.0022634921555452214,181.72020874023437,189.70228424072266,0.012061167453127606,1.0083438240886327,0.9659158872478028,0.0030996854969052023,-0.02631578947368407,1
2024-01-10,184.2756500244141,184.48348240733844,182.02898528742008,182.4545720032457,46792900,309.698,3.7,5.33,4.04,0.005671359753989469,182.10421447753907,189.35637741088868,0.011947802644717656,1.0119241366988947,0.973168437968953,0.0030996854969052023,-0.02631578947368407,0
2024-01-11,183.6818084716797,185.12680377786887,181.7320622889632,184.6220377994394,49128400,309.698,3.7,5.33,3.98,-0.003222572014564773,182.8326416015625,188.90506439208986,0.01172983164892288,1.0046445036437626,0.9723498364788737,0.0030996854969052023,-0.02631578947368407,1
2024-01-12,184.0084228515625,184.8199990991005,183.28593272766105,184.1469828082272,40477800,309.698,3.7,5.33,3.96,0.0017781531148914897,183.7708953857422,188.30925369262695,0.010901796949527955,1.0012925195000097,0.9771608099085528,0.0030996854969052023,-0.02631578947368407,0
2024-01-16,181.74197387695312,182.36548612847807,179.0697224204938,180.28708678689063,65603000,309.698,3.7,5.33,4.07,-0.012317093638901988,183.38886108398438,187.5926971435547,0.011050831637519295,0.9910196988121484,0.9688115616669005,0.0030996854969052023,-0.02631578947368407,0
2024-01-17,180.80174255371097,181.04917214343425,178.44622312883942,179.40625114511818,47317400,309.698,3.7,5.33,4.1,-0.005173440692785358,182.90191955566405,186.85585174560546,0.011052685762922803,0.9885174687775,0.967600109200022,0.0030996854969052023,-0.02631578947368407,1
2024-01-18,186.69056701660156,187.1953179109023,183.91935276727983,184.17667408756796,78005800,309.698,3.7,5.33,4.14,0.03257061784756421,183.38490295410156,186.4965835571289,0.013652980483391782,1.0180258244231117,1.0010401448421882,0.0030996854969052023,-0.02631578947368407,1
2024-01-19,189.5904235839844,189.97641309339812,186.87860527237555,187.3833561379468,68903000,309.698,3.7,5.33,4.15,0.015532957094318345,184.56662597656253,186.2303482055664,0.014115358488558421,1.0272194259435605,1.0180425768989545,0.0030996854969052023,-0.02631578947368407,1
2024-01-22,191.896484375,193.32168117146784,190.2832386815117,190.32283587135973,60133900,309.698,3.7,5.33,4.11,0.01216338223957858,186.14423828125,186.183829498291,0.014237856563788965,1.03090209048028,1.0306828734380578,0.0030996854969052023,-0.02631578947368407,1
2024-01-23,193.17323303222656,193.73737977781175,191.83712223283263,193.01488956324005,42355600,309.698,3.7,5.33,4.14,0.0066533196863136634,188.4304901123047,186.2085739135742,0.01431725797545763,1.025169721296671,1.0374024620471283,0.0030996854969052023,-0.02631578947368407,0
2024-01-24,192.5001983642578,194.36087349468033,192.3418398208385,193.41073733606615,53631300,309.698,3.7,5.33,4.18,-0.003484098999660401,190.77018127441406,186.25311126708985,0.014280854327823873,1.0090685927868108,1.0335408469403207,0.0030996854969052023,-0.02631578947368407,0
2024-01-25,192.1735992431641,194.2520137003454,191.124500268323,193.21280647175473,54822100,309.698,3.7,5.33,4.14,-0.0016966170625741794,191.86678771972657,186.30853500366212,0.014269775956708516,1.001599086152866,1.031480384081098,0.0030996854969052023,-0.02631578947368407,0
2024-01-26,190.44158935546875,192.7575265029299,189.96652881027472,192.2725742116348,44594000,309.698,3.7,5.33,4.15,-0.009012735851940623,192.03702087402343,186.27240982055665,0.014423447410638212,0.991692062752831,1.0223821635148675,0.0030996854969052023,-0.02631578947368407,0
2024-01-29,189.7586975097656,190.22386634852867,187.63080907007364,190.03581744325376,47145600,309.698,3.7,5.33,4.08,-0.003585833577709252,191.60946350097657,186.1808609008789,0.014432859916529178,0.9903409468541122,1.0192169946554899,0.0030996854969052023,-0.02631578947368407,0
2024-01-30,186.10662841796875,189.82797900977772,185.54249682198056,188.97682064057707,55859400,309.698,3.7,5.33,4.06,-0.019245858765492896,190.196142578125,185.95866851806642,0.015006552738043844,0.9784984379560882,1.0007956601382524,0.0030996854969052023,-0.02631578947368407,0
2024-01-31,182.50404357910156,185.1762949988752,182.45456974695213,185.11689921687164,55467800,309.698,3.7,5.33,3.99,-0.01935763851879746,188.19691162109376,185.89730529785157,0.013366303520257538,0.9697504704357002,0.981746579309941,0.0,0.0,1
2024-02-01,184.93878173828125,185.0278527702626,181.93004443231115,182.09829474891072,64885400,310.967,3.9,5.33,3.87,0.013340735423894357,186.74994812011718,186.0264633178711,0.013582441056352215,0.9903016498795973,0.9941530814477116,0.0040975401843086345,0.054054054054053946,0
2024-02-02,183.93914794921875,185.40392677166545,177.4070012757119,178.01073002917815,102551700,310.967,3.9,5.33,4.03,-0.005405214523783064,185.4494598388672,186.2214370727539,0.013296016479096751,0.9918559380493169,0.9877442191435593,0.0040975401843086345,0.054054054054053946,1
2024-02-05,185.7503204345703,187.30418539055444,183.9292424150712,186.21548923655905,69668800,310.967,3.9,5.33,4.17,0.009846585164413169,184.6477844238281,186.54309539794923,0.013373414195749165,1.0059710221499951,0.995750177932409,0.0040975401843086345,0.054054054054053946,1
2024-02-06,187.3536834716797,187.36357521832525,184.8496972971495,184.93876832266955,43490800,310.967,3.9,5.33,4.09,0.00863181841817684,184.8971954345703,186.7281723022461,0.012425723617492465,1.0132856965803934,1.0033498489366732,0.0040975401843086345,0.054054054054053946,1
2024-02-07,187.46255493164065,189.0856924097343,186.67077723703076,188.67990426473503,53439000,310.967,3.9,5.33,4.09,0.0005811012516196978,185.88889770507814,186.9394775390625,0.01240180140919245,1.0084655794186224,1.0027981109151696,0.0040975401843086345,0.054054054054053946,0
2024-02-08,186.38377380371097,187.59121634154823,185.42374576060664,187.4427646243276,40962000,310.967,3.9,5.33,4.15,-0.00575464859274466,186.17789611816406,187.04488372802734,0.012448721254981242,1.001105811644881,0.9964655011613274,0.0040975401843086345,0.054054054054053946,1
2024-02-09,187.1468048095703,188.2765227675386,186.30446474496696,186.9485964735415,45155200,310.967,3.9,5.33,4.17,0.004093870353021778,186.81942749023438,187.21813354492187,0.012436669882360422,1.0017523729931836,0.9996190073365172,0.0040975401843086345,0.054054054054053946,0
2024-02-12,185.4621429443359,186.9684387436886,185.10538907399385,186.72069342042812,41781900,310.967,3.9,5.33,4.17,-0.00900182007888739,186.7617919921875,187.29081954956055,0.012633574064168368,0.9930411406209576,0.9902361652876385,0.0040975401843086345,0.054054054054053946,0
2024-02-13,183.3711700439453,184.53063145226375,181.85496988989732,184.09459726813964,56529500,310.967,3.9,5.33,4.31,-0.011274391998253641,185.9652893066406,187.37227935791014,0.01258007080288696,0.9860505190384329,0.9786462046164145,0.0040975401843086345,0.054054054054053946,0
2024-02-14,182.48919677734375,183.85675578337245,180.79462725534452,183.64865818230027,54630500,310.967,3.9,5.33,4.27,-0.004809770622013265,184.97061767578126,187.4566520690918,0.012571666595057035,0.9865847834125365,0.9735007787831548,0.0040975401843086345,0.054054054054053946,0
2024-02-15,182.2018280029297,182.826151079826,179.71447030737514,181.89462620990932,65434500,310.967,3.9,5.33,4.24,-0.0015747166379644906,184.134228515625,187.2322151184082,0.01006049320026086,0.9895054790829868,0.9731328974968478,0.0040975401843086345,0.054054054054053946,0
2024-02-16,180.6657867431641,183.1828875508429,180.03155935687485,181.76577652013776,49752500,310.967,3.9,5.33,4.3,-0.00843043824862666,182.83802490234376,186.78598327636718,0.009370072144468295,0.9881193304273557,0.9672341766451089,0.0040975401843086345,0.054054054054053946,0
2024-02-20,179.92257690429688,180.7847258659811,178.37664837113516,180.15049838773075,53665600,310.967,3.9,5.33,4.27,-0.004113727630809083,181.73011169433593,186.18728790283203,0.008726446013021336,0.9900537408292619,0.9663526384153327,0.0040975401843086345,0.054054054054053946,1
2024-02-21,180.6756896972656,181.24054108716464,179.03065736673128,180.29911202321813,41371400,310.967,3.9,5.33,4.32,0.004185760374971315,181.191015625,185.562410736084,0.00859657865789167,0.9971558969082609,0.9736653505446826,0.0040975401843086345,0.054054054054053946,1
2024-02-22,182.70718383789065,183.29187418944448,180.8144213951088,181.825211247954,52292200,310.967,3.9,5.33,4.33,0.011243870960332192,181.23461303710937,185.07276000976563,0.009190574070287127,1.0081252183349754,0.9872181288497013,0.0040975401843086345,0.054054054054053946,0
2024-02-23,180.87391662597656,183.37117869088897,180.58652357235425,183.3414504606763,45119700,310.967,3.9,5.33,4.26,-0.010033908757198562,180.96903076171876,184.50777587890624,0.009336933725159341,0.9994744176097875,0.980305115946362,0.0040975401843086345,0.054054054054053946,0
2024-02-26,179.5261688232422,181.11172976770857,179.02075870271764,180.59643039937333,40867400,310.967,3.9,5.33,4.28,-0.007451310989861182,180.74110717773436,183.9620048522949,0.009290281087801625,0.9932780186341481,0.9758872163161393,0.0040975401843086345,0.054054054054053946,1
2024-02-27,180.98292541503903,182.2612846793882,177.94060546909574,179.46672518750103,54318900,310.967,3.9,5.33,4.31,0.008114452624626178,180.95317687988282,183.5232162475586,0.009608152450616855,1.0001643990764304,0.9861582044797378,0.0040975401843086345,0.054054054054053946,0
2024-02-28,179.7838134765625,181.46847854843008,178.50545433930714,180.8639793914523,48953900,310.967,3.9,5.33,4.27,-0.0066255528565839494,180.7748016357422,183.2070755004883,0.008820204103525398,0.9945181067814057,0.9813147935767543,0.0040975401843086345,0.054054054054053946,0
2024-02-29,179.11985778808594,180.92345088953732,177.9108594746495,179.63517226295397,136682600,310.967,3.9,5.33,4.25,-0.003693078234560443,180.05733642578124,183.0378662109375,0.007805915566013242,0.9947934438201482,0.9785945471067918,0.0040975401843086345,0.054054054054053946,0
2024-03-01,178.03970336914062,178.90185225837237,175.78026722267666,177.93069482167198,73563100,312.345,3.9,5.33,4.19,-0.006030344330795634,179.49049377441406,182.69291229248046,0.007116405880994033,0.9919171741368275,0.974529888078579,0.004431338373525273,0.0,0
2024-03-04,173.52081298828125,175.30456703921072,172.22261492332544,174.56133114426578,81510100,312.345,3.9,5.33,4.22,-0.025381363231605003,178.28942260742187,182.1719955444336,0.008832812234155482,0.9732535472413263,0.9525109085493756,0.004431338373525273,0.0,0
2024-03-05,168.58572387695312,170.48840604509627,168.0902332564625,169.21995126633416,95132400,312.345,3.9,5.33,4.13,-0.028440905885228962,175.8099822998047,181.31376571655272,0.010002417595583213,0.9589087130983711,0.9298010176486141,0.004431338373525273,0.0,0
2024-03-06,167.59474182128906,169.69563232435493,167.15870765798908,169.5172478388351,68587700,312.345,3.9,5.33,4.11,-0.005878208622145054,173.37216796875,180.3258186340332,0.009490941319625077,0.9666761613749774,0.9293995895364183,0.004431338373525273,0.0,0
2024-03-07,167.475830078125,169.1902233947002,166.97043508778398,167.62447121611535,71765100,312.345,3.9,5.33,4.09,-0.000709519534275449,171.04336242675782,179.32648239135742,0.00945162612597681,0.9791425267954466,0.9339157710829912,0.004431338373525273,0.0,1
2024-03-08,169.19021606445312,172.13343143853632,167.4163663695346,167.4758228221548,76267000,312.345,3.9,5.33,4.09,0.010236617340713572,169.27346496582032,178.46680450439453,0.010090708539510973,0.9995081987517417,0.9480206503069147,0.004431338373525273,0.0,1
2024-03-11,171.19200134277344,172.8073055285168,170.49831753088682,171.3802901891083,60139500,312.345,3.9,5.33,4.1,0.011831566416096617,168.80770263671874,177.6690643310547,0.010585021200635116,1.0141243478159632,0.9635442275070892,0.004431338373525273,0.0,1
2024-03-12,171.66766357421875,172.46045153320196,169.4676841705973,171.58838326620315,59825400,312.345,3.9,5.33,4.16,0.0027785307007008875,169.42409057617186,176.97934036254884,0.010642601228144196,1.0132423493637595,0.9699870234715028,0.004431338373525273,0.0,0
2024-03-13,169.5866241455078,171.62804307697533,169.21995080494636,171.21183277143888,52488700,312.345,3.9,5.33,4.19,-0.012122489380833379,169.8224670410156,176.29011306762695,0.010675576653538731,0.9986112385503689,0.961974674555075,0.004431338373525273,0.0,1
2024-03-14,171.43975830078125,172.73794133442243,170.49832912625453,171.35057361629617,72913500,312.345,3.9,5.33,4.29,0.010927360365894367,170.61525268554686,175.73764114379884,0.011169288070151741,1.0048325434113092,0.9755437547980924,0.004431338373525273,0.0,0
2024-03-15,171.06317138671875,171.06317138671875,168.75418335618096,169.62625165850892,121752700,312.345,3.9,5.33,4.31,-0.0021966136548198234,170.98984375,175.1807083129883,0.011165805371866963,1.0004288420593328,0.9764954887674452,0.004431338373525273,0.0,1
2024-03-18,172.15325927734375,176.107279800922,171.95506605696912,173.98658058844927,75604200,312.345,3.9,5.33,4.34,0.0063724288623217,171.18209533691407,174.75508193969728,0.011283136421786357,1.0056732798983343,0.9851116051477614,0.004431338373525273,0.0,1
2024-03-19,174.49197387695312,175.01719271038215,171.46947815172825,172.76766112194616,55215200,312.345,3.9,5.33,4.3,0.013585073029849681,171.74695739746093,174.4835517883301,0.011818815541344804,1.015982911843612,1.0000482686679444,0.004431338373525273,0.0,1
2024-03-20,177.05862426757812,177.05862426757812,173.51090945491785,174.1352325028599,53423100,312.345,3.9,5.33,4.27,0.014709274779795445,173.241357421875,174.3026985168457,0.012307741373748186,1.0220343854522416,1.0158111479293366,0.004431338373525273,0.0,0
2024-03-21,169.82444763183594,175.8892630091755,169.29922879245808,175.45322885093574,106181300,312.345,3.9,5.33,4.27,-0.040857521996836565,172.91829528808594,173.65856170654297,0.01484578708244925,0.982108037491952,0.9779215373142033,0.004431338373525273,0.0,1
2024-03-22,170.7262420654297,171.48930183291895,168.52626256417108,170.21092760104457,71160100,312.345,3.9,5.33,4.22,0.005310156730488957,172.8509094238281,173.15117797851562,0.014889122518229901,0.9877080926824124,0.9859952675956567,0.004431338373525273,0.0,0
2024-03-25,169.3091583251953,170.38932429506946,167.92177545566648,169.0316847755244,54288300,312.345,3.9,5.33,4.25,-0.008300327606878932,172.28208923339844,172.64032745361328,0.014904356332724094,0.9827438190386956,0.9807045713041003,0.004431338373525273,0.0,0
2024-03-26,168.179443359375,169.8740129173693,168.05061095138228,168.46682128354186,57388400,312.345,3.9,5.33,4.24,-0.006672497678184897,171.01958312988282,172.0001533508301,0.014698813735488984,0.983392897359884,0.9777865896220339,0.004431338373525273,0.0,1
2024-03-27,171.74696350097656,172.0343565405087,168.57582642397568,168.87312383270142,60273300,312.345,3.9,5.33,4.2,0.02121258145669014,169.9572509765625,171.5983108520508,0.015678453068333514,1.0105303687493796,1.0008662827051598,0.004431338373525273,0.0,0
2024-03-28,169.93345642089844,170.67669234048742,168.97220342186947,170.20102558587905,65672700,312.345,3.9,5.33,4.2,-0.010559179872008717,169.979052734375,171.1389907836914,0.015788438055777867,0.9997317533381728,0.9929558170392819,0.004431338373525273,0.0,0
2024-04-01,168.49652099609375,169.70551918920845,167.95147834818596,169.64606274055888,46240500,313.023,3.9,5.33,4.33,-0.008455871227885936,169.53310852050782,170.66183166503907,0.015826178671669713,0.9938856337062404,0.9873122733547404,0.0021706766556210955,0.0,0
2024-04-02,167.3172607421875,167.81275133793278,166.71276161053132,167.55510167176752,49329500,313.023,3.9,5.33,4.36,-0.006998721676476527,169.13472900390624,170.35165405273438,0.01494459218141286,0.9892543165296539,0.9821874737441203,0.0021706766556210955,0.0,1
2024-04-03,168.11996459960938,169.14067408704202,167.05962251511946,167.2677201117247,47691700,313.023,3.9,5.33,4.36,0.00479749581042177,169.12283325195312,170.3283660888672,0.013603669078047805,0.994070175900792,0.9870344468160658,0.0021706766556210955,0.0,0
2024-04-04,167.2974395751953,170.36947196785653,167.2974395751953,168.75416790697062,53704400,313.023,3.9,5.33,4.31,-0.004892488684333007,168.23292846679686,170.3135009765625,0.013583210486107285,0.9944393235014857,0.9822911197052885,0.0021706766556210955,0.0,1
2024-04-05,168.0506134033203,168.85330584999502,167.4262903353845,168.06051777285862,42104800,313.023,3.9,5.33,4.39,0.004502004513861513,167.85635986328126,170.34224014282228,0.01361882853610346,1.0011572605303563,0.9865469261318827,0.0021706766556210955,0.0,0
2024-04-08,166.93080139160156,167.67403738632925,166.72270378093583,167.50557237539863,37425500,313.023,3.9,5.33,4.42,-0.0066635401623391655,167.5432159423828,170.2292694091797,0.01349095513995548,0.9963447368051486,0.9806233791108531,0.0021706766556210955,0.0,1
2024-04-09,168.1397705078125,168.54607640984824,166.83168324813985,167.17851757917794,42373800,313.023,3.9,5.33,4.36,0.007242336981147179,167.7077178955078,170.07665786743163,0.013306424815904199,1.0025762237881854,0.9886116802628562,0.0021706766556210955,0.0,0
2024-04-10,166.266845703125,167.56502882108228,165.60289002910008,167.27765088979615,49709300,313.023,3.9,5.33,4.55,-0.011139094570136066,167.33709411621095,169.80661697387694,0.013471551657173928,0.9936042368923731,0.9791541028622195,0.0021706766556210955,0.0,1
2024-04-11,173.4613494873047,173.87757491447604,166.64340884278624,166.8217782077108,91070300,313.023,3.9,5.33,4.56,0.04327082620563871,168.56987609863282,170.0003532409668,0.016523421723658806,1.0290174822564964,1.0203587591458243,0.0021706766556210955,0.0,1
2024-04-12,174.95774841308594,176.7514221146486,172.63885584160187,172.68839280877705,101670900,313.023,3.9,5.33,4.5,0.00862669943595007,169.95130310058593,170.17625274658204,0.01646046322516212,1.0294581166555512,1.0280973143392942,0.0021706766556210955,0.0,0
2024-04-15,171.132568359375,175.03703722038412,170.94427948721847,173.77848669689703,73531800,313.023,3.9,5.33,4.63,-0.021863450395346096,170.79165649414062,170.17972259521486,0.017239580530428456,1.001996068615015,1.0055990558077625,0.0021706766556210955,0.0,0
2024-04-16,167.85238647460938,172.19287348566485,166.75239682964104,170.20100688366134,73711200,313.023,3.9,5.33,4.67,-0.01916749053796296,170.7341796875,169.9646789550781,0.01769518179733689,0.9831211698901459,0.9875721679736351,0.0021706766556210955,0.0,0
2024-04-17,166.48483276367188,169.1109267558204,166.48483276367188,168.08031301583728,50901200,313.023,3.9,5.33,4.59,-0.00814735935341837,170.77777709960938,169.56432189941407,0.01740989867801744,0.9748623948101072,0.9818388143139631,0.0021706766556210955,0.0,0
2024-04-18,165.53350830078125,167.11908441586118,165.04793714543356,166.5145852231191,43122900,313.023,3.9,5.33,4.64,-0.005714180968311111,169.19220886230468,168.98806610107422,0.016958870670510346,0.9783754784802117,0.9795573860332436,0.0021706766556210955,0.0,0
2024-04-19,163.5118865966797,164.89925413145542,162.60018577080248,164.71098041837104,68149400,313.023,3.9,5.33,4.62,-0.01221276420015327,166.90303649902344,168.6724380493164,0.014668122736240154,0.9796819160784795,0.969404892036197,0.0021706766556210955,0.0,1
2024-04-22,164.34432983398438,165.75152141981465,163.28398774037723,164.0272236912775,48116400,313.023,3.9,5.33,4.62,0.005091025824673023,165.5453887939453,168.35334243774415,0.014662619878813224,0.9927448359104952,0.9761869141074981,0.0021706766556210955,0.0,1
2024-04-23,165.39479064941406,165.5434469330526,163.43265169903057,163.85878156671623,49537800,313.023,3.9,5.33,4.61,0.006391828768846697,165.05386962890626,168.1576240539551,0.014687946149605993,1.0020655136488124,0.9835699783457065,0.0021706766556210955,0.0,1
2024-04-24,167.4956512451172,167.77312477902248,164.71099641624178,165.03800691456527,48251800,313.023,3.9,5.33,4.65,0.012702096525859075,165.25603332519532,168.1234344482422,0.014935651607423127,1.0135524124285054,0.9962659387420599,0.0021706766556210955,0.0,1
2024-04-25,168.35780334472656,169.07131105182287,166.63349053238153,168.0010494911784,50558300,313.023,3.9,5.33,4.7,0.005147310352241252,165.82089233398438,167.9539764404297,0.014139977174377493,1.015299103599277,1.0024043902553275,0.0021706766556210955,0.0,0
2024-04-26,167.77313232421875,169.79472746518425,167.65420428921547,168.34790327634968,44838400,313.023,3.9,5.33,4.67,-0.003472788364378032,166.6731414794922,167.8459602355957,0.013973054711909056,1.006599688677866,0.9995661026856129,0.0021706766556210955,0.0,1
2024-04-29,171.9352264404297,174.4424074952563,171.5388400360099,171.80639405446584,68169400,313.023,3.9,5.33,4.63,0.02480787035773857,168.19132080078126,168.0178955078125,0.014929180051845566,1.0222598028353853,1.0233149624971647,0.0,0.0,0
2024-04-30,168.79383850097656,173.41181476528868,168.46681287321124,171.76678225756265,65934800,313.023,3.9,5.33,4.69,-0.01827076396436722,168.87113037109376,168.09172439575195,0.015455128472951779,0.9995423026425693,1.0041769700902798,0.0,0.0,0
2024-05-01,167.77313232421875,171.1523820898212,167.58484346320657,168.05060587060277,50383100,313.175,3.9,5.33,4.63,-0.006047058268373373,168.92662658691407,168.07438278198242,0.015488530975205816,0.9931716255394359,0.9982076360907751,0.0004855873210594108,0.0,1
2024-05-02,171.469482421875,171.8559644998941,169.34878317714927,170.95416794412498,94214900,313.175,3.9,5.33,4.58,0.022031835768036467,169.54896240234376,168.2829849243164,0.016194057253007342,1.011327229564365,1.0189353516577548,0.0004855873210594108,0.0,1
2024-05-03,181.7261505126953,185.313497878847,181.01264278710423,184.9666483851495,163224100,313.175,3.9,5.33,4.5,0.05981628885765988,172.33956604003907,168.96676177978514,0.020821866791363112,1.0544656383228648,1.075514193433733,0.0004855873210594108,0.0,0
2024-05-06,180.07119750976562,182.53873097916653,178.79282331517493,180.7054248623681,78569700,313.175,3.9,5.33,4.49,-0.009106851150814776,173.96676025390624,169.62378158569337,0.020895512235991863,1.035089676021729,1.0615916932543699,0.0004855873210594108,0.0,1
2024-05-07,180.7549591064453,183.2324120279765,179.68471275097576,181.79549235772296,77305800,313.175,3.9,5.33,4.47,0.003797173596530312,176.358984375,170.254541015625,0.020881566308571853,1.0249262874076093,1.0616748195271728,0.0004855873210594108,0.0,1
2024-05-08,181.0919189453125,181.4189445721307,179.81354466582562,181.20092748758523,45057100,313.175,3.9,5.33,4.48,0.0018641803275158964,179.02274169921876,170.99579467773438,0.020591476691626094,1.0115581809688192,1.0590431144029342,0.0004855873210594108,0.0,1
2024-05-09,182.90541076660156,182.99459544718977,180.4675903156434,180.91352883975787,48983000,313.175,3.9,5.33,4.45,0.010014206221077737,181.30992736816407,171.4679977416992,0.01853387173126071,1.0087997575289838,1.0667029018565422,0.0004855873210594108,0.0,0
2024-05-10,181.64515686035156,183.669493895456,180.7322193628195,183.48094965782863,50759500,313.175,3.9,5.33,4.5,-0.0068901947786452755,181.29372863769532,171.8023681640625,0.01860240641452928,1.0019384466594459,1.0572913447088792,0.0004855873210594108,0.0,1
2024-05-13,184.850341796875,185.66405574980115,183.20307828852305,184.0167922414492,72044800,313.175,3.9,5.33,4.48,0.017645309084610483,182.2495574951172,172.4882568359375,0.018019228769626913,1.0142704560576368,1.0716691396139257,0.0004855873210594108,0.0,1
2024-05-14,185.99154663085935,186.8548800445926,184.8602962551219,186.0709344816443,52393600,313.175,3.9,5.33,4.45,0.006173669049735153,183.296875,173.39521484375,0.01717454401117453,1.0147011324162474,1.0726452099526516,0.0004855873210594108,0.0,1
2024-05-15,188.26397705078125,189.18683240943687,185.9320062923224,186.4678704903735,70400000,313.175,3.9,5.33,4.36,0.012217923131915498,184.73128662109374,174.48417205810546,0.016938581639336092,1.0191234007747343,1.0789745272028854,0.0004855873210594108,0.0,1
2024-05-16,188.38302612304688,189.6333656572436,188.2044148419799,189.00819589014523,52845200,313.175,3.9,5.33,4.38,0.0006323518398505534,185.82680969238282,175.62664794921875,0.01676018463330605,1.0137559076373082,1.0726335002278045,0.0004855873210594108,0.0,1
2024-05-17,188.41281127929688,189.3455995404723,187.72810435814964,188.0555735439889,41282900,313.175,3.9,5.33,4.42,0.0001581095540452715,187.1803405761719,176.8716941833496,0.01624918848799533,1.0065844025036563,1.06525135154743,0.0004855873210594108,0.0,1
2024-05-20,189.57383728027344,190.44708847543168,187.55941793463836,187.8769693298537,44361300,313.175,3.9,5.33,4.44,0.006162139363524943,188.12503967285156,178.13316955566407,0.016243513793762647,1.0077012481163663,1.064225364389726,0.0004855873210594108,0.0,1
2024-05-21,190.873779296875,191.2508526180576,189.4547462309282,189.62343971650407,42309400,313.175,3.9,5.33,4.41,0.0068571804804460346,189.1014862060547,179.4071189880371,0.016242494689233267,1.0093721795971986,1.0639141878734617,0.0004855873210594108,0.0,0
2024-05-22,189.43490600585935,191.3401840301744,188.8097513226368,190.79440205142183,34648500,313.175,3.9,5.33,4.43,-0.007538349669169109,189.3356719970703,180.50408172607422,0.016517215864180798,1.0005241168119159,1.049477132009337,0.0004855873210594108,0.0,0
2024-05-23,185.44577026367188,189.5341459487459,185.19768892080705,189.51429520164533,51005900,313.175,3.9,5.33,4.47,-0.021058081777516113,188.74822082519532,181.35848007202148,0.0176163031454016,0.9825034082595039,1.0225370778914074,0.0004855873210594108,0.0,1
2024-05-24,188.52197265625,189.11737394472448,186.59685898409072,187.37088671578107,36327000,313.175,3.9,5.33,4.46,0.016588150747274044,188.77005310058593,182.39592208862305,0.017680105649823984,0.9986858061421229,1.0335865544441856,0.0004855873210594108,0.0,1
2024-05-28,188.5319061279297,191.5188000981433,187.64873713728952,190.0402298173639,52280100,313.175,3.9,5.33,4.54,5.269132048502101e-05,188.5616668701172,183.22575607299805,0.017152215444330363,0.9998421697120019,1.0289596297412338,0.0004855873210594108,0.0,1
2024-05-29,188.82960510253903,190.77456966628964,188.05559245514976,188.15483105781396,53068000,313.175,3.9,5.33,4.61,0.0015790376320035104,188.15283203124997,184.22754440307617,0.01630300549810204,1.0035969326848966,1.02498030744737,0.0004855873210594108,0.0,1
2024-05-30,189.8218994140625,190.70506832278696,189.16697622567537,189.29596821795033,49889100,313.175,3.9,5.33,4.55,0.005254972126773394,188.23023071289063,185.32998275756836,0.01606682801664818,1.0084559674348998,1.0242373985561206,0.0,0.0,1
2024-05-31,190.77456665039065,191.09211806054816,188.45252874493116,189.9707854632458,75158300,313.175,3.9,5.33,4.51,0.005018742512159058,189.29598999023438,186.29523696899415,0.015635356820815887,1.0078109243636517,1.024044252307653,0.0,0.0,1
2024-06-03,192.54087829589844,193.49351725389897,191.04247253185537,191.41954585254337,50080500,313.044,4.1,5.33,4.41,0.009258632723012195,190.09977111816406,186.8359733581543,0.009110544253974347,1.0128411894626481,1.0305342961272674,-0.00041829647960411886,0.05128205128205132,1
2024-06-04,192.85841369628903,193.82097037667648,191.54853713018943,193.14618134943933,47471400,313.044,4.1,5.33,4.33,0.0016491843353005908,190.96507263183594,187.47533416748047,0.0086691263688942,1.0099145934822504,1.028713534784259,-0.00041829647960411886,0.05128205128205132,1
2024-06-05,194.3667755126953,195.3888694857623,193.37445009094603,193.9003813531384,54156800,313.044,4.1,5.33,4.29,0.007821083807013185,192.0725067138672,188.15592498779296,0.008723596805877757,1.0119448058344234,1.033009061634946,-0.00041829647960411886,0.05128205128205132,0
2024-06-06,192.9874267578125,194.9919281725913,192.67980832687616,194.1881470745491,41181800,313.044,4.1,5.33,4.28,-0.007096628275302774,192.7056121826172,188.75070037841797,0.009045559492139033,1.0014624097970133,1.0224461491846148,-0.00041829647960411886,0.05128205128205132,1
2024-06-07,195.37892150878903,195.4285408005503,192.65002702042116,193.15610745634936,53103900,313.044,4.1,5.33,4.43,0.012391971804348145,193.62648315429686,189.37437591552734,0.009154458550508435,1.009050612942733,1.031707275940754,-0.00041829647960411886,0.05128205128205132,0
2024-06-10,191.63784790039065,195.7857753291456,190.67529119421684,195.38883614317191,97010200,313.044,4.1,5.33,4.47,-0.01914778513213411,193.4458770751953,189.8740104675293,0.010223566081665586,0.9906535657304195,1.009289514813103,-0.00041829647960411886,0.05128205128205132,1
2024-06-11,205.56021118164065,205.5701441268319,192.14398198197847,192.1638175889916,172373300,313.044,4.1,5.33,4.39,0.07264934058582506,195.98623657226562,190.90950393676758,0.018497181364351307,1.0488502395720265,1.0767416338252371,-0.00041829647960411886,0.05128205128205132,1
2024-06-12,211.43475341796875,218.51002232587345,205.3120931521647,205.7784872423207,198134300,313.044,4.1,5.33,4.31,0.02857820685510548,199.39983215332032,192.18166427612306,0.01920616943575644,1.0603557241482264,1.100181717201612,-0.00041829647960411886,0.05128205128205132,1
2024-06-13,212.59576416015625,215.08649505325084,209.97602614095345,213.09192677850285,97862700,313.044,4.1,5.33,4.24,0.005491106468634266,203.32149963378907,193.39825363159179,0.019161484735240583,1.0456137916701944,1.0992641358858088,-0.00041829647960411886,0.05128205128205132,0
2024-06-14,210.8592071533203,213.51863167298376,209.67833763090172,212.20877015870124,70122700,313.044,4.1,5.33,4.2,-0.008168351865786572,206.4175567626953,194.52206268310547,0.019397248258435765,1.021517793642579,1.0839860746121615,-0.00041829647960411886,0.05128205128205132,1
2024-06-17,215.0071258544922,217.2696263789355,211.08744385812577,211.73244926121387,93728300,313.044,4.1,5.33,4.28,0.019671508572807195,211.09141235351564,195.85177841186524,0.019587029051107333,1.018549847468067,1.0978053280800153,-0.00041829647960411886,0.05128205128205132,0
2024-06-18,212.64540100097656,216.95210469802015,211.36530791117931,215.9200778138527,79943300,313.044,4.1,5.33,4.22,-0.01098440269888512,212.50845031738282,197.0053565979004,0.019987608855557174,1.0006444481778922,1.0793889296878278,-0.00041829647960411886,0.05128205128205132,0
2024-06-20,208.07077026367188,212.59578653831548,207.24715355520107,212.28815296354617,86172500,313.044,4.1,5.33,4.25,-0.02151295403413722,211.83565368652344,197.86520614624024,0.020904997388303866,0.9822273382344651,1.0515783664859641,-0.00041829647960411886,0.05128205128205132,0
2024-06-21,205.8975830078125,210.2638082936136,205.52049454653311,208.77532033595196,241805100,313.044,4.1,5.33,4.25,-0.010444462012157985,210.4960174560547,198.6883399963379,0.021003128782479685,0.9781542924003196,1.0362841775798595,-0.00041829647960411886,0.05128205128205132,1
2024-06-24,206.5426025390625,211.06760381745957,205.0044951825124,206.12582769938737,80727000,313.044,4.1,5.33,4.25,0.0031327202671704857,209.63269653320313,199.74318161010743,0.02013992676503168,0.9852594845878386,1.0340408161827888,-0.00041829647960411886,0.05128205128205132,1
2024-06-25,207.4654541015625,209.75772308170343,207.0089778092255,207.54482679949032,55549700,313.044,4.1,5.33,4.23,0.004468093028533682,208.12436218261718,200.69035568237305,0.019973205774540127,0.996834065583939,1.0337589636340683,-0.00041829647960411886,0.05128205128205132,1
2024-06-26,211.6133728027344,213.21101716086312,209.0234031325178,209.87680350658064,66213200,313.044,4.1,5.33,4.32,0.019993298253603964,207.91795654296874,201.84442901611328,0.020210425070553064,1.0177734348740675,1.0483983820323388,-0.00041829647960411886,0.05128205128205132,1
2024-06-27,212.45684814453125,214.0842609953053,210.72027890747495,213.0423164247351,49772700,313.044,4.1,5.33,4.29,0.003985926459303402,208.79517211914063,203.0257911682129,0.020189994597472814,1.0175371680687197,1.0464525069551605,-0.00041829647960411886,0.05128205128205132,0
2024-06-28,209.00355529785156,214.411740437408,208.68601906723535,214.1140398112984,82542700,313.044,4.1,5.33,4.36,-0.01625409054515603,209.41636657714844,203.98487396240233,0.020801015923562614,0.998028753501724,1.0246032033550403,-0.00041829647960411886,0.05128205128205132,1
2024-07-01,215.0865173339844,215.84067914098924,210.29358412725625,210.46227761796723,60402900,313.569,4.2,5.33,4.48,0.029104586414637756,211.12514953613282,205.20047149658203,0.02148656900687275,1.0187631260726406,1.0481775005939353,0.0012580825417098929,0.0769230769230771,1
2024-07-02,218.57952880859375,218.6886852126113,213.44920810314017,214.4911377013164,58046200,313.569,4.2,5.33,4.43,0.016240029909385,213.34796447753905,206.5024040222168,0.021594809902305376,1.024521276047166,1.0584841849350946,0.0016770805381991494,0.024390243902439046,1
2024-07-03,219.8496856689453,219.8496856689453,217.34902153194005,218.31157833867707,37369800,313.569,4.2,5.33,4.36,0.0058109598244391325,214.99522705078124,207.85196762084962,0.021564842366012027,1.0225793785506572,1.057722417475408,0.0016770805381991494,0.024390243902439046,1
2024-07-05,224.60292053222656,224.71207692855523,219.94891212590596,219.94891212590596,60412400,313.569,4.2,5.33,4.28,0.02162038507727848,217.4244415283203,209.36377487182617,0.02181894231191812,1.0330159707595306,1.0727878816176768,0.0016770805381991494,0.024390243902439046,1
2024-07-08,226.07156372070312,226.1013322692385,221.53662969916704,225.34715532852172,59085900,313.569,4.2,5.33,4.28,0.0065388427941917016,220.83804321289062,211.0179817199707,0.021550999727800085,1.0236984553552095,1.071337911006604,0.0016770805381991494,0.024390243902439046,1
2024-07-09,226.92495727539065,227.63943274976205,224.63268810415036,226.180713251394,48076100,313.569,4.2,5.33,4.3,0.0037748823454055724,223.2057312011719,212.59528350830078,0.021548040496980055,1.0166627714001961,1.0674035356317317,0.0016770805381991494,0.024390243902439046,1
2024-07-10,231.19195556640625,231.29119415797783,227.49058625437067,227.5402055501565,62627700,313.569,4.2,5.33,4.28,0.018803565470488337,225.72821655273438,214.57298889160157,0.020711596238277372,1.0242049447654917,1.0774513453937125,0.0016770805381991494,0.024390243902439046,0
2024-07-11,225.8235015869141,230.6065022056456,224.0373128145247,229.61417679228308,64710600,313.569,4.2,5.33,4.2,-0.023220764608092748,226.92297973632813,215.58615341186524,0.015890495826574855,0.9951548399783416,1.0474861117610414,0.0016770805381991494,0.024390243902439046,1
2024-07-12,228.77069091796875,230.8545803134063,226.92496506939617,227.1631286162611,53046500,313.569,4.2,5.33,4.18,0.013050853034976662,227.75653381347655,216.45295028686525,0.015024969773952864,1.0044528123409304,1.0569072429587067,0.0016770805381991494,0.024390243902439046,1
2024-07-15,232.60105895996097,235.409341553401,231.30111515749465,234.66509753137677,62631300,313.569,4.2,5.33,4.23,0.01674326386226488,229.06243286132812,217.45321502685547,0.015289903366453927,1.0154483040035425,1.0696602436125615,0.0016770805381991494,0.024390243902439046,1
2024-07-16,233.01785278320312,234.4567215545301,230.54695713829173,233.19646408342908,43234300,313.569,4.2,5.33,4.17,0.001791882741659867,230.28101196289063,218.5611473083496,0.015011195245647735,1.011884787186681,1.0661449011084196,0.0016770805381991494,0.024390243902439046,0
2024-07-17,227.1234436035156,229.6836449661141,224.9006292447048,227.6890612108438,57345900,313.569,4.2,5.33,4.16,-0.025295955263872516,229.4673095703125,219.16696319580078,0.01604808203353648,0.989785621441303,1.0363032835409898,0.0016770805381991494,0.024390243902439046,0
2024-07-18,222.45948791503903,228.67145424701283,220.56415801938329,228.51267855827928,66034600,313.569,4.2,5.33,4.2,-0.020534893335882654,228.7945068359375,219.6576675415039,0.01661405686457541,0.9723113154747148,1.0127553952698043,0.0016770805381991494,0.024390243902439046,1
2024-07-19,222.58851623535156,225.0594120232064,221.5664222471065,223.09461189863717,49151500,313.569,4.2,5.33,4.25,0.0005800081692259873,227.55807189941407,220.3835548400879,0.01564749718798768,0.9781613738305044,1.010005108579284,0.0016770805381991494,0.024390243902439046,0
2024-07-22,222.2412109375,226.0318862230092,221.3778775132773,225.26779139889447,48201800,313.569,4.2,5.33,4.26,-0.0015603019586344358,225.48610229492186,221.20073623657225,0.015354323776143883,0.9856093509781914,1.004703757856461,0.0016770805381991494,0.024390243902439046,1
2024-07-23,223.28314208984375,225.19833806517673,220.9710219946754,222.6480544130964,39960300,313.569,4.2,5.33,4.25,0.004688289574865445,223.53916015625,222.03776321411132,0.015353966254910109,0.998854705966385,1.0056088606627311,0.0016770805381991494,0.024390243902439046,0
2024-07-24,216.86279296875,223.0747598557794,215.46362561910504,222.28089648286087,61777600,313.569,4.2,5.33,4.28,-0.028754294036718475,221.48703002929688,222.50763015747071,0.01701032532811124,0.9791218607250491,0.9746308152006931,0.0016770805381991494,0.024390243902439046,0
2024-07-25,215.8208465576172,219.15506035064124,212.97286249707204,217.2497823474704,51391200,313.569,4.2,5.33,4.27,-0.00480463428912381,220.1593017578125,222.71800384521484,0.016554681588098058,0.9802940181697712,0.9690318826115599,0.0016770805381991494,0.024390243902439046,1
2024-07-26,216.2872314453125,217.80548795978973,214.35218497553956,217.02154248476683,41601300,313.569,4.2,5.33,4.2,0.0021609816434984275,218.8990447998047,222.9095230102539,0.01654305238758618,0.9880684113679854,0.9702915717753486,0.0016770805381991494,0.024390243902439046,1
2024-07-29,216.56509399414065,217.6169564626723,214.0941983741811,215.29491873308152,36311800,313.569,4.2,5.33,4.17,0.0012846923369973506,217.76382141113282,223.28759994506837,0.01603602499905431,0.9944952866402496,0.9698930618960411,0.0016770805381991494,0.024390243902439046,1
2024-07-30,217.1208038330078,218.63906050664175,214.4613638470993,217.5078101391952,41643800,313.569,4.2,5.33,4.15,0.0025660175821418107,216.53135375976564,223.38931427001953,0.014709693413062183,1.0027222388952324,0.9719390765959615,0.0,0.0,1
2024-07-31,220.37562561035156,222.10227724921992,218.93675681546983,219.74053796301217,50036300,313.569,4.2,5.33,4.09,0.014990833305163598,217.23392028808593,223.47911911010743,0.01464216975345686,1.014462314716317,0.9861128256093278,0.0,0.0,0
2024-08-01,216.6841583251953,222.7571844619209,215.35444602521784,222.64802807062824,62501000,314.062,4.2,5.33,3.99,-0.016750796622504782,217.40658264160157,223.32084274291992,0.015075129300047797,0.9966770816797337,0.9702818405294819,0.001572221743858515,0.0,1
2024-08-02,218.1726531982422,223.86860618805187,216.0391597412521,217.46809553371503,105568600,314.062,4.2,5.33,3.8,0.006869421763694206,217.7836669921875,222.99932937622071,0.014269244772536906,1.0017861128496317,0.9783556471157119,0.001572221743858515,0.0,0
2024-08-05,207.6639404296875,211.8614726265992,194.4957781490091,197.562059997048,119548600,314.062,4.2,5.33,3.78,-0.04816695683214689,216.00343627929686,222.0789482116699,0.017544148341611138,0.9613918371241732,0.9350906157559651,0.001572221743858515,0.0,0
2024-08-06,205.6396026611328,208.37843064571763,199.5268892809644,203.72442177434476,69660500,314.062,4.2,5.33,3.9,-0.009748142909963287,213.7071960449219,221.01468048095703,0.017485606172307593,0.9622493133918932,0.9304341332151963,0.001572221743858515,0.0,1
2024-08-07,208.2097015380859,212.00037630720823,204.80601788828693,205.3120983398537,63516400,314.062,4.2,5.33,3.96,0.012498073540767818,211.27401123046874,219.865567779541,0.017090665564664254,0.985496040546889,0.9469863955544762,0.001572221743858515,0.0,1
2024-08-08,211.67291259765625,212.5560815310077,207.22729938249148,211.47445056104476,47161100,314.062,4.2,5.33,3.99,0.016633283819086797,210.27176208496093,219.1580383300781,0.01718741544233713,1.0066635220003015,0.9658459904575877,0.001572221743858515,0.0,1
2024-08-09,214.5804443359375,215.11629337558463,210.3432107490655,210.47221789303097,42201600,314.062,4.2,5.33,3.94,0.013735965091612012,209.5533203125,218.44852600097656,0.017221922054764305,1.0239897130522233,0.9822929376734647,0.001572221743858515,0.0,1
2024-08-12,216.1103973388672,218.0774716082045,214.1929998012183,214.65993379251097,38028100,314.062,4.2,5.33,3.9,0.007129974064805644,211.24261169433595,217.62399291992188,0.01676849296156794,1.0230435782131628,0.9930449048344976,0.001572221743858515,0.0,1
2024-08-13,219.82598876953125,220.44193777769505,217.58072790378117,217.58072790378117,44155300,314.062,4.2,5.33,3.85,0.017193024844787574,214.07988891601562,216.9643997192383,0.01736884632582335,1.02684091384114,1.013189210091591,0.001572221743858515,0.0,1
2024-08-14,220.27305603027344,221.57450454206744,218.2662343099079,219.13056699635615,41960600,314.062,4.2,5.33,3.83,0.002033732513815334,216.49255981445313,216.62188034057618,0.016559077734137406,1.0174624763966966,1.016855064151215,0.001572221743858515,0.0,1
2024-08-15,223.2534637451172,223.87935717471936,221.30624816369337,223.13425172393937,46414000,314.062,4.2,5.33,3.92,0.013530514210662759,218.8086700439453,216.66157913208008,0.016235861426640776,1.0203136086896336,1.0304247972319014,0.001572221743858515,0.0,1
2024-08-16,224.5747833251953,225.34969177239583,222.19043681447835,222.4586790182659,44340200,314.062,4.2,5.33,3.89,0.005918472922716411,220.8075378417969,216.76089248657226,0.016284422725842306,1.0170612177474556,1.0360484345168819,0.001572221743858515,0.0,0
2024-08-19,224.4158172607422,224.51517071380417,221.5844105997713,224.24692851790377,40687800,314.062,4.2,5.33,3.86,-0.0007078535804393438,222.46862182617187,216.86962280273437,0.01627966172560706,1.0087526745056739,1.0347959956792652,0.001572221743858515,0.0,1
2024-08-20,225.0317840576172,225.68748051768907,223.97870407222223,224.29662301984857,30299000,314.062,4.2,5.33,3.82,0.002744756605811416,223.50978088378906,216.95705490112306,0.016259856537415924,1.0068095595987339,1.037218099038882,0.001572221743858515,0.0,0
2024-08-21,224.92247009277344,226.49216057056745,223.58128951157008,225.04169726118823,34765500,314.062,4.2,5.33,3.79,-0.00048577122250326177,224.43966369628907,217.36003875732422,0.014738901160884176,1.0021511634286606,1.0347921880152608,0.001572221743858515,0.0,0
2024-08-22,223.0647125244141,226.84984597984075,222.4388190632393,226.3034322565302,43695300,314.062,4.2,5.33,3.86,-0.00825954635654269,224.40191345214845,217.72223205566405,0.014841890426037743,0.9940410448950138,1.0245380566711448,0.001572221743858515,0.0,1
2024-08-23,225.3596343994141,226.73063334528243,222.866020162344,224.187342377279,38677300,314.062,4.2,5.33,3.81,0.010288143960685003,224.5588836669922,218.17585220336915,0.014964242051295396,1.0035658831186984,1.0329265687448705,0.001572221743858515,0.0,1
2024-08-26,225.6974334716797,225.79678694303573,222.4289104293405,225.28017617856477,30602200,314.062,4.2,5.33,3.82,0.0014989333523096615,224.8152069091797,218.6324691772461,0.014963655474021465,1.0039242299247861,1.032314341602692,0.001572221743858515,0.0,1
2024-08-27,226.54188537597656,227.35654136968387,223.4223774795666,224.52513427640764,35934600,314.062,4.2,5.33,3.83,0.0037415219628664786,225.11722717285156,219.10352325439453,0.014967577773178066,1.0063285170176297,1.0339490758117367,0.001572221743858515,0.0,0
2024-08-28,225.0119171142578,228.35991942602843,224.20719049274723,226.43257756563744,38052200,314.062,4.2,5.33,3.84,-0.006753577861239979,225.13511657714844,219.33533782958983,0.014780774469454375,0.9994527754498557,1.0258808240424913,0.001572221743858515,0.0,1
2024-08-29,228.29039001464844,231.3999685703833,227.38634017099784,228.59837969678284,51906300,314.062,4.2,5.33,3.87,0.014570218957451253,226.1802520751953,219.9156494140625,0.014439977452623503,1.0093294525940824,1.038081603664402,0.0,0.0,0
2024-08-30,227.50552368164065,228.89638108151303,225.9954391052015,228.68776005113656,52990800,314.062,4.2,5.33,3.91,-0.003438017399494675,226.60942993164062,220.3822929382324,0.014467745165874651,1.0039543533129682,1.0323221555073152,0.0,0.0,0
2024-09-03,221.31619262695312,227.5055309941364,219.7266282681139,227.05847075546575,50190600,314.732,4.1,5.13,3.84,-0.027205190250011446,225.73318176269532,221.0649055480957,0.010961543072332913,0.9804326989003078,1.0011367117645127,0.002133336729690294,-0.023809523809523947,0
2024-09-04,219.40872192382812,220.33264539565292,216.06070449558095,220.2134333758585,43840200,314.732,4.1,5.13,3.77,-0.008618757988215542,224.30654907226562,221.75336151123048,0.010893779558260307,0.9781645824934895,0.9894268137744392,0.002133336729690294,-0.023809523809523947,1
2024-09-05,220.92874145507812,224.0085015990201,220.07435325324457,220.1836359939166,36615400,314.732,4.1,5.13,3.73,0.006927799031515747,223.4899139404297,222.3893135070801,0.010716062418874003,0.9885400981181002,0.9934323640422791,0.002133336729690294,-0.023809523809523947,0
2024-09-06,219.37890625,223.77005891628232,218.3357556594125,222.48846914066655,48423000,314.732,4.1,5.13,3.72,-0.007015090906102195,221.7076171875,222.77461318969728,0.01043639564675725,0.9894964775363104,0.9847572086824554,0.002133336729690294,-0.023809523809523947,1
2024-09-09,219.4683532714844,219.82600453136772,215.29576534565257,219.37894424631625,67180000,314.732,4.1,5.13,3.7,0.0004077284503483103,220.10018310546874,223.0190086364746,0.01005548563889749,0.9971293534377408,0.9840791357351164,0.002133336729690294,-0.023809523809523947,0
2024-09-10,218.67355346679688,220.03460793809228,215.31560663834657,217.49131703149231,51591000,314.732,4.1,5.13,3.65,-0.0036214779618105597,219.5716552734375,223.14716644287108,0.010007652144729156,0.9959097552663516,0.9799521856029504,0.002133336729690294,-0.023809523809523947,1
2024-09-11,221.2069091796875,221.63409569372263,216.46803428284608,220.01474349397893,44587100,314.732,4.1,5.13,3.65,0.011585103332009794,219.93129272460936,223.2162124633789,0.00958919583722024,1.005800068008855,0.9909983989894057,0.002133336729690294,-0.023809523809523947,1
2024-09-12,221.31619262695312,222.09110108310472,218.3854475521019,221.04795042006705,37455600,314.732,4.1,5.13,3.68,0.0004940327030058533,220.00878295898437,223.26836929321288,0.009581203979761078,1.0059425339769845,0.9912563670687449,0.002133336729690294,-0.023809523809523947,0
2024-09-13,221.04795837402344,222.57790161811045,220.46181236980377,222.12091208096655,36766600,314.732,4.1,5.13,3.66,-0.0012119956056799719,220.34259338378905,223.1580940246582,0.00906112468774692,1.0032012194256323,0.9905442118966942,0.002133336729690294,-0.023809523809523947,0
2024-09-16,214.9082946777344,215.80241517960704,212.52394807405793,215.126845002842,59357400,314.732,4.1,5.13,3.63,-0.02777525629031341,219.43058166503906,222.67476959228514,0.010782175399490898,0.9793908080041098,0.9651218908690415,0.002133336729690294,-0.023809523809523947,1
2024-09-17,215.3751983642578,215.48448109873988,213.10014982176023,214.3419921866889,45519300,314.732,4.1,5.13,3.65,0.0021725717344858175,218.77091064453126,222.22273864746094,0.010821501716671218,0.9844782276113896,0.9691861403343327,0.002133336729690294,-0.023809523809523947,1
2024-09-18,219.2497711181641,221.25659276615585,216.12031904206836,216.13026348358335,59894900,314.732,4.1,5.13,3.7,0.017989874337124512,218.37948303222657,221.9336380004883,0.011676301788462897,1.0039852099375521,0.9879068945721591,0.002133336729690294,-0.023809523809523947,1
2024-09-19,227.3763885498047,228.32020097310811,223.16406850984052,223.52171975466865,66781300,314.732,4.1,5.13,3.73,0.03706556859875021,219.59152221679688,222.05633392333985,0.01448462773766573,1.0354515796166395,1.0239581304999004,0.002133336729690294,-0.023809523809523947,0
2024-09-20,226.71075439453125,231.56884144729943,226.1345376792504,228.46920754640476,318679900,314.732,4.1,5.13,3.73,-0.0029274550427984547,220.72408142089844,222.2386360168457,0.014360700973177766,1.027122880906759,1.0201230463696085,0.002133336729690294,-0.023809523809523947,0
2024-09-23,224.99203491210935,227.95258288382507,224.336338501163,225.8563523524968,54146000,314.732,4.1,5.13,3.75,-0.00758111139020301,222.74082946777344,222.22025604248046,0.014302196262008626,1.0101068378425053,1.0124731152730695,0.002133336729690294,-0.023809523809523947,1
2024-09-24,225.88616943359375,227.85325878901892,224.25687274556688,227.15781488965328,43556100,314.732,4.1,5.13,3.74,0.003974071890294528,224.84302368164063,222.22969284057618,0.014326398296705112,1.004639440151944,1.016453591535316,0.002133336729690294,-0.023809523809523947,0
2024-09-25,224.8927001953125,225.8066944385944,222.55804543582803,223.462095237407,42308700,314.732,4.1,5.13,3.79,-0.004398096797038842,225.97160949707032,222.14723358154296,0.014334285259658977,0.9952254652513248,1.012358770215168,0.002133336729690294,-0.023809523809523947,1
2024-09-26,226.0352020263672,227.00880227293715,223.9389713421174,225.81663654010725,36636700,314.732,4.1,5.13,3.79,0.0050802086064263285,225.7033721923828,222.19839782714843,0.014296669689485834,1.0014702032617464,1.0172674701381217,0.002133336729690294,-0.023809523809523947,1
2024-09-27,226.3034210205078,228.0221418429688,225.8166284941723,226.9690618971705,34026000,314.732,4.1,5.13,3.75,0.0011866248784970779,225.6219055175781,222.09904937744142,0.01390253063247477,1.0030206087541291,1.0189301649640172,0.002133336729690294,-0.023809523809523947,1
2024-09-30,231.47943115234375,231.47943115234375,228.1512873446241,228.5387415800987,54541900,314.732,4.1,5.13,3.81,0.02287199242722404,226.919384765625,222.29774475097656,0.014809671943248138,1.02009544663374,1.0413035517371205,0.002133336729690294,-0.023809523809523947,0
2024-10-01,224.73374938964844,228.15128705136544,222.2798675150603,228.02214574584625,63285000,315.631,4.1,4.83,3.74,-0.02914160333431859,226.68890075683595,222.46862258911133,0.015008561284361115,0.9913751782259301,1.0101817810268043,0.002856398459641696,0.0,1
2024-10-02,225.30001831054688,225.8861642954019,221.56456176324295,224.4158271126304,32880600,315.631,4.1,4.83,3.79,0.0025197324497827633,226.7703643798828,222.76318740844727,0.014843554360552147,0.9935161454039346,1.0113880167168205,0.002856398459641696,0.0,0
2024-10-03,224.19725036621097,225.3298099915582,221.86259582618192,223.6707104185886,34044200,315.631,4.1,4.83,3.85,-0.004894664246391178,226.40277404785155,222.9266128540039,0.014848501386240128,0.9902584069876528,1.00569980181343,0.002856398459641696,0.0,1
2024-10-04,225.3199005126953,226.5120662505933,222.66732681912907,226.41271278943103,37245100,315.631,4.1,4.83,3.98,0.005007421565833559,226.20606994628906,223.22366256713866,0.014756876930154152,0.9960824683714095,1.0093907515065799,0.002856398459641696,0.0,0
2024-10-07,220.2432556152344,224.2171516536621,219.8856043654075,223.0349151567562,39505400,315.631,4.1,4.83,4.03,-0.022530832322886107,223.95883483886718,223.26240768432618,0.015702458337025577,0.9834095438730692,0.9864771140811104,0.002856398459641696,0.0,1
2024-10-08,224.2966156005859,224.5052366387564,221.79305702807565,222.83620769655573,31855700,315.631,4.1,4.83,4.04,0.018404014116249368,223.87140808105468,223.54356079101564,0.016178601795776813,1.0018993382101624,1.0033687161773104,0.002856398459641696,0.0,1
2024-10-09,228.04200744628903,228.25064364916537,223.36275355639287,223.7601370790405,33591100,315.631,4.1,4.83,4.06,0.016698387693788064,224.41980590820313,223.88531570434571,0.01638717271237103,1.0161402935156603,1.018566165131761,0.002856398459641696,0.0,0
2024-10-10,227.54525756835935,228.00226223679437,225.68746620848788,226.2934858996686,28183500,315.631,4.1,4.83,4.09,-0.002178326193022495,225.08940734863282,224.196768951416,0.016407977581713532,1.0109105543821648,1.0149354900724237,0.002856398459641696,0.0,0
2024-10-11,226.0649871826172,227.9128492283195,225.85635099522128,227.8035664938185,31759200,315.631,4.1,4.83,4.08,-0.0065053888688383354,225.2384246826172,224.4476203918457,0.016496759565163836,1.0036697224337485,1.0072059876952486,0.002856398459641696,0.0,1
2024-10-14,229.79051208496097,230.21769857807328,227.10813563369229,227.20747392643057,39882100,315.631,4.1,4.83,4.08,0.01647988460651928,227.1478759765625,225.19173126220704,0.01532474686485492,1.0116339899593476,1.0204216238179689,0.002856398459641696,0.0,1
2024-10-15,232.32388305664065,235.9401275315396,230.853530735341,232.08544385770335,64751400,315.631,4.1,4.83,4.03,0.011024697881098833,228.75332946777343,226.03916549682617,0.015413043732209416,1.0156087502515248,1.0278036664398442,0.002856398459641696,0.0,0
2024-10-16,230.26739501953125,230.60517253033711,228.3400530967301,230.0885769817669,34082200,315.631,4.1,4.83,4.02,-0.008851815018122933,229.1984069824219,226.59004669189454,0.015290392657122674,1.0046640290880877,1.016229081468159,0.002856398459641696,0.0,1
2024-10-17,230.63497924804688,232.3238971476739,229.0156269629083,231.9066247344228,32993800,315.631,4.1,4.83,4.09,0.001596336417860833,229.81635131835938,226.75297622680665,0.012957183628627059,1.0035620961040908,1.0171199650202487,0.002856398459641696,0.0,1
2024-10-18,233.4663848876953,234.63867690560429,232.4828401919167,234.63867690560429,46431500,315.631,4.1,4.83,4.08,0.012276566411911327,231.296630859375,227.09075775146485,0.013171730798594756,1.0093808285069206,1.0280752382851623,0.002856398459641696,0.0,1
2024-10-21,234.9367218017578,235.3043174814563,232.9199708414818,232.9199708414818,36254500,315.631,4.1,4.83,4.19,0.006297852749850064,232.32587280273438,227.58799209594727,0.013030078766752547,1.011237874488651,1.0322896196681257,0.002856398459641696,0.0,0
2024-10-22,234.32077026367188,234.67842149785605,231.0820505913223,232.36362533760988,38846600,315.631,4.1,4.83,4.2,-0.002621776337739523,232.72525024414062,228.00972213745118,0.013067452371352786,1.0068558096633582,1.0276788553885268,0.002856398459641696,0.0,0
2024-10-23,229.25404357910156,233.60546433739609,226.27362172475395,232.55238437433343,52287000,315.631,4.1,4.83,4.24,-0.02162303699697188,232.5225799560547,228.22778930664063,0.01403715657581936,0.9859431441988521,1.00449662276263,0.002856398459641696,0.0,0
2024-10-24,229.0653076171875,229.3136761173618,226.91940013747097,228.47914643577636,31109500,315.631,4.1,4.83,4.21,-0.0008232612126159999,232.20864562988282,228.37929458618163,0.01401009850982469,0.9864633032755141,1.0030038319903252,0.002856398459641696,0.0,1
2024-10-25,229.8998107910156,231.69799621804017,228.07182235817817,228.2407111108546,38802300,315.631,4.1,4.83,4.25,0.0036430797073065957,231.49533081054688,228.55911407470703,0.014024798606584553,0.9931077658718005,1.005865864162697,0.002856398459641696,0.0,1
2024-10-28,231.8768310546875,233.1981533252385,231.03238723011697,231.79736647290133,36087100,315.631,4.1,4.83,4.28,0.008599486258251243,230.88335266113282,228.57898406982423,0.013184984216916166,1.0043029451110441,1.014427603649931,0.002856398459641696,0.0,1
2024-10-29,232.1450653076172,232.80076177889833,230.80388451731673,231.5787930163908,35417200,315.631,4.1,4.83,4.28,0.0011567962685603561,230.44821166992188,228.94954986572264,0.011236704004396835,1.0073632753554442,1.0139572907820464,0.0,0.0,0
2024-10-30,228.59835815429688,231.94636045913165,228.05194445904857,231.09197226998216,47070900,315.631,4.1,4.83,4.29,-0.015277977796428921,230.31707458496095,229.11446685791014,0.011854758127991008,0.9925376074103005,0.9977473761884563,0.0,0.0,0
2024-10-31,224.43569946289065,228.330115454563,223.89921505082023,227.84330777090057,64370100,315.631,4.1,4.83,4.28,-0.018209486389209162,229.39115295410156,229.12638931274415,0.01254481331789238,0.9783973643822156,0.9795279371183605,0.0,0.0,0
2024-11-01,221.45526123046875,223.8793398684274,218.83249085283651,219.5279195212981,65276700,316.528,4.2,4.64,4.37,-0.013279697657523126,227.70224304199218,228.93315734863282,0.012833582474551741,0.972565128353297,0.9673358974961574,0.0028419261732848256,0.024390243902439046,0
2024-11-04,220.56114196777344,221.33605042122997,218.2761640538016,219.54780947276663,44944500,316.528,4.2,4.64,4.31,-0.00403747130561416,225.43910522460936,228.94905166625978,0.011809804963367124,0.9783623908018269,0.963363422397078,0.0028419261732848256,0.024390243902439046,1
2024-11-05,221.9917449951172,222.4884819564664,219.6968226591573,220.3525190863484,28111300,316.528,4.2,4.64,4.26,0.00648619704531983,223.40844116210937,228.83380813598632,0.011120203406838268,0.9936587169239313,0.970100295945767,0.0028419261732848256,0.024390243902439046,0
2024-11-06,221.2665252685547,224.5946691536601,219.7465112971796,221.15724252476647,54561100,316.528,4.2,4.64,4.42,-0.0032668770029193883,221.94207458496095,228.49503402709962,0.010369893594675455,0.99695619085444,0.96836470083771,0.0028419261732848256,0.024390243902439046,1
2024-11-07,225.99545288085935,226.39285156162416,223.10445516924472,223.16406118155703,42137700,316.528,4.2,4.64,4.31,0.021372087831926123,222.2540252685547,228.41754379272462,0.011553113708439065,1.0168340150770443,0.9893962133045999,0.0028419261732848256,0.024390243902439046,0
2024-11-08,225.72694396972656,227.41770491673495,225.17992905795916,225.93579455138124,38328800,316.528,4.2,4.64,4.3,-0.001188116432034314,223.10836181640624,228.40064163208007,0.011463100030109013,1.0117368176253076,0.9882938259575451,0.0028419261732848256,0.024390243902439046,0
2024-11-11,223.01173400878903,224.4737485807484,220.29657059338743,223.777554778836,42005600,316.528,4.2,4.64,4.3,-0.012028736637225146,223.59848022460938,228.06170272827148,0.011070146179041248,0.9973758935426085,0.9778570068579233,0.0028419261732848256,0.024390243902439046,0
2024-11-12,223.01173400878903,224.36434561359883,222.14646565326132,223.3300027044557,40398300,316.528,4.2,4.64,4.43,0.0,223.80247802734374,227.5960952758789,0.010684695754540258,0.9964667771978016,0.9798574696040678,0.0028419261732848256,0.024390243902439046,1
2024-11-13,223.89691162109375,225.4185978724207,221.54973296285615,222.79294167641655,48566200,316.528,4.2,4.64,4.44,0.003969197478504993,224.32855529785155,227.27757110595704,0.01063577508355106,0.9980758415878679,0.9851254152866354,0.0028419261732848256,0.024390243902439046,1
2024-11-14,226.98008728027344,227.62654977508777,223.77758025105393,223.7974758407695,44923900,316.528,4.2,4.64,4.43,0.013770514460679228,224.52548217773438,227.09482650756837,0.011149139541514804,1.0109324121196899,0.9994947519102065,0.0028419261732848256,0.024390243902439046,0
2024-11-15,223.77755737304688,225.6871240415238,223.0515277694849,225.1699449930133,47923700,316.528,4.2,4.64,4.43,-0.014109298950405691,224.13560485839844,226.61038513183593,0.011088875111712514,0.9984025407940975,0.9874991264979274,0.0028419261732848256,0.024390243902439046,1
2024-11-18,226.7811737060547,228.49183017609323,223.94665165924164,224.0262188410909,44633700,316.528,4.2,4.64,4.42,0.013422330497605106,224.88949279785157,226.20260772705078,0.01147901935123287,1.0084116020035827,1.0025577334621272,0.0028419261732848256,0.024390243902439046,1
2024-11-19,227.03973388671875,228.90952454109907,225.42854034251505,225.7467938634959,36211800,316.528,4.2,4.64,4.39,0.0011401307103171554,225.6950927734375,225.83855590820312,0.011493971454577237,1.0059577773568655,1.0053187462773356,0.0028419261732848256,0.024390243902439046,1
2024-11-20,227.75582885742188,228.68076882556113,224.66272507245372,226.82093350733243,35169600,316.528,4.2,4.64,4.41,0.0031540513127117364,226.4668762207031,225.76364517211914,0.010505258340091923,1.005691572464057,1.0088242005650818,0.0028419261732848256,0.024390243902439046,0
2024-11-21,227.27847290039065,228.9095623011787,224.4837418395179,227.63651765548505,42108300,316.528,4.2,4.64,4.43,-0.0020959110439717765,226.52655334472655,225.6743034362793,0.010512603589560706,1.0033193439999055,1.0071083390518332,0.0028419261732848256,0.024390243902439046,1
2024-11-22,228.62110900878903,229.46649702017743,226.82094518602503,226.82094518602503,38168300,316.528,4.2,4.64,4.41,0.005907449532128961,227.495263671875,225.61036834716796,0.01056978460981999,1.0049488737424348,1.013344868339509,0.0028419261732848256,0.024390243902439046,1
2024-11-25,231.6048126220703,231.98275293866183,228.49182822914253,230.20248468460477,90152800,316.528,4.2,4.64,4.27,0.013050866677261075,228.45999145507812,225.5967674255371,0.010809546830577237,1.01376530370575,1.0266317876142277,0.0028419261732848256,0.024390243902439046,1
2024-11-26,233.7829132080078,234.29015208323423,232.06231657216097,232.06231657216097,45986200,316.528,4.2,4.64,4.3,0.009404383964558116,229.80862731933593,225.67865982055665,0.011011562393207112,1.0172938933365165,1.0359105880631119,0.0028419261732848256,0.024390243902439046,0
2024-11-27,233.6536102294922,234.40949083683984,232.53970008294309,233.19611792325415,33498400,316.528,4.2,4.64,4.25,-0.0005530899446042348,230.98818359375,225.9314224243164,0.01038174890096019,1.0115392337143532,1.034179343989934,0.0028419261732848256,0.024390243902439046,1
2024-11-29,236.04058837890625,236.51797629056327,232.698842645531,233.5342752849028,28481400,316.528,4.2,4.64,4.18,0.010215883876433907,232.74060668945313,226.51166687011718,0.009500952782074547,1.0141787964566764,1.042068126734739,0.0028419261732848256,0.024390243902439046,1
2024-12-02,238.28829956054688,239.4817769036961,235.8715090788613,235.9809120539101,48137100,317.604,4.1,4.48,4.19,0.009522562187620265,234.67404479980468,227.3533187866211,0.008844780678276383,1.015401169583221,1.048096860130679,0.003399383308901438,-0.023809523809523947,1
2024-12-03,241.3316650390625,241.4410680109117,237.60203896586935,238.5070985351772,38861000,317.604,4.1,4.48,4.23,0.012771778908692744,236.61941528320312,228.39184494018554,0.008868765594740247,1.019914890543616,1.0566562265052233,0.003399383308901438,-0.023809523809523947,1
2024-12-04,241.68972778320312,242.78375758332757,239.9392952788925,241.55048900644988,44383900,317.604,4.1,4.48,4.19,0.0014836956604209472,238.20077819824218,229.37674407958986,0.008881737209144376,1.0146470956616995,1.0536801747405609,0.003399383308901438,-0.023809523809523947,1
2024-12-05,241.7195587158203,243.21140922639395,240.81451427308068,242.6644095132275,40033900,317.604,4.1,4.48,4.17,0.0001234265638461185,239.8139678955078,230.39939575195314,0.008761310431174611,1.0079461210580645,1.049132780608741,0.003399383308901438,-0.023809523809523947,0
2024-12-06,241.5206298828125,243.30091318780651,240.76476447856876,241.59025685240857,36870600,317.604,4.1,4.48,4.15,-0.0008229736727332071,240.90997619628905,231.17565460205077,0.007867342091730145,1.002534779572706,1.044749414892194,0.003399383308901438,-0.023809523809523947,1
2024-12-09,245.4094085693359,245.89675186527563,240.43657354260168,240.516140724136,44649200,317.604,4.1,4.48,4.2,0.016101227826419207,242.33419799804688,232.15977783203124,0.008280671074250937,1.0126899570786696,1.057071172539159,0.003399383308901438,-0.023809523809523947,1
2024-12-10,246.4238739013672,246.861485816723,244.0070681600661,245.5486500706556,36914800,317.604,4.1,4.48,4.22,0.004133767070893191,243.3526397705078,233.33038482666015,0.0073473983691289884,1.012620508796435,1.0561156622804788,0.003399383308901438,-0.023809523809523947,0
2024-12-11,245.1508026123047,249.43738355757404,244.92204129682997,246.61281718111215,45205800,317.604,4.1,4.48,4.26,-0.005166184870432078,244.04485473632812,234.43733825683594,0.007619305935941812,1.0045317401883824,1.045698626486416,0.003399383308901438,-0.023809523809523947,1
2024-12-12,246.61285400390625,247.388615093895,244.3452271532981,245.54865996903848,32777500,317.604,4.1,4.48,4.32,0.00596388580425633,245.0235137939453,235.57313537597656,0.007621310242790442,1.006486480359993,1.0468632325596474,0.003399383308901438,-0.023809523809523947,1
2024-12-13,246.7819061279297,247.9355922748061,244.9021751692399,246.47359279661413,33155300,317.604,4.1,4.48,4.4,0.00068549599616885,246.07576904296874,236.56322631835937,0.0073747694344015935,1.0028695921085902,1.0431964002546124,0.003399383308901438,-0.023809523809523947,1
2024-12-16,249.6761016845703,250.01426601000415,246.30452004436617,246.64268436980004,51694800,317.604,4.1,4.48,4.39,0.011727746179009957,246.92910766601562,237.85815353393554,0.006158240267017032,1.0111246261913769,1.0496848561844598,0.003399383308901438,-0.023809523809523947,1
2024-12-17,252.1028289794922,252.45093348613432,248.4229342596344,248.721307383058,51356400,317.604,4.1,4.48,4.4,0.009719501700597988,248.0648986816406,239.1242362976074,0.005960276439226903,1.0162777173203925,1.0542755217239126,0.003399383308901438,-0.023809523809523947,0
2024-12-18,246.7023468017578,252.89849494785605,246.39403346062903,250.7900177691265,56774100,317.604,4.1,4.48,4.5,-0.021421743657520365,248.37520751953124,240.10736694335938,0.008420911872639355,0.9932647838144558,1.0274667951356702,0.003399383308901438,-0.023809523809523947,1
2024-12-19,248.4328765869141,250.6308762664829,245.7475488049507,246.15532490458145,60882300,317.604,4.1,4.48,4.57,0.007014646628176857,248.7392120361328,241.14121932983397,0.008440013578197379,0.9987684472958199,1.030238120539262,0.003399383308901438,-0.023809523809523947,1
2024-12-20,253.10736083984375,253.6145845456153,244.35516822034683,246.69239156062656,147495300,317.604,4.1,4.48,4.52,0.018815884262783023,250.00430297851562,242.43266372680665,0.00887837977692548,1.0124120178107285,1.044031596027284,0.003399383308901438,-0.023809523809523947,1
2024-12-23,253.88311767578125,254.26104280923545,252.07299848460428,253.38583418491564,40858800,317.604,4.1,4.48,4.59,0.0030649319457300983,250.8457061767578,243.69576416015624,0.008893139718091761,1.0121086844392033,1.0418035723794112,0.003399383308901438,-0.023809523809523947,1
2024-12-24,256.7972412109375,256.80716624287646,253.9030320884408,254.101957652135,23234700,317.604,4.1,4.48,4.59,0.01147820919261644,251.7845886230469,244.95538558959962,0.008827634775965763,1.0199084964465208,1.0483429078027207,0.003399383308901438,-0.023809523809523947,1
2024-12-26,257.61273193359375,258.6868812844183,256.23029959445824,256.78725468311694,27237100,317.604,4.1,4.48,4.58,0.003175621041763499,253.96666564941407,246.1468765258789,0.008781741851376732,1.014356475779435,1.0465813565036621,0.003399383308901438,-0.023809523809523947,0
2024-12-27,254.2013702392578,257.29448932345014,251.68511699924173,256.42919055718573,42355300,317.604,4.1,4.48,4.62,-0.01324220922130237,255.1203643798828,247.17426452636718,0.009615385631653773,0.9963978017087787,1.028429762808664,0.003399383308901438,-0.023809523809523947,0
2024-12-30,250.8297882080078,252.1227283114492,249.38766912858335,250.85962400320443,35557500,317.604,4.1,4.48,4.55,-0.013263429807937821,254.66484985351562,247.91372451782226,0.010262430504332162,0.9849407499789871,1.0117624132986471,0.003399383308901438,-0.023809523809523947,0
2024-12-31,249.05946350097656,251.90392569582917,248.07483671879712,251.0684930674946,39480700,317.604,4.1,4.48,4.58,-0.00705787267006408,253.7001190185547,248.45228271484376,0.01038469826955913,0.9817081066594268,1.0024438527169004,0.0,0.0,0
2025-01-02,242.52517700195312,247.74665392379396,240.5062071395791,247.57756417344768,55740700,318.961,4.0,4.33,4.57,-0.02623584909070442,250.8457061767578,248.51195831298827,0.011864956176861733,0.9668300912875039,0.9759094839875065,0.0042726162139017365,-0.024390243902438935,0
2025-01-03,242.0378265380859,242.85336358935697,240.5758118291158,242.0378265380859,40244100,318.961,4.0,4.33,4.6,-0.002009484004472206,247.73072509765626,248.52936325073242,0.011872538004495356,0.9770198123090053,0.9738802022113684,0.0042726162139017365,-0.024390243902438935,1
2025-01-06,243.66891479492188,245.98625772407811,241.87869116125097,242.98266113735735,45045600,318.961,4.0,4.33,4.62,0.006738980762493796,245.62423400878907,248.6268310546875,0.011963880287298254,0.9920393880442708,0.9800588044390306,0.0042726162139017365,-0.024390243902438935,0
2025-01-07,240.8940887451172,244.21593900697977,240.038760486134,241.6598944370817,40856000,318.961,4.0,4.33,4.67,-0.01138768994042616,243.63709411621093,248.59550399780272,0.012253692735205574,0.9887414296207893,0.9690202955048068,0.0042726162139017365,-0.024390243902438935,1
2025-01-08,241.38140869140625,242.38593107741448,238.74581220273615,240.6056476428208,37628900,318.961,4.0,4.33,4.67,0.0020229634891733017,242.1014831542969,248.39410400390625,0.011666867593787046,0.9970257329550033,0.9717678672743789,0.0042726162139017365,-0.024390243902438935,0
2025-01-10,235.56317138671875,238.85518532841937,231.7340828318044,238.70599119102164,61710900,318.961,4.0,4.33,4.77,-0.024103916437598683,240.70908203125,247.85106887817383,0.01270557355913332,0.97862186752113,0.9504222533835633,0.0042726162139017365,-0.024390243902438935,0
2025-01-13,233.12649536132812,233.39503269669683,228.47192915300568,232.2612269401141,49630700,318.961,4.0,4.33,4.79,-0.01034404491604668,238.92681579589845,247.249853515625,0.012821971431257113,0.9757234431168864,0.9428781940475272,0.0042726162139017365,-0.024390243902438935,0
2025-01-14,232.01258850097656,234.8371551382162,231.20699165927476,233.47460320476435,39435300,318.961,4.0,4.33,4.78,-0.004778122103303195,236.59555053710938,246.51984024047852,0.012675878863065919,0.9806295510387716,0.9411517883292874,0.0042726162139017365,-0.024390243902438935,1
2025-01-15,236.57765197753903,237.66174156203553,233.1563390036856,233.36520475508792,39832000,318.961,4.0,4.33,4.66,0.01967593011248714,235.73226318359374,246.00962753295897,0.013638807995509592,1.0035862243993596,0.9616601364344722,0.0042726162139017365,-0.024390243902438935,0
2025-01-16,227.0198516845703,236.7168796666606,226.79110553013876,236.06047699847065,71759100,318.961,4.0,4.33,4.61,-0.040400266944386365,232.85995178222657,244.87681503295897,0.015698559464638537,0.9749201180668542,0.9270777703230695,0.0042726162139017365,-0.024390243902438935,1
2025-01-17,228.7305145263672,231.0279618693864,227.2386640256131,230.85888730040747,68488300,318.961,4.0,4.33,4.61,0.007535300675703516,231.49342041015626,243.70819931030275,0.01560079615319591,0.9880648621507523,0.9385425487270326,0.0042726162139017365,-0.024390243902438935,0
2025-01-21,221.430419921875,223.20074815687613,218.18813661891676,222.78303179337033,98070400,318.961,4.0,4.33,4.57,-0.03191570053347936,229.15420532226562,242.4446029663086,0.016349996985974353,0.9662943763587997,0.9133237746383085,0.0042726162139017365,-0.024390243902438935,1
2025-01-22,222.6139373779297,222.9023551356524,218.5958781281944,218.5958781281944,64126500,318.961,4.0,4.33,4.6,0.0053448729242904225,227.27447509765625,241.15365600585938,0.016288161520760177,0.9794937917347559,0.9231207233802865,0.0042726162139017365,-0.024390243902438935,0
2025-01-23,222.44483947753903,225.7965251191765,221.0922278683752,223.5189735650416,60234800,318.961,4.0,4.33,4.65,-0.000759601588213088,224.44791259765626,239.62052993774415,0.015319277664810971,0.9910755546935831,0.9283212900636372,0.0042726162139017365,-0.024390243902438935,0
2025-01-24,221.56964111328125,224.4041632112556,220.207089142254,223.5587751677507,54697900,318.961,4.0,4.33,4.63,-0.00393445119389324,223.35787048339844,238.00485610961914,0.015172770732518895,0.9919938824351833,0.930945883773194,0.0042726162139017365,-0.024390243902438935,1
2025-01-27,228.61117553710935,230.888727332658,222.76311661057,222.8029077898175,94863400,318.961,4.0,4.33,4.53,0.03178023121059259,223.33400268554686,236.59555282592774,0.0170179842895039,1.0236290613525283,0.9662530542376983,0.0042726162139017365,-0.024390243902438935,1
2025-01-28,236.96551513671875,238.88503723433337,229.55599442275545,229.5957855991,75707600,318.961,4.0,4.33,4.55,0.036543881024107217,226.44102172851564,235.56319198608398,0.01939874337837377,1.0464778569177324,1.0059530656670572,0.0042726162139017365,-0.024390243902438935,1
2025-01-29,238.05953979492188,238.5568232574634,232.73860067537265,232.8480036441672,45486100,318.961,4.0,4.33,4.55,0.004616809570674896,229.53014221191407,234.7561004638672,0.019361414709531247,1.0371602505048467,1.0140717933400973,0.0042726162139017365,-0.024390243902438935,0
2025-01-30,236.29917907714844,239.48179056573835,235.9212539220553,237.37331330002667,55658300,318.961,4.0,4.33,4.52,-0.007394623711739934,232.30101013183594,234.02957000732422,0.01924333012204778,1.017211156090296,1.0096979585517898,0.0042726162139017365,-0.024390243902438935,0
2025-01-31,234.71778869628903,245.8469947494795,232.1716998572169,245.8469947494795,100959800,318.961,4.0,4.33,4.58,-0.006692322787727911,234.9306396484375,233.31248626708984,0.019239249404746448,0.9990939838563969,1.0060232628423944,0.0042726162139017365,-0.024390243902438935,0
2025-02-03,226.77120971679688,230.5704628324937,224.47376244068877,228.7404632470789,73063300,319.679,4.2,4.33,4.54,-0.03385588720663424,234.562646484375,232.52478790283203,0.01979551025963646,0.9667831307143052,0.9752560652224335,0.002251058906888259,0.050000000000000044,1
2025-02-04,231.53518676757812,231.8633956790269,225.4185909783935,226.01533721300711,45067300,319.679,4.2,4.33,4.52,0.021007856582547335,233.47658081054686,231.99965591430663,0.02052203390647088,0.9916848446373983,0.9979979748465658,0.002251058906888259,0.050000000000000044,0
2025-02-05,231.20697021484375,231.4058805611787,227.02979223826367,227.2883741709104,39620300,319.679,4.2,4.33,4.43,-0.001417566622665678,232.10606689453124,231.37655868530274,0.02041970421457306,0.9961263542495163,0.9992670455839494,0.002251058906888259,0.050000000000000044,1
2025-02-06,231.9529266357422,232.5297773409264,229.17807609142312,230.0334043541599,29925300,319.679,4.2,4.33,4.45,0.0032263578394944314,231.23681640625,230.92950057983398,0.02034335247196909,1.0030968694372357,1.004431768368002,0.002251058906888259,0.050000000000000044,0
2025-02-07,226.39328002929688,232.72866665415376,226.0252799376335,231.33627899238985,39707200,319.679,4.2,4.33,4.49,-0.02396885733274734,229.57191467285156,230.18009414672852,0.02091569608020544,0.9861540787857942,0.98354847263631,0.002251058906888259,0.050000000000000044,1
2025-02-10,226.66209411621097,229.58933825388897,226.21404995469493,228.5737755391387,33115600,319.679,4.2,4.33,4.51,0.0011873766168293276,229.5500915527344,229.73504028320312,0.02032837961576162,0.9874188791780117,0.9866239553043192,0.002251058906888259,0.050000000000000044,1
2025-02-11,231.61053466796875,234.2092091135714,227.1400288616486,227.20971719471092,53718400,319.679,4.2,4.33,4.54,0.021831795788583408,229.5651611328125,229.65924224853515,0.02087635983403479,1.0089097732646501,1.008496468072998,0.002251058906888259,0.050000000000000044,1
2025-02-12,235.84210205078125,235.93172304376256,229.67896101319025,230.19670873650108,45243300,319.679,4.2,4.33,4.62,0.018270185287032614,230.4921875,229.8507179260254,0.021238605738204488,1.0232108281361219,1.0260664146660796,0.002251058906888259,0.050000000000000044,1
2025-02-13,240.4818878173828,241.28837041996871,234.5477595362729,235.88194100703416,53614100,319.679,4.2,4.33,4.52,0.01967327176214928,232.19797973632814,230.0459297180176,0.021238482939499537,1.0356760557971325,1.0453646717947032,0.002251058906888259,0.050000000000000044,1
2025-02-14,243.53854370117188,244.48441805735465,239.9442089936196,240.203075232316,40896200,319.679,4.2,4.33,4.47,0.012710545112279759,235.6270324707031,230.87186431884766,0.018986009272972212,1.0335764158615903,1.054864543237849,0.002251058906888259,0.050000000000000044,0
2025-02-18,243.40911865234375,244.11602908498713,240.7905267294893,243.0905000064508,48822500,319.679,4.2,4.33,4.55,-0.000531435586585971,238.9764373779297,231.60579452514648,0.018985693356157032,1.0185486122525291,1.050962991454498,0.002251058906888259,0.050000000000000044,1
2025-02-19,243.807373046875,244.94242536854557,242.1048021606556,243.5982928571997,32204200,319.679,4.2,4.33,4.53,0.0016361523213930251,241.41580505371093,232.7246421813965,0.017100232752830784,1.009906426767013,1.0476216474611233,0.002251058906888259,0.050000000000000044,1
2025-02-20,244.76321411132812,245.70908851524857,243.2298884862767,243.87707690453925,32316900,319.679,4.2,4.33,4.5,0.0039204764503546485,243.2000274658203,233.8321060180664,0.017101527948310574,1.0064275759414851,1.0467476784065621,0.002251058906888259,0.050000000000000044,0
2025-02-21,244.48443603515625,247.6108093619247,244.15586625078137,244.88269415360097,53197400,319.679,4.2,4.33,4.42,-0.0011389704828973501,244.000537109375,234.93408584594727,0.01710833607261449,1.0019831879532477,1.040651190119221,0.002251058906888259,0.050000000000000044,1
2025-02-24,246.0277099609375,247.7800669312537,243.3593319822528,243.86711335623195,51326400,319.679,4.2,4.33,4.4,0.006312360618159429,244.4983703613281,236.15698928833007,0.01698365733554274,1.0062550093783826,1.0417972836728369,0.002251058906888259,0.050000000000000044,0
2025-02-25,245.96795654296875,248.91511822751468,243.84721006662005,246.92379728169456,48013300,319.679,4.2,4.33,4.3,-0.00024287271534673138,245.01013793945313,237.02482833862305,0.015834996139656613,1.003909301923467,1.0377307654520023,0.002251058906888259,0.050000000000000044,0
2025-02-26,239.31695556640625,243.91690216055417,238.0922974197643,243.26972892021308,44433600,319.679,4.2,4.33,4.25,-0.027040111525261312,244.11205444335937,237.14240036010742,0.01528511005230174,0.9803569762751486,1.0091698287737525,0.002251058906888259,0.050000000000000044,0
2025-02-27,236.2702484130859,241.40786042901627,236.0312844149354,238.37109275336516,41153600,319.679,4.2,4.33,4.29,-0.01273084535990987,242.41346130371093,237.0529357910156,0.015535661150281618,0.9746581198189798,0.996698259081593,0.002251058906888259,0.050000000000000044,1
2025-02-28,240.79054260253903,241.03945773883655,229.20105446423008,235.9217631442628,56833400,319.679,4.2,4.33,4.24,0.0191318806316656,241.6746826171875,237.27750396728516,0.016019456000417633,0.9963416109413126,1.0148056118954212,0.002251058906888259,0.050000000000000044,0
2025-03-03,236.9970703125,242.97103338088397,235.08540395372597,240.7407483660274,47184000,319.785,4.2,4.33,4.16,-0.0157542412132885,239.8685546875,237.3914680480957,0.016374614057436006,0.9880289253472971,0.9983386187429626,0.002583387937710402,0.050000000000000044,0
2025-03-04,234.9061737060547,239.02822274747484,233.6615980851158,236.6784633674393,53798100,319.785,4.2,4.33,4.22,-0.008822457609658607,237.65619812011718,237.7982162475586,0.014444272588433877,0.9884285600972521,0.9878382496423221,0.0003315826188146076,0.0,0
2025-03-05,234.7169952392578,235.5234777567522,228.23523611666363,234.3983766092207,47227600,319.785,4.2,4.33,4.28,-0.0008053362915595441,236.7362060546875,237.9573066711426,0.013728397157591192,0.9914706294863777,0.9863828033809321,0.0003315826188146076,0.0,0
2025-03-06,234.30877685546875,236.82779659290307,232.14819548977783,233.42263965762712,45170400,319.785,4.2,4.33,4.29,-0.0017391939743134355,236.34391174316406,238.11239700317384,0.013731285543161336,0.991389095353948,0.9840259465883484,0.0003315826188146076,0.0,1
2025-03-07,238.03256225585935,240.32256924437755,233.74125275300776,234.08974000390756,46273600,319.785,4.2,4.33,4.32,0.015892641540643515,235.7923156738281,238.4163787841797,0.014137299789260609,1.0095009312565137,0.9983901419429418,0.0003315826188146076,0.0,0
2025-03-10,226.4928436279297,235.13518456664028,223.24699590534985,234.5178647329352,72071200,319.785,4.2,4.33,4.22,-0.048479579930437056,233.69147033691405,238.42135696411134,0.017185133609121665,0.9691960228646511,0.9499687717238469,0.0003315826188146076,0.0,0
2025-03-11,219.8816680908203,224.85997074742775,216.5063794973434,222.83878108425105,76137400,319.785,4.2,4.33,4.28,-0.029189335217892576,230.6865692138672,238.08233566284179,0.018390052044627406,0.9531619844195187,0.9235530535209626,0.0003315826188146076,0.0,0
2025-03-12,216.0384063720703,220.78771110845915,213.9773970817033,219.18469713036333,62547500,319.785,4.2,4.33,4.32,-0.017478772796841624,226.9508514404297,237.30372924804686,0.01787498716756727,0.951917144178577,0.9103877425636724,0.0003315826188146076,0.0,0
2025-03-13,208.77008056640625,215.899013195213,207.51555384047248,215.01287598245443,61368300,319.785,4.2,4.33,4.27,-0.03364367441753047,221.84311218261718,235.95012817382812,0.01833804726508113,0.9410708248383685,0.884805963795036,0.0003315826188146076,0.0,1
2025-03-14,212.5635528564453,213.02154815111564,208.67051688888432,210.3332680009786,60107600,319.785,4.2,4.33,4.31,0.018170574441256804,216.7493103027344,234.55421142578126,0.018230447322222548,0.9806884855114749,0.9062448785904902,0.0003315826188146076,0.0,1
2025-03-17,213.0713348388672,214.28604179494317,209.05882446828872,212.3843267022667,48073400,319.785,4.2,4.33,4.31,0.0023888478320872597,214.06500854492188,233.030850982666,0.017814511978355884,0.9953580750408063,0.9143481815406342,0.0003315826188146076,0.0,0
2025-03-18,211.7670135498047,214.21632963340127,210.57222410469132,213.23063555765447,42432400,319.785,4.2,4.33,4.29,-0.006121523995937239,212.44207763671875,231.44874572753906,0.017759588210021382,0.9968223616788928,0.9149628911754671,0.0003315826188146076,0.0,1
2025-03-19,214.30596923828125,217.8106832228152,212.8224296395377,213.29039128502816,54385400,319.785,4.2,4.33,4.25,0.01198938232124358,212.09559020996093,229.9736755371094,0.0181642996199521,1.0104216170931803,0.9318717402666379,0.0003315826188146076,0.0,0
2025-03-20,213.17091369628903,216.5462020975973,211.29906714235267,213.0613904363763,48862900,319.785,4.2,4.33,4.24,-0.005296425228035417,212.9757568359375,228.39406051635743,0.018008427921219497,1.0009163336862885,0.9333470109264154,0.0003315826188146076,0.0,1
2025-03-21,217.3228302001953,217.8903488075446,210.36315756009637,210.6419412957371,94127800,319.785,4.2,4.33,4.25,0.019476937223347646,213.9276123046875,227.03598022460938,0.01891261675086703,1.0158708726701076,0.957217573995079,0.0003315826188146076,0.0,1
2025-03-24,219.7721405029297,220.5188858867363,217.63147647971348,220.04097309502072,44299500,319.785,4.2,4.33,4.34,0.011270377348197247,215.2677734375,225.72320175170898,0.019109811654080985,1.0209244839276301,0.9736355802035568,0.0003315826188146076,0.0,1
2025-03-25,222.77902221679688,223.1275094458969,219.12495024533283,219.81195837594151,34493600,319.785,4.2,4.33,4.31,0.013681814751342891,217.47017517089844,224.5637550354004,0.019557961744661713,1.024411839654456,0.9920524448911082,0.0003315826188146076,0.0,0
2025-03-26,220.5686798095703,224.0435405886843,219.51328206033224,222.54008343913912,34466100,319.785,4.2,4.33,4.35,-0.00992168106867608,218.72271728515625,223.6263412475586,0.018894691830697065,1.0084397384383599,0.9863269173884869,0.0003315826188146076,0.0,1
2025-03-27,222.8786163330078,224.0136687326393,219.6028846724205,220.42928473771144,37094800,319.785,4.2,4.33,4.38,0.010472640655200038,220.6642578125,222.95675964355468,0.019035703435535543,1.010034966887974,0.9996495136067111,0.0003315826188146076,0.0,0
2025-03-28,216.9544219970703,222.8387793372666,216.73537546649092,220.7080664246457,39818600,319.785,4.2,4.33,4.27,-0.026580362142440972,220.590576171875,221.76495361328125,0.01901579663959686,0.9835162759991545,0.9783079718511355,0.0003315826188146076,0.0,1
2025-03-31,221.1660614013672,224.6409066608951,215.29165561007284,216.0682695484103,65299300,319.785,4.2,4.33,4.23,0.019412553869742055,220.8693603515625,220.9734031677246,0.019588684667565227,1.001343332770704,1.0008718616398207,0.0,0.0,1
2025-04-01,222.22146606445312,222.70932997882656,217.95007407622177,218.85612876373423,36412700,320.302,4.2,4.33,4.17,0.004772000986040137,220.75784912109376,220.33916778564452,0.019621568481744588,1.0066299655898374,1.0085427311799589,0.0016167112278562268,0.0,1
2025-04-02,222.9184112548828,224.212772841887,220.06087070560943,220.3595718706985,35905900,320.302,4.2,4.33,4.2,0.003136264028730462,221.22779541015626,219.74923858642578,0.01966015603884312,1.0076419685039675,1.014421768597895,0.0016167112278562268,0.0,0
2025-04-03,202.30825805664065,206.58960121618028,200.37667426890133,204.64805110026137,103419000,320.302,4.2,4.33,4.06,-0.09245603843227068,217.1137237548828,218.1492126464844,0.02813877803216485,0.9318077851450918,0.9273847730291177,0.0016167112278562268,0.0,0
2025-04-04,187.56253051757812,199.01262630823257,186.52703508606032,193.0486144227304,125910900,320.302,4.2,4.33,4.01,-0.07288742279088845,211.23534545898437,215.6257110595703,0.031187292792813737,0.8879315632998418,0.8698523455106926,0.0016167112278562268,0.0,0
2025-04-07,180.6725616455078,193.30748067285785,173.86223225537526,176.43103817745248,160466300,320.302,4.2,4.33,4.15,-0.03673424992218577,203.1366455078125,213.3346969604492,0.030555804937122913,0.8894139272303739,0.8468972193445086,0.0016167112278562268,0.0,0
2025-04-08,171.6717987060547,189.51403482217904,168.47573669018362,185.88983084847527,120859500,320.302,4.2,4.33,4.26,-0.04981809555074146,193.0267120361328,210.92420349121093,0.03154229140339638,0.8893680926084433,0.8139027947696298,0.0016167112278562268,0.0,1
2025-04-09,197.98709106445312,199.7394480269994,171.14407803694525,171.20381523449285,184395900,320.302,4.2,4.33,4.34,0.15328838258086197,188.0404479980469,210.0216377258301,0.048487714465010365,1.052896295304027,0.9426985391043979,0.0016167112278562268,0.0,0
2025-04-10,189.59368896484375,193.93476977334225,182.2058891618283,188.24955627509655,121880000,320.302,4.2,4.33,4.4,-0.04239368362090323,185.4975341796875,209.06281814575195,0.04881457142290664,1.0220819904872072,0.906874262226127,0.0016167112278562268,0.0,1
2025-04-11,197.2901153564453,198.67408279715283,185.2525839628914,185.2924188893916,87435900,320.302,4.2,4.33,4.48,0.04059431742492592,187.44305114746095,208.29914627075195,0.04959480251662971,1.0525336316748157,0.9471479787056023,0.0016167112278562268,0.0,1
2025-04-14,201.64114379882812,212.01592310379547,200.28704507843972,210.5224325383335,101352900,320.302,4.2,4.33,4.38,0.02205396065850418,191.636767578125,207.72763671875,0.04989267362181492,1.0522048892137812,0.9706996477885,0.0016167112278562268,0.0,0
2025-04-15,201.2628173828125,202.62686743682656,198.93297540670017,200.98403365195668,51343900,320.302,4.2,4.33,4.35,-0.0018762362129480792,197.55497131347656,207.2024269104004,0.04988146770002672,1.0187686801535984,0.9713342666099354,0.0016167112278562268,0.0,0
2025-04-16,193.4269561767578,199.8290454554037,191.535192242388,197.49920369317184,59732400,320.302,4.2,4.33,4.29,-0.03893347667468283,196.6429443359375,206.15847625732422,0.050458854638686865,0.9836455451272861,0.9382440134807987,0.0016167112278562268,0.0,1
2025-04-17,196.12521362304688,197.9671917432912,193.5763250102755,196.3442601625108,52164700,320.302,4.2,4.33,4.34,0.013949748781774352,197.94924926757812,205.30619125366212,0.05061484500619623,0.9907853368917524,0.9552815354736581,0.0016167112278562268,0.0,0
2025-04-21,192.32179260253903,192.9590147372882,188.98632373298676,192.43131586910096,46742500,320.302,4.2,4.33,4.42,-0.01939282028173095,196.95558471679686,204.0561393737793,0.050453381677774585,0.9764729082400949,0.9424945174046152,0.0016167112278562268,0.0,1
2025-04-22,198.87322998046875,200.7151927551101,195.11958571249497,195.26892870764283,52976400,320.302,4.2,4.33,4.41,0.034064976668916724,196.402001953125,203.01119384765624,0.05109174643631706,1.0125824991739827,0.979617065498897,0.0016167112278562268,0.0,1
2025-04-23,203.71212768554688,207.0973670311424,201.9199358938783,205.1060461943045,52929200,320.302,4.2,4.33,4.4,0.02433156893742483,196.89186401367186,202.05784912109374,0.05133819973231647,1.034639641947833,1.0081871531922608,0.0016167112278562268,0.0,1
2025-04-24,207.46575927734375,207.92376976062596,202.05933042602183,204.00086522918792,47311000,320.302,4.2,4.33,4.32,0.018426156726373488,199.69962463378906,201.40270309448243,0.05153513634897149,1.0388890798257449,1.0301041450273734,0.0016167112278562268,0.0,1
2025-04-25,208.371826171875,208.8397878176709,205.30519003897632,205.4744504992001,38222300,320.302,4.2,4.33,4.29,0.004367308117191548,202.1489471435547,200.67736358642577,0.051476484987930664,1.0307836331390892,1.0383424540164214,0.0016167112278562268,0.0,1
2025-04-28,209.22808837890625,210.5821872117057,206.55972563953335,209.088696522261,38743100,320.302,4.2,4.33,4.23,0.004109299336489736,205.53020629882812,200.2910469055176,0.051165874797411394,1.017991915381536,1.0446202744030015,0.0016167112278562268,0.0,1
2025-04-29,210.29345703125,211.31898611202763,207.46576971677675,207.784388363366,36827600,320.302,4.2,4.33,4.19,0.005091900712749453,207.8142517089844,199.7474166870117,0.050970915485822645,1.0119299100128003,1.0527968797752367,0.0016167112278562268,0.0,1
2025-04-30,211.5778350830078,212.6531501385383,205.77313312562185,208.39172484027225,52286500,320.302,4.2,4.33,4.17,0.006107551180572157,209.38739318847655,199.21523513793946,0.05098018428449156,1.010461192821478,1.062056498522858,0.0,0.0,1
2025-05-01,212.39431762695312,213.62892699621815,207.99348458901505,208.17271138967985,57365700,320.62,4.3,4.33,4.25,0.0038590173853749743,210.37310485839845,198.68903045654298,0.05098371210808878,1.0096077527111422,1.0689785799393074,0.0009928130327003792,0.023809523809523725,0
2025-05-02,204.4588928222656,206.0917754590827,201.2827333487594,205.19567188008233,101010600,320.62,4.3,4.33,4.33,-0.037361756629596954,209.59051818847655,198.79656219482422,0.04713756108338321,0.9755159469494881,1.0284830409788082,0.0009928130327003792,0.023809523809523725,0
2025-05-05,198.02691650390625,203.21431440062256,197.34987465543003,202.2186538992821,69018500,320.62,4.3,4.33,4.36,-0.0314585305122953,207.35028381347655,199.3197814941406,0.04453295367994854,0.9550356665151363,0.9935136142507142,0.0009928130327003792,0.023809523809523725,0
2025-05-06,197.6485595703125,199.77927242381972,196.16503515467957,197.3498735756035,51216500,320.62,4.3,4.33,4.3,-0.0019106338687361335,204.82130432128906,200.16858139038087,0.043542125780682644,0.9649804751769124,0.9874105026744748,0.0009928130327003792,0.023809523809523725,0
2025-05-07,195.39837646484375,198.574535944944,192.41139491378885,198.3057033514284,68536700,320.62,4.3,4.33,4.26,-0.011384768552630153,201.58541259765624,201.35491027832032,0.04179191246081857,0.9693081158349429,0.9704177374902692,0.0009928130327003792,0.023809523809523725,1
2025-05-08,196.63299560546875,199.1818840286168,193.83517686729027,196.86199326420865,50478900,320.62,4.3,4.33,4.37,0.006318471846909812,198.4331481933594,201.2872055053711,0.023826333028869686,0.9909281659627931,0.9768777658360498,0.0009928130327003792,0.023809523809523725,1
2025-05-09,197.66847229003903,199.6697443694255,196.6827629534363,198.1364339272832,36453900,320.62,4.3,4.33,4.37,0.00526603727610353,197.07506408691407,201.69094467163086,0.02165516196146052,1.003011077052667,0.9800562569224873,0.0009928130327003792,0.023809523809523725,1
2025-05-12,210.15049743652344,210.6290521628615,206.1227607044075,210.32995926202443,63775800,320.62,4.3,4.33,4.45,0.0631462620309502,199.4997802734375,202.33396377563477,0.024192057457394535,1.0533871122488851,1.0386318417087717,0.0009928130327003792,0.023809523809523725,1
2025-05-13,212.28399658203125,212.75257189298435,208.36592688565332,209.79158118866215,51909300,320.62,4.3,4.33,4.49,0.01015224408951143,202.42686767578124,202.86610641479493,0.023854072235770903,1.0486947657661618,1.0464241678103676,0.0009928130327003792,0.023809523809523725,0
2025-05-14,211.6858062744141,213.29092224655892,209.9411156617564,211.78549375335473,49325800,320.62,4.3,4.33,4.53,-0.002817877547288461,205.68435363769532,203.387255859375,0.023864805238374757,1.0291779735822302,1.040801722703692,0.0009928130327003792,0.023809523809523725,0
2025-05-15,210.80848693847656,212.3139155435744,208.90427796298633,210.310003869238,45029500,320.62,4.3,4.33,4.45,-0.004144441006121324,208.5194519042969,204.25633239746094,0.021845533264542256,1.010977561149692,1.032078097477369,0.0009928130327003792,0.023809523809523725,0
2025-05-16,210.6190643310547,211.92510277199543,209.1335944967917,211.71573318604425,54737900,320.62,4.3,4.33,4.43,-0.000898553042967154,211.1095703125,204.98102493286132,0.02176091477166627,0.9976765336563413,1.0275051771257366,0.0009928130327003792,0.023809523809523725,0
2025-05-19,208.14659118652344,208.84446444770495,203.64029993754312,207.27923550566183,46140500,320.62,4.3,4.33,4.46,-0.011739075721298287,210.7087890625,205.77226486206055,0.021395936912565673,0.9878400996589821,1.0115386119993115,0.0009928130327003792,0.023809523809523725,0
2025-05-20,206.232421875,207.83753801206535,204.40797196423648,207.03996203611737,42496600,320.62,4.3,4.33,4.48,-0.009196255872420789,209.49847412109375,206.1402244567871,0.020377810573195324,0.9844101382609312,1.0004472558349824,0.0009928130327003792,0.023809523809523725,0
2025-05-21,201.47689819335935,206.4118779017609,200.10109516487896,204.54755595275296,59211800,320.62,4.3,4.33,4.58,-0.02305904977696982,207.45669250488282,206.02846298217773,0.020401318759180612,0.9711756982176762,0.9779080777338415,0.0009928130327003792,0.023809523809523725,0
2025-05-22,200.7491149902344,202.1348974021487,199.0941474443519,200.1010930441042,46742400,320.62,4.3,4.33,4.54,-0.003612241451258047,205.44481811523437,205.69263076782227,0.019923005388400333,0.9771437256579227,0.9759664905877552,0.0009928130327003792,0.023809523809523725,0
2025-05-23,194.67758178710935,197.10020219746903,192.8730755135501,193.0824298832746,78432900,320.62,4.3,4.33,4.51,-0.030244383410708453,202.25652160644532,205.00791854858397,0.020871035459411404,0.9625280818678212,0.9496100597742204,0.0009928130327003792,0.023809523809523725,1
2025-05-27,199.60260009765625,200.1309909415137,196.83102019804124,197.6983910952664,56288500,320.62,4.3,4.33,4.43,0.02529833309688767,200.54772338867187,204.5266441345215,0.021779045581782418,0.9952872898527803,0.9759246818051412,0.0009928130327003792,0.023809523809523725,1
2025-05-28,199.81195068359375,202.11494001836,199.2935240345892,199.98143310081724,45339700,320.62,4.3,4.33,4.47,0.0010488369682313259,199.2636291503906,204.00256881713867,0.021727191902995425,1.002751739168563,0.9794580129169782,0.0009928130327003792,0.023809523809523725,0
2025-05-29,199.34336853027344,203.19165828241367,197.90773491315443,202.96236033905296,51396800,320.62,4.3,4.33,4.43,-0.0023451157536734657,198.83692321777343,203.39084548950194,0.02163641670134201,1.002547038569619,0.9801000042578739,0.0009928130327003792,0.023809523809523725,1
2025-05-30,200.24066162109375,201.3472946799051,196.18300200128655,198.7651407343476,70819900,320.62,4.3,4.33,4.41,0.004501243745582917,198.7352325439453,202.78316268920898,0.021647222004178467,1.0075750487615,0.9874619715246677,0.0,0.0,1
2025-06-02,201.08807373046875,201.5167770946723,199.5128653541447,199.67238359256916,35423300,321.435,4.1,4.33,4.46,0.004231968185255619,200.0173309326172,202.61462173461913,0.020085855775783076,1.0053532501051734,0.992465755970219,0.002541949971929469,-0.04651162790697683,1
2025-06-03,202.6533203125,203.1518034040851,200.35033086337637,200.73914706631285,46381600,321.435,4.1,4.33,4.46,0.007783885702387527,200.62747497558593,202.84594192504883,0.018792157693687136,1.0100975468946145,0.9990504044068084,0.002541949971929469,-0.04651162790697683,0
2025-06-04,202.2046813964844,205.6143037964219,201.48686455307688,202.29440469878628,43604000,321.435,4.1,4.33,4.37,-0.002213824650510454,201.10602111816405,203.07374801635743,0.01879502285056868,1.0054630899274508,0.9957204383709753,0.002541949971929469,-0.04651162790697683,0
2025-06-05,200.0213165283203,204.12881205428337,199.54276184010465,202.8826044104843,55126100,321.435,4.1,4.33,4.4,-0.010797795842732882,201.24161071777343,203.30489501953124,0.018774612613525414,0.9939361736119053,0.9838489944332355,0.002541949971929469,-0.04651162790697683,1
2025-06-06,203.3013458251953,205.07594444547604,201.43702389784912,202.38413874603313,46607700,321.435,4.1,4.33,4.51,0.016398398699723593,201.85374755859374,203.63831253051757,0.019048757026817926,1.0071715203909275,0.9983452686229083,0.002541949971929469,-0.04651162790697683,0
2025-06-09,200.8388214111328,205.3750202901374,199.41316716451473,203.76990423179717,72862600,321.435,4.1,4.33,4.49,-0.012112681320761376,201.80389709472655,203.79682998657228,0.019279132948060457,0.9952177549715964,0.9854855025191788,0.002541949971929469,-0.04651162790697683,1
2025-06-10,202.0551300048828,203.73004106569937,199.96151019448257,199.99141796230995,54672600,321.435,4.1,4.33,4.47,0.006056142857262303,201.68425903320312,203.39206161499024,0.012688404775640172,1.0018388691981095,0.9934268250221183,0.002541949971929469,-0.04651162790697683,0
2025-06-11,198.1769256591797,203.8795731269679,197.80805305990708,202.88260699920767,60989900,321.435,4.1,4.33,4.41,-0.019193793028711492,200.8787078857422,202.68670806884765,0.01291780945054038,0.9865501811764976,0.9777499844334336,0.002541949971929469,-0.04651162790697683,1
2025-06-12,198.5956573486328,199.07419684911244,196.7612432530472,198.476026276637,43904600,321.435,4.1,4.33,4.36,0.0021129184846335747,200.59357604980468,202.0322006225586,0.012975480227822103,0.9900399666803098,0.9829901210631962,0.002541949971929469,-0.04651162790697683,0
2025-06-13,195.85398864746097,199.76209396079904,195.1062640673262,199.12403626091725,51447300,321.435,4.1,4.33,4.41,-0.013805280225029692,199.1041046142578,201.28447570800782,0.013194143448450817,0.9836762985218532,0.9730208351069033,0.002541949971929469,-0.04651162790697683,1
2025-06-16,197.81802368164065,198.08720880439395,195.9636660151664,196.701426450214,43020700,321.435,4.1,4.33,4.46,0.01002805736938539,198.49994506835938,200.6444236755371,0.01353328473652681,0.9965646268240332,0.9859133887594752,0.002541949971929469,-0.04651162790697683,0
2025-06-17,195.0464630126953,197.7881200100286,194.6177748569289,196.60172782081943,38856200,321.435,4.1,4.33,4.39,-0.014010657964138584,197.09821166992188,199.9894172668457,0.013619366955003695,0.9895902218500967,0.9752839209109,0.002541949971929469,-0.04651162790697683,1
2025-06-18,195.9835968017578,196.97059871241268,194.4781834746436,195.3455391093887,45394700,321.435,4.1,4.33,4.38,0.004804669485349855,196.6595458984375,199.4769760131836,0.01365237217455858,0.9965628462448054,0.9824873061480794,0.002541949971929469,-0.04651162790697683,1
2025-06-20,200.3902130126953,201.0880863339216,196.26277341287405,197.63859168364695,96813500,321.435,4.1,4.33,4.38,0.022484617502937843,197.01845703125,199.4226417541504,0.013832156921966859,1.0171139091852217,1.0048518626071445,0.002541949971929469,-0.04651162790697683,1
2025-06-23,200.888671875,201.686247808318,198.3563846401482,201.01828233775663,55814300,321.435,4.1,4.33,4.34,0.002487441151994396,198.0253936767578,199.42961959838868,0.013819721377453607,1.0144591466027635,1.0073161262582235,0.002541949971929469,-0.04651162790697683,0
2025-06-24,199.6923065185547,202.82277936444737,199.59260382672892,201.9753521214132,54064000,321.435,4.1,4.33,4.3,-0.0059553649555199595,198.40025024414064,199.68035583496095,0.011951329630331419,1.0065123722012654,1.0000598490699988,0.002541949971929469,-0.04651162790697683,1
2025-06-25,200.948486328125,203.052085424857,200.0113357524488,200.8388194477268,39525700,321.435,4.1,4.33,4.29,0.00629057689537782,199.58065490722657,199.74765014648438,0.010628405005767508,1.0068535270692154,1.0060117662498658,0.002541949971929469,-0.04651162790697683,0
2025-06-26,200.3902130126953,202.02523702778157,198.85489170599743,200.81890119127095,50799100,321.435,4.1,4.33,4.26,-0.002778191195320079,200.46197814941405,199.77656326293945,0.010650341544645435,0.9996420012543963,1.0030716803799864,0.002541949971929469,-0.04651162790697683,1
2025-06-27,200.469970703125,202.6034778198992,199.39324535272064,201.27751091280393,73188600,321.435,4.1,4.33,4.29,0.00039801190502575245,200.4779296875,199.83289337158203,0.010633512257521687,0.999960299947294,1.0031880503794655,0.002541949971929469,-0.04651162790697683,1
2025-06-30,204.5475311279297,206.7607970676305,198.65545787730727,201.3971146284011,91912800,321.435,4.1,4.33,4.24,0.02034000608920694,201.20970153808594,200.04823684692383,0.0115134773566975,1.0165888104019276,1.0224910469190924,0.002541949971929469,-0.04651162790697683,1
2025-07-01,207.18951416015625,209.55231908550664,205.51460310500556,206.04299395149744,78788900,322.169,4.3,4.33,4.26,0.012916230362977066,202.70914306640626,200.3533088684082,0.01179698769203507,1.0221024618128953,1.0341207506397514,0.0022835098853577485,0.04878048780487809,1
2025-07-02,211.7954864501953,212.69274987948137,207.5085290616707,208.2761972389462,67941800,322.169,4.3,4.33,4.3,0.02223072103194701,204.8785430908203,200.81041717529297,0.012612165493939575,1.0337611897030565,1.0547036823558469,0.0022835098853577485,0.04878048780487809,1
2025-07-03,212.90213012695312,213.9987837940836,211.1674035025876,211.5063683517463,34955800,322.169,4.3,4.33,4.35,0.005225057886292905,207.38092651367188,201.3452896118164,0.012582193026919541,1.0266234880232212,1.0573981171221722,0.0022835098853577485,0.04878048780487809,0
2025-07-07,209.3130340576172,215.57398008038285,208.16652910348648,212.03474730839852,50229000,322.169,4.3,4.33,4.4,-0.01685796223455238,209.1495391845703,201.80987548828125,0.012989617939876411,1.000781712805509,1.0371793429393976,0.0022835098853577485,0.04878048780487809,1
2025-07-08,209.3728485107422,210.78853856973336,207.81758380403343,209.4625870226643,42848900,322.169,4.3,4.33,4.42,0.00028576554438819457,210.1146026611328,202.1134506225586,0.012565388875911198,0.9964697639240863,1.035917440753314,0.0022835098853577485,0.04878048780487809,1
2025-07-09,210.4994354248047,210.6888614301138,206.59132988433592,208.8943192909964,48749400,322.169,4.3,4.33,4.34,0.005380768910944633,210.7765869140625,202.5964813232422,0.01216701712552605,0.9986850935708015,1.0390083482691554,0.0022835098853577485,0.04878048780487809,1
2025-07-10,211.7655792236328,212.8323250717279,209.39279496736208,209.87133445003573,44443600,322.169,4.3,4.33,4.35,0.006014951043801897,210.77060546875,203.08200378417968,0.012166373039726626,1.0047206476096133,1.042758960802265,0.0022835098853577485,0.04878048780487809,0
2025-07-11,210.5193634033203,211.4864217284832,209.22330444266433,209.93115706069412,39765800,322.169,4.3,4.33,4.43,-0.005884883770447158,210.29405212402344,203.69912567138672,0.01125155581209337,1.001071410613002,1.0334819195195575,0.0022835098853577485,0.04878048780487809,0
2025-07-14,207.9870758056641,210.27013683517245,206.9103505254259,209.293099043616,38840100,322.169,4.3,4.33,4.43,-0.012028763324753111,210.02886047363282,204.16869659423827,0.011749232308743368,0.9902785518934668,1.01870207957988,0.0022835098853577485,0.04878048780487809,1
2025-07-15,208.4755859375,211.24715053377864,208.28615994072268,208.5852528191871,42296300,322.169,4.3,4.33,4.5,0.0023487523440752778,209.8494079589844,204.79977645874024,0.011116346597660575,0.9934532956997767,1.0179483080612655,0.0022835098853577485,0.04878048780487809,1
2025-07-16,209.52239990234375,211.75559423754484,208.00700716596057,209.6619745482938,47490500,322.169,4.3,4.33,4.46,0.0050212784395655685,209.65400085449218,205.3849952697754,0.011010021941648195,0.999372294582445,1.0201446294902596,0.0022835098853577485,0.04878048780487809,0
2025-07-17,209.38284301757812,211.1574416148312,208.95413964633332,209.93117746335784,48068100,322.169,4.3,4.33,4.47,-0.0006660714311723659,209.17745361328124,206.10181427001953,0.010311164594393895,1.0009818907379788,1.0159194559212372,0.0022835098853577485,0.04878048780487809,1
2025-07-18,210.539306640625,211.1474566075158,209.06380098140497,210.23024956462243,48974600,322.169,4.3,4.33,4.44,0.00552320145423657,209.1814422607422,206.8295997619629,0.010316822521423706,1.0064913233468877,1.017936054041257,0.0022835098853577485,0.04878048780487809,1
2025-07-21,211.8353576660156,215.12534891613055,210.98794558852111,211.45652088357517,51377400,322.169,4.3,4.33,4.38,0.006155862513610666,209.9510986328125,207.4018569946289,0.009347499808603686,1.0089747519563996,1.0213763788600094,0.0022835098853577485,0.04878048780487809,1
2025-07-22,213.74954223632812,214.29787667610697,211.5861274580158,212.49337032996837,46404100,322.169,4.3,4.33,4.35,0.009036190140318645,211.00588989257812,208.0449005126953,0.00944929511692373,1.0130027287159935,1.0274202429839645,0.0022835098853577485,0.04878048780487809,0
2025-07-23,213.5002899169922,214.4972560435483,211.76557859278188,214.3477172095632,46989300,322.169,4.3,4.33,4.4,-0.001166095219330865,211.8014678955078,208.73529968261718,0.009265301390985248,1.008020822699503,1.0228279080808096,0.0022835098853577485,0.04878048780487809,0
2025-07-24,213.11148071289065,215.03563331063384,212.8821827557749,213.25105536667795,46022600,322.169,4.3,4.33,4.43,-0.0018211179209766115,212.5471954345703,209.34344940185548,0.009309053245964193,1.0026548704967224,1.017999279756789,0.0022835098853577485,0.04878048780487809,1
2025-07-25,213.2311248779297,214.58699944946255,212.7525701732737,214.04862920984863,40268800,322.169,4.3,4.33,4.4,0.0005614158591493723,213.08555908203124,209.9854949951172,0.009229875667539475,1.000683133087599,1.015456447993648,0.0022835098853577485,0.04878048780487809,1
2025-07-28,213.40060424804688,214.19818019857897,212.41360229785764,213.3806606658472,37858000,322.169,4.3,4.33,4.42,0.0007948153451529105,213.3986083984375,210.63202667236328,0.009224071903204583,1.0000093526833393,1.0131441434592001,0.0022835098853577485,0.04878048780487809,0
2025-07-29,210.6290283203125,214.15828155569844,210.18039662608905,213.53018805628847,51411700,322.169,4.3,4.33,4.34,-0.012987666728969671,212.77450561523438,210.93610153198242,0.008965855350335032,0.9899166618260103,0.9985442358636587,0.0022835098853577485,0.04878048780487809,0
2025-07-30,208.415771484375,211.74563469104575,207.0898047125579,211.2571158132724,45512500,322.169,4.3,4.33,4.38,-0.010507843356575286,211.75760192871093,210.99741439819337,0.008926487604341213,0.984218604603102,0.9877645755935838,0.0,0.0,0
2025-07-31,206.9402618408203,209.2033639475293,206.5315020865265,207.85746883247032,80698400,322.169,4.3,4.33,4.37,-0.007079644851470834,210.5233581542969,210.7546531677246,0.00742130262182397,0.9829800534017207,0.9819012711246348,0.0,0.0,0
2025-08-01,201.76600646972656,212.93202387361225,200.88867142379772,210.23023901853355,104434500,323.291,4.3,4.33,4.23,-0.02500361855671096,208.23033447265624,210.19784698486328,0.008974103153616648,0.9689558775415666,0.95988617088098,0.003482644202266627,0.0,1
2025-08-04,202.7330780029297,207.24933356384108,201.06813110178,203.8895472057539,75109300,323.291,4.3,4.33,4.22,0.004793035011813274,206.09682922363282,209.8688491821289,0.008460409177673638,0.9836787822822195,0.9659989026146198,0.003482644202266627,0.0,0
2025-08-05,202.3043670654297,204.71702329589337,201.54667827641916,202.78290655256816,44155100,323.291,4.3,4.33,4.22,-0.0021146570738387327,204.43189697265626,209.5154251098633,0.008449844335222598,0.9895929649984555,0.9655822093258654,0.003482644202266627,0.0,1
2025-08-06,212.60302734375,214.72657006985975,204.96626313259569,205.00615029681612,108483100,323.291,4.3,4.33,4.22,0.050906762062084,205.26934814453125,209.62060470581054,0.014452493489994042,1.0357271032694813,1.0142277169848122,0.003482644202266627,0.0,1
2025-08-07,219.36245727539065,220.1799768073744,215.92292715514495,218.2159523061407,90224800,323.291,4.3,4.33,4.23,0.03179366736256095,207.7537872314453,210.00044860839844,0.01602527809560666,1.0558770561954323,1.0445808984172704,0.003482644202266627,0.0,1
2025-08-08,228.65419006347656,230.29917810781973,218.58482597462975,220.16003429974123,113854000,323.291,4.3,4.33,4.27,0.042357898901638213,213.1314239501953,210.90718994140624,0.018268206230727658,1.0728318979227982,1.084146017625102,0.003482644202266627,0.0,0
2025-08-11,226.7478179931641,229.12329528601256,224.3324234952035,227.4864157407103,61806100,323.291,4.3,4.33,4.27,-0.008337359003931843,217.9343719482422,211.84522705078126,0.018112576783617683,1.0404408261355627,1.070346597607368,0.003482644202266627,0.0,1
2025-08-12,229.21310424804688,230.36092560837628,226.63802588155735,227.57622481823225,55626200,323.291,4.3,4.33,4.29,0.010872370357085881,223.3161193847656,212.8821029663086,0.018159995639377906,1.0264064451752404,1.0767138291767198,0.003482644202266627,0.0,1
2025-08-13,232.88612365722656,234.55294488479396,229.99163136972763,230.6304284784954,69878500,323.291,4.3,4.33,4.24,0.016024473911425474,227.37273864746095,214.05028915405273,0.01832953236645943,1.0242482236109847,1.0879972392357649,0.003482644202266627,0.0,0
2025-08-14,232.3371734619141,234.6727183450988,230.41085227691244,233.61473725595164,51916300,323.291,4.3,4.33,4.29,-0.002357161460252777,229.96768188476562,215.19800567626953,0.018363133496056033,1.0103035850852111,1.0796437110640684,0.003482644202266627,0.0,0
2025-08-15,231.1494140625,233.834298979768,228.9036945156081,233.5548328767578,56038700,323.291,4.3,4.33,4.33,-0.0051122228170207284,230.46672668457032,216.22851104736327,0.018511922238506638,1.002962194967363,1.0690052525583382,0.003482644202266627,0.0,0
2025-08-18,230.45074462890625,232.67649791960375,229.6722297518056,231.2592012143754,37476200,323.291,4.3,4.33,4.34,-0.0030225879499951036,231.20731201171876,217.1592803955078,0.018591196258748572,0.9967277532175359,1.0612060613260044,0.003482644202266627,0.0,0
2025-08-19,230.1213836669922,232.42698672077375,228.9136940815642,230.8400151681398,39402600,323.291,4.3,4.33,4.3,-0.0014292032878627792,231.38896789550782,217.977872467041,0.018600568160763758,0.9945218467412498,1.0557098345006892,0.003482644202266627,0.0,0
2025-08-20,225.5800323486328,230.0315543310328,225.3404986724704,229.54248102593337,42263900,323.291,4.3,4.33,4.29,-0.019734590701623533,229.92774963378906,218.58185958862305,0.019314271655806833,0.9810909414279879,1.0320162559380752,0.003482644202266627,0.0,0
2025-08-21,224.47213745117188,226.08906587116957,223.3542730460458,225.8395414786139,30621200,323.291,4.3,4.33,4.33,-0.004911316333835347,228.35474243164063,219.1498924255371,0.019366568259273235,0.9829974847943829,1.0242858664758103,0.003482644202266627,0.0,1
2025-08-22,227.3267059326172,228.65417758009713,224.98118568943215,225.73973438952316,42477800,323.291,4.3,4.33,4.26,0.012716805363276906,227.59020080566407,219.85467147827148,0.019483811416616814,0.9988422398147455,1.0339862437495861,0.003482644202266627,0.0,0
2025-08-25,226.7278594970703,228.86378779922748,225.79962078901823,226.0491451945495,30983100,323.291,4.3,4.33,4.28,-0.002634298654397349,226.8456237792969,220.52103424072266,0.0195228356870343,0.9994808615645099,1.0281461824161964,0.003482644202266627,0.0,1
2025-08-26,228.8737640380859,229.0534295301293,224.2625578823749,226.438403395408,54575100,323.291,4.3,4.33,4.26,0.009464670754514515,226.59609985351562,221.43327102661132,0.019184915318052227,1.0100516477822994,1.0336015133452119,0.003482644202266627,0.0,1
2025-08-27,230.0515289306641,230.46073738560713,227.82576024347395,228.17510050695543,31259500,323.291,4.3,4.33,4.24,0.005145914812596075,227.4903991699219,222.5150588989258,0.01886416446113159,1.0112581883459142,1.0338694831218664,0.003482644202266627,0.0,1
2025-08-28,232.1175842285156,232.9659733126178,228.90370861616245,230.3809040856524,38074700,323.291,4.3,4.33,4.22,0.008980837064874292,229.0194885253906,223.77392501831054,0.018658359434069856,1.0135276509570124,1.037286110119945,0.003482644202266627,0.0,0
2025-08-29,231.69837951660156,232.9360260407387,230.92984008944924,232.0676707602769,39418400,323.291,4.3,4.33,4.23,-0.0018060015285241704,229.8938232421875,225.2705436706543,0.01730693342633671,1.007849520482823,1.0285338497488814,0.0,0.0,0
2025-09-02,229.28298950195312,230.4108447009183,226.53822101083423,228.81388239599917,44075600,324.245,4.4,4.22,4.28,-0.010424716908628007,230.40484924316405,226.59803924560546,0.017741818492550014,0.995130919575278,1.0118489562631983,0.002950901819104068,0.023255813953488413,1
2025-09-03,238.0163421630859,238.395624134605,233.9141603097862,236.75874463665696,66427800,324.245,4.4,4.22,4.22,0.03808984120498127,232.23336486816407,228.38363800048828,0.018971048462152376,1.024901578195729,1.0421777332515259,0.002950901819104068,0.023255813953488413,1
2025-09-04,239.3238525390625,239.4436193831587,236.28964239378743,237.9963808412042,47549400,324.245,4.4,4.22,4.17,0.005493363876169166,234.08782958984375,229.7196792602539,0.01610849117236016,1.02236777092766,1.0418082304038385,0.002950901819104068,0.023255813953488413,0
2025-09-05,239.2340087890625,240.86091270031892,238.0362947520209,239.54341659874092,54870400,324.245,4.4,4.22,4.1,-0.00037540658420298634,235.51111450195313,230.7132568359375,0.014969339465028954,1.015807722259658,1.0369322165097092,0.002950901819104068,0.023255813953488413,0
2025-09-08,237.42745971679688,239.69313028194867,235.89038089866295,238.84475646782593,48999500,324.245,4.4,4.22,4.05,-0.007551389041256629,236.65693054199218,231.15192031860352,0.01222599815791518,1.0032558910192912,1.027148982320993,0.002950901819104068,0.023255813953488413,0
2025-09-09,233.9041748046875,238.3257397896772,232.9160527142261,236.54912730927947,66313900,324.245,4.4,4.22,4.08,-0.014839416284502027,237.58116760253907,231.50973815917968,0.012594957906311741,0.9845232143820297,1.010342703786661,0.002950901819104068,0.023255813953488413,0
2025-09-10,226.35855102539065,231.97784546194652,225.52015268533836,231.7482872752143,83440800,324.245,4.4,4.22,4.04,-0.03225946602106411,235.249609375,231.36701049804688,0.014480549170131005,0.9622058528673834,0.9783527501959987,0.002950901819104068,0.023255813953488413,1
2025-09-11,229.59239196777344,230.01159113632517,226.21881717306923,226.44839058875493,50208600,324.245,4.4,4.22,4.01,0.014286365271970913,233.30331726074218,231.20232391357422,0.01438085881875281,0.9840939883044124,0.9930366965238525,0.002950901819104068,0.023255813953488413,1
2025-09-12,233.62472534179688,234.0638755168574,228.5843291396984,228.78394562468256,55824200,324.245,4.4,4.22,4.06,0.01756300955560164,232.18146057128905,231.26670150756837,0.01493300348643444,1.0062161068629538,1.0101961234317658,0.002950901819104068,0.023255813953488413,1
2025-09-15,236.24969482421875,237.7368657054393,234.58287368836292,236.54912714503797,42699500,324.245,4.4,4.22,4.05,0.01123583763910907,231.94590759277344,231.5217155456543,0.0150632933229815,1.0185551332899627,1.0204213210299582,0.002950901819104068,0.023255813953488413,1
2025-09-16,237.6969451904297,240.76111223381088,235.87043992435724,236.72878926810645,63421100,324.245,4.4,4.22,4.04,0.006125935389198034,232.70446166992187,231.88402557373047,0.015067242043074403,1.0214541804857586,1.0250682193493788,0.002950901819104068,0.023255813953488413,1
2025-09-17,238.5353546142578,239.6432435766681,237.27774187166392,238.5153883976145,46508000,324.245,4.4,4.22,4.06,0.003527220020250743,235.13982238769532,232.30472412109376,0.015054567826922403,1.014440481378624,1.0268209375282278,0.002950901819104068,0.023255813953488413,0
2025-09-18,237.42745971679688,240.74113579799257,236.199788714976,239.5134800259323,44249600,324.245,4.4,4.22,4.11,-0.004644573125239804,236.7068359375,232.89709548950196,0.01427070995615102,1.0030443724890445,1.0194522143686378,0.002950901819104068,0.023255813953488413,1
2025-09-19,245.032958984375,245.83144010441063,239.7530294205925,240.77107799962133,163741300,324.245,4.4,4.22,4.14,0.03203293872010393,238.9884826660156,233.9251365661621,0.01557101371619822,1.0252919147020423,1.0474845182577086,0.002950901819104068,0.023255813953488413,1
2025-09-22,255.5928192138672,256.15178189089505,247.64797087114997,247.82763635806887,105517400,324.245,4.4,4.22,4.15,0.04309567281585802,242.85710754394532,235.33844223022462,0.017744164261051926,1.052441173325007,1.0860648893215172,0.002950901819104068,0.023255813953488413,0
2025-09-23,253.9459686279297,256.8504363399061,253.0975947938589,255.39322235208516,60275200,324.245,4.4,4.22,4.12,-0.006443258425658294,246.1069122314453,236.69934768676757,0.01786204880375628,1.0318522398473404,1.072862984666883,0.002950901819104068,0.023255813953488413,0
2025-09-24,251.8300018310547,255.2534845023776,250.5624136207024,254.73446948849343,42303700,324.245,4.4,4.22,4.16,-0.008332350414175016,248.76584167480468,237.847159576416,0.0181132416051776,1.0123174473457477,1.0587891916789793,0.002950901819104068,0.023255813953488413,1
2025-09-25,256.3813171386719,256.6807646844572,251.2311452680336,252.7282916183987,55202100,324.245,4.4,4.22,4.18,0.018072966979806315,252.55661315917968,239.1636489868164,0.018349886219410017,1.0151439470606203,1.071991158459054,0.002950901819104068,0.023255813953488413,0
2025-09-26,254.97401428222656,257.10994249251326,253.2972024297037,253.61660096533103,46076300,324.245,4.4,4.22,4.2,-0.005489100657377954,254.54482421875,240.30647048950195,0.018493907338033376,1.0016861079960822,1.06103682419723,0.002950901819104068,0.023255813953488413,0
2025-09-29,253.9459686279297,254.5148915782133,252.52867184357527,254.0757261912774,40127700,324.245,4.4,4.22,4.15,-0.004031962461707783,254.2154541015625,241.41884994506836,0.01854281857247855,0.9989399327645708,1.0518895632454206,0.002950901819104068,0.023255813953488413,1
2025-09-30,254.1455993652344,255.4331385813304,252.6284867333586,254.3751575512532,37704300,324.245,4.4,4.22,4.16,0.0007861150085717306,254.25538024902343,242.66198043823243,0.018226491808978392,0.9995682259164722,1.047323519350923,0.0,0.0,1
2025-10-01,254.9640350341797,258.29769267334166,254.44502000530687,254.55481135314992,48713900,324.245,4.4,4.09,4.12,0.003220341689918804,254.88218688964844,243.5093650817871,0.016513863389259396,1.0003211214778485,1.0470399565476478,0.0,0.0,1
2025-10-02,256.6408386230469,257.68882891050583,253.66649683440303,256.09186667190835,42630200,324.245,4.4,4.09,4.1,0.00657662791005964,254.93409118652343,244.37521438598634,0.016522265544220677,1.006694857594682,1.0501917687023987,0.0,0.0,1
2025-10-03,257.5291442871094,258.7468246365968,253.46689477740225,254.18552630266564,49155600,324.245,4.4,4.09,4.13,0.003461279462880995,255.4451171875,245.28997116088868,0.016495591009454653,1.0081584143104982,1.0498967530889913,0.0,0.0,0
2025-10-06,256.2016906738281,258.5771679771474,254.56481112131073,257.49920544747016,44664100,324.245,4.4,4.09,4.18,-0.005154576259537191,255.8962615966797,246.22868270874022,0.016417152381681187,1.0011935659991384,1.0405030309847565,0.0,0.0,0
2025-10-07,255.99208068847656,256.91031341337026,254.94405994391948,256.3214394907812,31955800,324.245,4.4,4.09,4.14,-0.0008181444267610916,256.26555786132815,247.33307800292968,0.015863054039738925,0.9989328367997092,1.0350094809617187,0.0,0.0,1
2025-10-08,257.5690612792969,258.0281776413904,255.62275879770377,256.03198246417537,36496900,324.245,4.4,4.09,4.13,0.006160270999708617,256.78656311035155,248.893603515625,0.013274407930003177,1.0030472706962048,1.0348560896749894,0.0,0.0,0
2025-10-09,253.55670166015625,257.50917476461467,252.6584199331141,257.3195337882977,38322000,324.245,4.4,4.09,4.14,-0.015577801150541859,256.16973571777345,250.09181900024413,0.014018543622877312,0.9897995988858886,1.0138544422355085,0.0,0.0,0
2025-10-10,244.80340576171875,255.8922708493858,243.53581752909895,254.4550078501572,61999100,324.245,4.4,4.09,4.05,-0.034522045132806656,253.6245880126953,250.65075302124023,0.01623756057581271,0.9652195304875764,0.9766713357568649,0.0,0.0,1
2025-10-13,247.18885803222656,249.2149949644775,245.0928469569099,248.90558714178317,38142900,324.245,4.4,4.09,4.05,0.009744359001401026,251.822021484375,251.1977111816406,0.01619853237310078,0.9816014365032968,0.9840410442811907,0.0,0.0,1
2025-10-14,247.29864501953125,248.37659224814223,244.23447809703137,246.1308726626428,35478000,324.245,4.4,4.09,4.03,0.0004441421356069508,250.08333435058594,251.67779617309571,0.0161793660846489,0.9888649544029555,0.982600168866098,0.0,0.0,1
2025-10-15,248.8656463623047,251.3409393203658,246.99920876557604,249.01537013681215,33893600,324.245,4.4,4.09,4.05,0.006336473629484196,248.3426513671875,252.19431076049804,0.016204534182314042,1.002105941094846,0.9868011915567972,0.0,0.0,0
2025-10-16,246.979248046875,248.56621957555785,244.66366953460536,247.7777291727393,39777000,324.245,4.4,4.09,3.99,-0.007579986804138628,247.02716064453125,252.67190017700196,0.016283330270220997,0.9998060431997386,0.9774701811869894,0.0,0.0,1
2025-10-17,251.81002807617188,252.89796599708643,246.79958926324147,247.5481624372989,49147000,324.245,4.4,4.09,4.02,0.019559457191237417,248.42848510742186,253.0107536315918,0.015284736087661304,1.0136117360587205,0.9952542509036264,0.0,0.0,1
2025-10-20,261.7411193847656,263.87706298772724,255.143708503654,255.4032084113237,90483000,324.245,4.4,4.09,4.0,0.0394388237214669,251.33893737792968,253.31816864013672,0.014773992027549646,1.0413870692514091,1.0332504801761555,0.0,0.0,1
2025-10-21,262.2701110839844,264.7853366806196,261.33189684706855,261.38182000576944,46695900,324.245,4.4,4.09,3.98,0.002021049273656983,254.3332305908203,253.73437576293946,0.01466153432622361,1.0312066200501073,1.0336404371515657,0.0,0.0,0
2025-10-22,257.9583435058594,262.349966966352,254.94406918261987,262.15033525743416,45015300,324.245,4.4,4.09,3.97,-0.016440179021178225,256.1517700195312,254.0407928466797,0.015060646770071334,1.0070527464486791,1.0154209511601706,0.0,0.0,1
2025-10-23,259.0861511230469,260.12418111371363,257.51916110368444,259.4454820834593,32754900,324.245,4.4,4.09,4.01,0.004372053262009956,258.5731506347656,254.17603454589843,0.014561381894436082,1.0019839665758874,1.01931777945124,0.0,0.0,1
2025-10-24,262.32000732421875,263.6275126875418,258.68691759501684,260.69310343226954,38253700,324.245,4.4,4.09,4.02,0.012481779466614773,260.675146484375,254.54333419799804,0.014717843524775223,1.0063100025530909,1.030551470344816,0.0,0.0,1
2025-10-27,268.2986145019531,268.60802232244004,264.1465248140549,264.37609822840903,44888200,324.245,4.4,4.09,4.01,0.02279127405766279,261.9866455078125,255.2609664916992,0.015391628834246251,1.0240927127484152,1.051075760581193,0.0,0.0,1
2025-10-28,268.4882507324219,269.3765722048576,267.63986169210665,268.4782600095115,41534800,324.245,4.4,4.09,3.99,0.0007068103233436318,263.2302734375,255.97809906005858,0.015392202812642294,1.0199748198649738,1.0488719609931478,0.0,0.0,1
2025-10-29,269.1869201660156,270.8936584399069,266.6018207191691,268.76770579477784,51086700,324.245,4.4,4.09,4.08,0.0026022346664624774,265.4759887695312,256.6892433166504,0.015392064078807083,1.0139784069123705,1.048687964824253,0.0,0.0,1
2025-10-30,270.8836669921875,273.6184749716116,267.969239224885,271.4725408872279,69886500,324.245,4.4,4.09,4.11,0.006303229091240592,267.8354919433594,257.4013847351074,0.015388682725477292,1.01138077342443,1.05237843716713,0.0,0.0,0
2025-10-31,269.85565185546875,276.79244258078194,268.647962249571,276.4630533049319,86167100,324.245,4.4,4.09,4.11,-0.003795042898427692,269.3426208496094,258.01771011352537,0.01545806547789873,1.0019047524088134,1.045880345720202,0.0,0.0,0
2025-11-03,268.53814697265625,270.33474092754267,265.74348587775046,269.90556627002525,50194600,325.063,4.5,3.88,4.13,-0.004882257880291285,269.39052734375,258.6345329284668,0.015451129537391285,0.996835893305164,1.0382919246399651,0.002522783697512576,0.022727272727272707,1
2025-11-04,269.5262756347656,270.9734988318123,267.11086611942017,267.8195068636227,49274800,325.063,4.5,3.88,4.1,0.003679658451690937,269.59813232421874,259.3112426757813,0.015433515490258962,0.9997334674063443,1.0393929428341688,0.002522783697512576,0.022727272727272707,1
2025-11-05,269.6260986328125,271.18312844251227,266.4221834255846,268.0989800730272,43683100,325.063,4.5,3.88,4.17,0.0003703646251622672,269.68596801757815,259.91409454345705,0.015419335153099097,0.9997780033377126,1.0373662078865509,0.002522783697512576,0.022727272727272707,0
2025-11-06,269.25677490234375,272.8798740142925,267.38037702601645,267.38037702601645,51204000,325.063,4.5,3.88,4.11,-0.0013697625428008564,269.3605895996094,260.69909820556643,0.01486465448465366,0.9996145883946127,1.032825877633184,0.002522783697512576,0.022727272727272707,0
2025-11-07,267.9592590332031,271.7719991063764,266.26248096015127,269.28671541495146,48227400,325.063,4.5,3.88,4.11,-0.0048188791892468386,268.98131103515624,261.8568908691406,0.01214083595578634,0.9962002861908145,1.0233042107229178,0.002522783697512576,0.022727272727272707,1
2025-11-10,269.1781311035156,273.4741297822401,267.20997142836535,268.7085692371889,41312400,325.063,4.5,3.88,4.13,0.004548721603090611,269.10930786132815,262.95635452270506,0.012080363908861039,1.0002557445624398,1.0236608717522868,0.002522783697512576,0.022727272727272707,1
2025-11-11,274.99267578125,275.65206242273547,269.5477586519058,269.55775905965567,46208300,325.063,4.5,3.88,4.13,0.02160110352909128,270.202587890625,264.341056060791,0.012634995961161428,1.0177277646673168,1.0402949881459558,0.002522783697512576,0.022727272727272707,0
2025-11-12,273.21435546875,275.4722525277038,271.4460210796085,274.74292397164845,48398000,325.063,4.5,3.88,4.08,-0.0064667915516215535,270.9202392578125,265.5584915161133,0.012906288459731496,1.0084678657350306,1.0288292944764381,0.002522783697512576,0.022727272727272707,0
2025-11-13,272.6948547363281,276.4413491841305,271.83564282199285,273.85374352181776,49602800,325.063,4.5,3.88,4.11,-0.0019014401037990014,271.60785522460935,266.8442718505859,0.012681117168097578,1.0040020915846484,1.0219250832898452,0.002522783697512576,0.022727272727272707,0
2025-11-14,272.15533447265625,275.70200347225597,269.3479639093673,270.7965900477885,47431300,325.063,4.5,3.88,4.14,-0.00197847614027602,272.4470703125,267.86153717041014,0.012291757856842183,0.9989292017729935,1.016029913617327,0.002522783697512576,0.022727272727272707,0
2025-11-17,267.2099609375,270.2371271729127,265.48159771217263,268.5687054184609,45018300,325.063,4.5,3.88,4.13,-0.01817114312581336,272.0534362792969,268.1349792480469,0.010094616432500605,0.982196602961396,0.9965501766567683,0.002522783697512576,0.022727272727272707,0
2025-11-18,267.19000244140625,270.4569347049811,265.0719890725528,269.7376065335732,45677300,325.063,4.5,3.88,4.12,-7.469218596389826e-05,270.49290161132814,268.38097381591797,0.01009524080751969,0.9877893314381024,0.9955623852258297,0.002522783697512576,0.022727272727272707,1
2025-11-19,268.3089294433594,271.9555110777923,265.2517925781922,265.2817633125939,40424500,325.063,4.5,3.88,4.13,0.004187757744410714,269.51181640625,268.898503112793,0.00923950559496534,0.9955367932325556,0.9978074490463552,0.002522783697512576,0.022727272727272707,0
2025-11-20,266.0010986328125,275.17250947675234,265.67142054546326,270.5768036466949,45823600,325.063,4.5,3.88,4.1,-0.00860139398019577,268.1730651855469,269.24425048828124,0.009516163995174073,0.991900877326246,0.9879546105456767,0.002522783697512576,0.022727272727272707,1
2025-11-21,271.2361755371094,273.0744516711978,265.4216397990326,265.70137680880595,59030800,325.063,4.5,3.88,4.06,0.01968065895668869,267.9892333984375,269.69005889892577,0.010078487099019174,1.0121159424858104,1.0057329389318093,0.002522783697512576,0.022727272727272707,1
2025-11-24,275.6620788574219,276.7410558404627,270.64675212306133,270.64675212306133,65585800,325.063,4.5,3.88,4.04,0.016317525903571717,269.6796569824219,270.05823211669923,0.009450545984356396,1.022183437719924,1.0207505125720482,0.002522783697512576,0.022727272727272707,1
2025-11-25,276.7110900878906,280.1179060838009,274.9926967216935,275.012667049666,46914200,325.063,4.5,3.88,4.01,0.0038054245067611348,271.58387451171876,270.46937408447263,0.009464026647410542,1.018878939647614,1.0230773484966493,0.002522783697512576,0.022727272727272707,1
2025-11-26,277.29052734375,279.26868736786383,276.3714044558947,276.70108254872224,33431400,325.063,4.5,3.88,4.0,0.002094015298321983,273.38019409179685,270.8745544433594,0.009461739903424542,1.0143036450206049,1.0236861410388853,0.002522783697512576,0.022727272727272707,1
2025-11-28,278.5893249511719,278.73917862681736,275.73198274965245,277.0008150112318,20135600,325.063,4.5,3.88,4.02,0.0046838874009274,275.89783935546876,271.2598373413086,0.009425571402714033,1.009755370328346,1.0270201725463732,0.002522783697512576,0.022727272727272707,1
2025-12-01,282.8353576660156,283.1550658399818,275.88187257202503,277.75011957449965,46587700,326.031,4.4,3.72,4.09,0.01524118957389331,278.21767578125,271.90882263183596,0.009821369913173656,1.0165973706444025,1.040184554985824,0.005508180542491026,0.0,1
2025-12-02,285.9224548339844,287.1313151163589,282.36578537497866,282.7354345985028,53669500,326.031,4.4,3.72,4.09,0.010914820528252767,280.2697509765625,272.77803802490234,0.009840321124933401,1.0201687975164133,1.0481872254242186,0.00297788428704604,-0.022222222222222143,0
2025-12-03,283.8843688964844,288.35019153510143,283.0351573834178,285.9324708384744,43538700,326.031,4.4,3.72,4.06,-0.007128107299873898,281.70440673828125,273.4959426879883,0.010105047119479965,1.0077384737549684,1.037983840295384,0.00297788428704604,-0.022222222222222143,0
2025-12-04,280.4375915527344,284.46382276925783,278.32954829392816,283.83440686502166,43989100,326.031,4.4,3.72,4.11,-0.012141483369261685,282.3338195800781,274.03651733398436,0.010627199206282618,0.9932837375622798,1.023358471641021,0.00297788428704604,-0.022222222222222143,0
2025-12-05,278.5193786621094,280.8771882481053,277.79005013345267,280.27774306596746,47265800,326.031,4.4,3.72,4.14,-0.006840070477014848,282.3198303222656,274.49964752197263,0.01078824064531202,0.9865384884376771,1.014643848093885,0.00297788428704604,-0.022222222222222143,0
2025-12-08,277.6302185058594,279.4085531850005,275.8918244790692,277.86998437615557,38211800,326.031,4.4,3.72,4.17,-0.0031924534677664207,281.2788024902344,274.98319549560546,0.010742169001831402,0.9870285853321574,1.009626126445593,0.00297788428704604,-0.022222222222222143,0
2025-12-09,276.9208679199219,279.7682096639769,276.6611317163261,277.8999627322321,32193300,326.031,4.4,3.72,4.18,-0.0025550193698475887,279.4784851074219,275.3703323364258,0.010764925045282068,0.9908486079473454,1.0056307285187198,0.00297788428704604,-0.022222222222222143,1
2025-12-10,278.5193786621094,279.48847306800184,276.1815698919154,277.490342786908,33038300,326.031,4.4,3.72,4.13,0.005772445948890148,278.4054870605469,275.5466674804687,0.009740393957658041,1.000409085333644,1.010788412753536,0.00297788428704604,-0.022222222222222143,0
2025-12-11,277.77008056640625,279.3286197507982,273.5540244422053,278.83908758708685,33248000,326.031,4.4,3.72,4.14,-0.0026902907054526803,277.8719848632812,275.7744537353516,0.009630493585745506,0.999633268906453,1.0072364455953915,0.00297788428704604,-0.022222222222222143,1
2025-12-12,278.0198669433594,278.9589906850317,276.5612402656973,277.64021728323,39532900,326.031,4.4,3.72,4.19,0.0008992558753764257,277.77208251953124,276.04070434570315,0.009608392775851692,1.00089204221526,1.007169821575218,0.00297788428704604,-0.022222222222222143,0
2025-12-15,273.8537292480469,279.8880911943856,272.5849275039148,279.8880911943856,50409100,326.031,4.4,3.72,4.18,-0.014985035929685031,277.01678466796875,276.12562408447263,0.010240748586395216,0.9885817192495643,0.9917722419135909,0.00297788428704604,-0.022222222222222143,1
2025-12-16,274.353271484375,275.2424541197232,271.53593087885605,272.5649667835892,37648600,326.031,4.4,3.72,4.15,0.0018241206270945831,276.5032653808594,276.48278961181643,0.009265956309201646,0.9922243453670504,0.9922978275413407,0.00297788428704604,-0.022222222222222143,0
2025-12-17,271.58587646484375,275.90184538512057,271.38608172110213,274.75292651919426,50138700,326.031,4.4,3.72,4.16,-0.010086976563313366,275.11656494140624,276.7025833129883,0.009611605348167308,0.9871665725496592,0.9815082794425637,0.00297788428704604,-0.022222222222222143,1
2025-12-18,271.935546875,273.374203136776,266.7004552212896,273.35420232069225,51630700,326.031,4.4,3.72,4.12,0.0012875132341483297,273.949658203125,276.8839141845703,0.009580584790726002,0.9926478779300699,0.9821283684025366,0.00297788428704604,-0.022222222222222143,1
2025-12-19,273.4141845703125,274.34330788170604,269.64768928264715,271.8955859651445,144632000,326.031,4.4,3.72,4.16,0.005437456457254575,273.0285217285156,277.2545684814453,0.009374142454415655,1.0014125368271245,0.9861485279316874,0.00297788428704604,-0.022222222222222143,0
2025-12-22,270.7166748046875,273.62395794129594,270.25711338978425,272.6048920133635,36571800,326.031,4.4,3.72,4.17,-0.0098660198257976,272.40111083984374,277.22859344482424,0.008644158530160057,0.9938163393314993,0.9765106529625243,0.00297788428704604,-0.022222222222222143,1
2025-12-23,272.1053771972656,272.2452609569047,269.30800689497966,270.5868091030317,29642000,326.031,4.4,3.72,4.18,0.005129726100470355,271.9515319824219,277.0507583618164,0.007854435179922546,1.000565708211762,0.9821499093025678,0.00297788428704604,-0.022222222222222143,1
2025-12-24,273.55401611328125,275.17249671786806,271.9455359163183,272.085389177814,17910600,326.031,4.4,3.72,4.15,0.0053238158353827725,272.34515991210935,276.8929046630859,0.00790662450119167,1.0044386917012296,0.9879415886302059,0.00297788428704604,-0.022222222222222143,0
2025-12-26,273.1444091796875,275.1125687682936,272.6049054553,273.9037084592662,21521800,326.031,4.4,3.72,4.14,-0.0014973530252399003,272.58693237304686,276.6855987548828,0.007884312779032258,1.0020451340120653,0.987201395406443,0.00297788428704604,-0.022222222222222143,1
2025-12-29,273.50408935546875,274.10350406329195,272.0954038139857,272.4350823114352,23715200,326.031,4.4,3.72,4.12,0.0013168132449112857,272.60491333007815,276.4313369750977,0.007798252269834376,1.0032984586169285,0.9894105796699431,0.00297788428704604,-0.022222222222222143,0
2025-12-30,272.82470703125,273.82377221524894,272.02546707967076,272.5549704076282,22139600,326.031,4.4,3.72,4.14,-0.002483993295382736,273.0265197753906,275.93080444335936,0.0068132814108530166,0.9992608309833542,0.9887432016937168,0.0,0.0,0
2025-12-31,271.6058349609375,273.42414083736213,271.49595243002375,272.80472532736104,27293600,326.031,4.4,3.72,4.18,-0.004467601499789753,272.926611328125,275.21497344970703,0.006139986716996899,0.9951606904113883,0.9868861114512395,0.0,0.0,0
2026-01-02,270.75665283203125,277.58025431004916,268.7485221479618,272.0054842546519,37838100,326.588,4.3,3.64,4.19,-0.003126523879828924,272.367138671875,274.5585876464844,0.00604735381308388,0.9940870772895113,0.9861525554635048,0.00170842649932057,-0.022727272727272818,0
2026-01-05,267.0101623535156,271.25618925068443,265.89121426121545,270.38700744645297,45647200,326.588,4.3,3.64,4.17,-0.013837113287258118,271.1402893066406,273.88721618652346,0.006201808020125168,0.9847675645560217,0.9748909279930598,0.00170842649932057,-0.022727272727272818,0
2026-01-06,262.1147155761719,267.2998660934885,261.8749496989937,266.7503924619391,52352100,326.588,4.3,3.64,4.18,-0.018334308830022295,268.86241455078124,273.0669830322266,0.007099427684583425,0.9749027807182216,0.9598916451398222,0.00170842649932057,-0.022727272727272818,0
2026-01-07,260.08660888671875,263.4334831315393,259.56710600115036,262.95395138764474,48309800,326.588,4.3,3.64,4.15,-0.00773747740562758,266.314794921875,272.1898025512695,0.00717799855153206,0.9766134433613299,0.955533993003757,0.00170842649932057,-0.022727272727272818,0
2026-01-08,258.7978515625,259.0476178563403,255.46096229095477,256.7797203952787,50419300,326.588,4.3,3.64,4.19,-0.004955108337700187,263.7531982421875,271.2836517333984,0.007186110883215461,0.9812121835385771,0.9539751102172249,0.00170842649932057,-0.022727272727272818,1
2026-01-09,259.1275329589844,259.9667440583015,255.98048371428257,258.8377955175017,39997000,326.588,4.3,3.64,4.18,0.0012738954148727721,261.4273742675781,270.3140594482422,0.0069520109169808695,0.9912027525233843,0.9586165569334743,0.00170842649932057,-0.022727272727272818,1
2026-01-12,260.0067138671875,261.05572011368304,256.5599267903311,258.9177364764393,45263800,326.588,4.3,3.64,4.19,0.0033928502238405045,260.0266845703125,269.42589111328124,0.007123875367492132,0.9999231974858349,0.9650398214990652,0.00170842649932057,-0.022727272727272818,1
2026-01-13,260.8059387207031,261.56523797230057,258.148452318208,258.4781303943212,45730800,326.588,4.3,3.64,4.18,0.0030738623692765366,259.7649291992187,268.56519470214846,0.007207042881431545,1.0040075060351432,0.9711084826533434,0.00170842649932057,-0.022727272727272818,0
2026-01-14,259.71697998046875,261.57525710051715,256.4700180914029,259.247418118488,40019400,326.588,4.3,3.64,4.15,-0.0041753602144793955,259.6910034179688,267.85835723876954,0.006658480428296094,1.0001000287347581,0.9696056627008895,0.00170842649932057,-0.022727272727272818,0
2026-01-15,257.9685974121094,260.7959687899761,256.8096782083212,260.40631875644857,39388600,326.588,4.3,3.64,4.17,-0.00673187624656213,259.5251525878906,267.03912353515625,0.006632363696506541,0.9940022954990689,0.966032969240731,0.00170842649932057,-0.022727272727272818,0
2026-01-16,255.29112243652344,258.6579671912775,254.69167723491495,257.6589020182799,72142800,326.588,4.3,3.64,4.24,-0.010379073276537754,258.75787048339845,266.22438583374026,0.006648968510380633,0.9866023474362399,0.9589321490479661,0.00170842649932057,-0.022727272727272818,0
2026-01-20,246.46937561035156,254.55180921698133,243.1924430560896,252.49373739571587,80267500,326.588,4.3,3.64,4.3,-0.03455563492367564,256.05040283203124,264.9510772705078,0.009592337231486723,0.9625814796004644,0.9302448518022558,0.00170842649932057,-0.022727272727272818,1
2026-01-21,247.41848754882812,251.3248360900433,244.9507953165175,248.46750904444812,54641700,326.588,4.3,3.64,4.26,0.003850831106810837,253.37291259765624,263.6512924194336,0.009508890556133093,0.9764993621939239,0.9384307783146335,0.00170842649932057,-0.022727272727272818,1
2026-01-22,248.1178436279297,250.76536025794263,247.9180183962477,248.9670398844787,39708300,326.588,4.3,3.64,4.26,0.0028266120532465244,251.05308532714844,262.5213508605957,0.009586015649402948,0.9883082827068473,0.9451339588743981,0.00170842649932057,-0.022727272727272818,0
2026-01-23,247.80812072753903,249.17685039145397,244.45126111041233,247.0888078223564,41689000,326.588,4.3,3.64,4.24,-0.001248289505752398,249.02098999023437,261.3064880371094,0.009359043321818299,0.99512944967915,0.9483427778201459,0.00170842649932057,-0.022727272727272818,1
2026-01-26,255.17123413085935,256.32015295784896,249.5664780183616,251.24490015634893,55969200,326.588,4.3,3.64,4.22,0.029712962519965025,248.99701232910155,260.3873489379883,0.011952860721046777,1.0247963690166582,0.9799678639211801,0.00170842649932057,-0.022727272727272818,1
2026-01-27,258.0285339355469,261.70511669708895,257.96859246831417,258.92771692213245,49648300,326.588,4.3,3.64,4.24,0.011197578028024235,251.30884399414063,259.6315551757813,0.012388580944799289,1.026738772239798,0.9938257842381714,0.00170842649932057,-0.022727272727272818,0
2026-01-28,256.2002868652344,258.61800761819165,254.27208306792676,257.409147241713,41288000,326.588,4.3,3.64,4.26,-0.007085445328186779,253.06520385742186,258.76636505126953,0.012385186200583811,1.0123884396591276,0.9900834168091098,0.00170842649932057,-0.022727272727272818,1
2026-01-29,258.0385437011719,259.4072580677027,254.17216647920577,257.75880668092503,67253000,326.588,4.3,3.64,4.24,0.007175077196164281,255.04934387207032,258.0270568847656,0.012600595196776582,1.0117200843715988,1.0000445178755475,0.00170842649932057,-0.022727272727272818,1
2026-01-30,259.2374267578125,261.6551472598355,251.94423313215475,254.9314433110553,92443400,326.588,4.3,3.64,4.26,0.0046461394466286166,257.335205078125,257.40863647460935,0.012697973175734834,1.0073919993928153,1.0071046189756867,0.00170842649932057,-0.022727272727272818,1
2026-02-02,269.7575988769531,270.2371306501278,258.9676766447768,259.7869174093499,73913400,327.46,4.4,3.64,4.29,0.04058122413384724,260.2524780273437,257.35868377685546,0.015897419073569508,1.0365226910485392,1.0481775664925619,0.0026700307420970404,0.023255813953488413,0
2026-02-03,269.22808837890625,271.6258386480508,267.3598109321867,268.9483513556569,64394700,327.46,4.4,3.64,4.28,-0.0019629122599374993,262.4923889160156,257.469580078125,0.015574476660666203,1.0256605514952502,1.0456695051011982,0.0026700307420970404,0.023255813953488413,1
2026-02-04,276.23150634765625,278.68922850453845,272.03545112075,272.03545112075,90545700,327.46,4.4,3.64,4.29,0.026012954335186356,266.4986328125,258.17541961669923,0.01590110847121566,1.036521288805275,1.0699372804652125,0.0026700307420970404,0.023255813953488413,0
2026-02-05,275.6520690917969,279.2387093202658,272.97458180817284,277.86999494352693,52977400,327.46,4.4,3.64,4.21,-0.0020976508564164442,270.021337890625,258.9536926269531,0.0157547504782338,1.0208529120148744,1.064484025292118,0.0026700307420970404,0.023255813953488413,1
2026-02-06,277.8599853515625,280.6473855638201,276.67109542368036,276.8609202349588,50453400,327.46,4.4,3.64,4.22,0.008009793893585249,273.745849609375,259.90679931640625,0.01567553315584765,1.0150290342230146,1.0690754766030586,0.0026700307420970404,0.023255813953488413,0
2026-02-09,274.6199951171875,278.20001220703125,271.70001220703125,277.9100036621094,44623400,327.46,4.4,3.64,4.22,-0.01166051394653178,274.71832885742185,260.6814224243164,0.016042369684337258,0.9996420561356669,1.053469758463198,0.0026700307420970404,0.023255813953488413,0
2026-02-10,273.67999267578125,275.3699951171875,272.94000244140625,274.8900146484375,34376900,327.46,4.4,3.64,4.16,-0.003422920610733904,275.60870971679685,261.3650863647461,0.016106502716133574,0.9930019735479424,1.0471176410067609,0.0026700307420970404,0.023255813953488413,1
2026-02-11,275.5,280.17999267578125,274.45001220703125,274.70001220703125,51931300,327.46,4.4,3.64,4.18,0.0066501292492171515,275.4624084472656,262.09978942871095,0.016130841052149972,1.0001364670880004,1.0511263690844506,0.0026700307420970404,0.023255813953488413,0
2026-02-12,261.7300109863281,275.7200012207031,260.17999267578125,275.5899963378906,81077200,327.46,4.4,3.64,4.09,-0.049981811301894274,272.67799682617186,262.20044097900393,0.019976807213432913,0.959850131043676,0.998205838285705,0.0026700307420970404,0.023255813953488413,0
2026-02-13,255.77999877929688,262.2300109863281,255.4499969482422,262.010009765625,56290700,327.46,4.4,3.64,4.04,-0.022733396848946263,268.2619995117187,262.0910110473633,0.02059577329670947,0.9534708577616615,0.9759205314106483,0.0026700307420970404,0.023255813953488413,1
2026-02-17,263.8800048828125,266.2900085449219,255.5399932861328,258.04998779296875,58469100,327.46,4.4,3.64,4.05,0.031667863563111576,266.11400146484374,262.52045516967775,0.021624832293828777,0.9916051144632224,1.0051788334446397,0.0026700307420970404,0.023255813953488413,1
2026-02-18,264.3500061035156,266.82000732421875,262.45001220703125,263.6000061035156,34203300,327.46,4.4,3.64,4.09,0.0017811172199722058,264.2480041503906,263.41448669433595,0.019856768212658377,1.0003860084145308,1.0035515108562167,0.0026700307420970404,0.023255813953488413,0
2026-02-19,260.5799865722656,264.4800109863281,260.04998779296875,262.6000061035156,30845300,327.46,4.4,3.64,4.08,-0.014261469431454121,261.2640014648438,264.0725616455078,0.020258300970106533,0.9973819014914299,0.9867741841428773,0.0026700307420970404,0.023255813953488413,1
2026-02-20,264.5799865722656,264.75,258.1600036621094,258.9700012207031,42070500,327.46,4.4,3.64,4.08,0.015350373037534393,261.83399658203126,264.8956687927246,0.0204521096428052,1.0104875227284478,0.9988082771534252,0.0026700307420970404,0.023255813953488413,1
2026-02-23,266.17999267578125,269.42999267578125,263.3800048828125,263.489990234375,37308200,327.46,4.4,3.64,4.03,0.006047343656806037,263.91399536132815,265.8142623901367,0.02042957887416354,1.0085861203054074,1.0013758866147964,0.0026700307420970404,0.023255813953488413,1
2026-02-24,272.1400146484375,274.8900146484375,267.7099914550781,267.8599853515625,47014600,327.46,4.4,3.64,4.04,0.022390946489790453,265.5659973144531,266.66270141601564,0.020001544297014572,1.0247547404429196,1.020540230048434,0.0026700307420970404,0.023255813953488413,1
2026-02-25,274.2300109863281,274.94000244140625,271.04998779296875,271.7799987792969,33714300,327.46,4.4,3.64,4.05,0.007679856784716499,267.5419982910156,267.4727752685547,0.019944893859480714,1.0249979918593481,1.0252632654332348,0.0026700307420970404,0.023255813953488413,0
2026-02-26,272.95001220703125,276.1099853515625,270.79998779296875,274.95001220703125,32345100,327.46,4.4,3.64,4.02,-0.004667610137537803,270.01600341796876,268.31026153564454,0.019886260036923623,1.0108660551668147,1.0172924831306547,0.0026700307420970404,0.023255813953488413,0
2026-02-27,264.17999267578125,272.80999755859375,262.8900146484375,272.80999755859375,72366500,327.46,4.4,3.64,3.97,-0.03213049693728531,269.9360046386719,268.617333984375,0.021375829189750173,0.9786763830538447,0.9834808080224194,0.0026700307420970404,0.023255813953488413,1
2026-03-02,264.7200012207031,266.5299987792969,260.20001220703125,262.4100036621094,41827900,327.46,4.4,3.64,4.05,0.002044093269336189,269.6440063476563,268.8914627075195,0.02136291426113731,0.9817388667612195,0.9844864487521726,0.0026700307420970404,0.023255813953488413,0
2026-03-03,263.75,265.55999755859375,260.1300048828125,263.4800109863281,38568900,327.46,4.4,3.64,4.06,-0.0036642536122324376,267.96600341796875,268.59108276367186,0.019265107943727638,0.9842666481412096,0.9819760108419853,0.0,0.0,0
2026-03-04,262.5199890136719,266.1499938964844,261.4200134277344,264.6499938964844,39803100,327.46,4.4,3.64,4.09,-0.004663548763329417,265.6239990234375,268.2556777954102,0.01928205733966887,0.9883142712210589,0.9786185745298084,0.0,0.0,0
2026-03-05,260.2900085449219,261.55999755859375,257.25,260.7900085449219,49658600,327.46,4.4,3.64,4.13,-0.00849451684471103,263.0919982910156,267.45860290527344,0.01824597402860682,0.9893497720786082,0.9731973685554228,0.0,0.0,0
2026-03-06,257.4599914550781,258.7699890136719,254.3699951171875,258.6300048828125,41120000,327.46,4.4,3.64,4.15,-0.010872553678353492,261.747998046875,266.5489990234375,0.01833329040028727,0.9836178055847863,0.9659011753874185,0.0,0.0,1
2026-03-09,259.8800048828125,261.1499938964844,253.67999267578125,255.69000244140625,38218500,327.46,4.4,3.64,4.12,0.009399570838394267,260.7799987792969,265.65,0.018380773423736358,0.9965488384818728,0.9782797097037926,0.0,0.0,1
2026-03-10,260.8299865722656,262.4800109863281,256.95001220703125,257.6499938964844,30590800,327.46,4.4,3.64,4.15,0.0036554627966916,260.19599609375,264.9604995727539,0.018327704276753003,1.0024365881413762,0.9844108347955688,0.0,0.0,0
