Date,Close,High,Low,Open,Volume
,AAPL,AAPL,AAPL,AAPL,AAPL
2015-01-02,24.214889526367188,24.682221739158916,23.7763496768566,24.671146843393636,212818400
2015-01-05,23.53272247314453,24.064285483437537,23.346676348927705,23.984550947403974,257142000
2015-01-06,23.53493881225586,23.79407522071628,23.17391806682534,23.596954189686496,263188400
2015-01-07,23.864953994750977,23.964621340157734,23.632394602411782,23.743136848327097,160423600
2015-01-08,24.78190040588379,24.83948684864479,24.075364314823897,24.192752518473185,237458000
2015-01-09,24.808467864990234,25.083108045057088,24.409795273125567,24.954646688812712,214798000
2015-01-12,24.197175979614258,24.945792806630894,24.09750865378446,24.939148543547873,198603200
2015-01-13,24.412017822265625,24.983448143293007,24.121873715993303,24.680013820160088,268367600
2015-01-14,24.31899070739746,24.47181381263504,24.03106027700955,24.150662070103355,195826400
2015-01-15,23.658967971801758,24.376577089070306,23.623531339856147,24.363288563314725,240056000
2015-01-16,23.475133895874023,23.82729501276512,23.300160996132067,23.705477902251076,314053200
2015-01-20,24.079788208007812,24.135159317135944,23.58809248858328,23.884880822409823,199599600
2015-01-21,24.263622283935547,24.59806258830847,23.98012076721873,24.130730261496435,194303600
2015-01-22,24.89484977722168,24.91035361942313,24.30127144897852,24.42087324158633,215185600
2015-01-23,25.023303985595703,25.193846200986393,24.702150646521368,24.87269455170364,185859200
2015-01-26,25.049894332885742,25.32896525063651,24.983450002806734,25.191644264805262,222460000
2015-01-27,24.172809600830078,24.912568446521064,24.14844617930842,24.899278232187047,382274800
2015-01-28,25.539365768432617,26.16173808502866,25.539365768432617,26.053209511761636,585908400
2015-01-29,26.33449363708496,26.398724311321256,25.594734914666734,25.763063519913857,337745600
2015-01-30,25.949121475219727,26.57813656277163,25.88046014004039,26.223761746559823,334982000
2015-02-02,26.274700164794922,26.39430197270769,25.709915821075615,26.146240465741013,250956400
2015-02-03,26.279130935668945,26.37658294685454,26.048786899589032,26.245907929445366,207662800
2015-02-04,26.48067855834961,26.691089785876024,26.20382301407181,26.24590559753552,280598800
2015-02-05,26.6696834564209,26.73416763569182,26.51625552310522,26.687470850061043,168984800
2015-02-06,26.44510269165039,26.738615912814105,26.338369840108527,26.68747269934462,174826400
2015-02-09,26.620763778686523,26.647445716847848,26.333921068225507,26.3606047028478,155559200
2015-02-10,27.13218879699707,27.161096493457006,26.718603465831738,26.720825829820146,248034000
2015-02-11,27.768138885498047,27.777033432281677,27.238926075331964,27.29896214554481,294247200
2015-02-12,28.119462966918945,28.34626964549883,27.921563986537944,28.030519204661367,297898000
2015-02-13,28.257320404052734,28.301791428327864,27.93934766074915,28.301791428327864,217088800
2015-02-17,28.424095153808594,28.65757232057261,28.22174804975162,28.34849236119064,252609600
2015-02-18,28.621992111206055,28.63533308100466,28.33959580975443,28.379620415611313,179566800
2015-02-19,28.56195640563965,28.690924777826144,28.535274464126015,28.568626891018056,149449600
2015-02-20,28.795427322387695,28.795427322387695,28.473008158366138,28.59975074596782,195793600
2015-02-23,29.573688507080078,29.573688507080078,28.83101173030139,28.911060947691585,283896400
2015-02-24,29.38912010192871,29.707094494892516,29.16676162035892,29.560337082755375,276912400
2015-02-25,28.637550354003906,29.26238060284484,28.4952410465807,29.253484362612532,298846800
2015-02-26,29.00000762939453,29.100068318824405,28.152821923073134,28.63756203285128,365150000
2015-02-27,28.564178466796875,29.0333551042649,28.515259318403285,28.906609112630072,248059200
2015-03-02,28.704261779785156,28.968868972950617,28.528600034237698,28.739839958832356,192386800
2015-03-03,28.764297485351562,28.799875661866288,28.481901222763646,28.675355436986415,151265200
2015-03-04,28.58197021484375,28.80877691514904,28.533054449015793,28.706493868977883,126665200
2015-03-05,28.10834503173828,28.628663222806804,27.963811635398883,28.590862676575895,226068400
2015-03-06,28.15058708190918,28.76651940937423,28.074986002662115,28.550831382817552,291368400
2015-03-09,28.270660400390625,28.810993335881307,27.808154299397792,28.452994307989236,354114000
2015-03-10,27.68586540222168,28.288456909775928,27.52799102465237,28.108347014999616,275426400
2015-03-11,27.181106567382812,27.74367338378652,27.15220056885229,27.739226959574506,275756000
2015-03-12,27.672515869140625,27.77257821643837,27.045464939292476,27.196668793831925,193450800
2015-03-13,27.481292724609375,27.883762858746906,27.2567118077468,27.661404305960183,207309200
2015-03-16,27.78369903564453,27.78369903564453,27.32119455940393,27.54577546449357,143497200
2015-03-17,28.248428344726562,28.310688462772674,27.93935011838267,27.99493975184684,204092400
2015-03-18,28.56639862060547,28.719826538431512,28.09944607958892,28.239531332955636,261083600
2015-03-19,28.350711822509766,28.739839239681466,28.328476309392133,28.62865997763241,183238000
2015-03-20,27.99493980407715,28.550834443294974,27.830394963725297,28.517482020323033,274780400
2015-03-23,28.28622817993164,28.428537502319035,28.13280025254547,28.266216726686977,150838800
2015-03-24,28.170604705810547,28.470786706839743,28.141697009126034,28.29067852409887,131369200
2015-03-25,27.43459701538086,28.19951096263978,27.43459701538086,28.13725084069286,206620800
2015-03-26,27.625822067260742,27.768131384433865,27.261154229947007,27.296732407470724,190291600
2015-03-27,27.40569496154785,27.72811422368741,27.330093858713987,27.699208219038226,158184800
2015-03-30,28.099454879760742,28.10612536584905,27.57246442478671,27.5835830325748,188398800
2015-03-31,27.66807746887207,28.12613558907677,27.652512436529037,28.037191820061732,168362400
2015-04-01,27.628047943115234,27.821500479076686,27.372335288856576,27.754792240066255,162485600
2015-04-02,27.86597442626953,27.919340005191067,27.614709866405345,27.801490240861305,128880400
2015-04-06,28.31736183166504,28.35294001500725,27.645839737461767,27.676969799655623,148776000
2015-04-07,28.019399642944336,28.488574593940104,28.01272915828701,28.38184344650085,140049200
2015-04-08,27.928237915039062,28.106125461485597,27.788152617323846,27.983827561245935,149316800
2015-04-09,28.141698837280273,28.14614695850273,27.719218930050666,27.983824463106682,129936000
2015-04-10,28.26177406311035,28.28623364166175,27.85263510636203,28.006061366912018,160752000
2015-04-13,28.206180572509766,28.588639230734085,28.152814997705434,28.544164808218575,145460400
2015-04-14,28.083887100219727,28.304021601912243,27.99716739662991,28.239537415262678,102098400
2015-04-15,28.190616607666016,28.268441760625606,28.01940127115491,28.108345030163488,115881600
2015-04-16,28.05497932434082,28.261772854593556,28.041638353505544,28.079438901846288,113476000
2015-04-17,27.739229202270508,28.04830745205387,27.674745018986492,27.917116721430638,207828000
2015-04-20,28.37295150756836,28.48857721065811,27.83262014670152,27.92156390871118,188217200
2015-04-21,28.219526290893555,28.50636734678086,28.16615901385577,28.484133526040274,129740400
2015-04-22,28.599756240844727,28.655345879560674,28.08833258253471,28.23731240714277,150618000
2015-04-23,28.833227157592773,28.999996037623294,28.493018913764235,28.528597089138586,183083600
2015-04-24,28.968870162963867,29.04669700871143,28.73539301864322,29.015566948996813,178103600
2015-04-27,29.4958553314209,29.602589860344253,29.162317562609108,29.420254251458086,387816800
2015-04-28,29.0311279296875,29.916113892359117,28.81099516558888,29.898328196468167,475696000
2015-04-29,28.60420036315918,29.26015732972162,28.5285992793757,28.942186269320725,253544400
2015-04-30,27.828168869018555,28.604199621886025,27.70142458160776,28.604199621886025,332781600
2015-05-01,28.67313575744629,28.93552062370091,27.861528367104484,28.03941419799725,234050400
2015-05-04,28.61754035949707,29.033353092023468,28.519702069490858,28.795427851060936,203953200
2015-05-05,27.972705841064453,28.561954632389803,27.968257720114217,28.495246389824892,197085600
2015-05-06,27.797042846679688,28.18394624917403,27.430150899410055,28.141697581751504,288564000
2015-05-07,27.968978881835938,28.152074473058324,27.692101292340553,27.859566834442038,175763600
2015-05-08,28.49593162536621,28.49593162536621,28.158767256911965,28.286040975612977,222201600
2015-05-11,28.20565414428711,28.482529943603403,28.051585348625007,28.444571508121946,168143200
2015-05-12,28.10517692565918,28.330695903089556,27.870724547028903,28.044888392389844,192640000
2015-05-13,28.136438369750977,28.399917500772432,28.105178278235485,28.167698461266472,138776800
2015-05-14,28.792905807495117,28.792905807495117,28.39322291254819,28.449044755295212,180814000
2015-05-15,28.752714157104492,28.913481328066453,28.627673781266235,28.81970104618776,152832000
2015-05-18,29.069780349731445,29.18812237147555,28.661164094483212,28.66563079542484,203531600
2015-05-19,29.04298973083496,29.223851954649565,28.9469743904439,29.181426809390363,178532800
2015-05-20,29.040752410888672,29.246176365558323,28.87998524513075,29.02735571492461,145819600
2015-05-21,29.337722778320312,29.391312965217566,28.989395081224014,29.04298526812127,158921600
2015-05-22,29.594505310058594,29.690520646920238,29.339957854955138,29.38461805280413,182384000
2015-05-26,28.9424991607666,29.677116296527394,28.830855509127055,29.607897777645892,282790400
2015-05-27,29.482860565185547,29.53198405537011,29.038520913645133,29.103272746836808,183332800
2015-05-28,29.424808502197266,29.46276694515732,29.272974730357046,29.442671900136368,122933200
2015-05-29,29.089876174926758,29.351121969971384,29.005025890228723,29.301998479577218,203538000
2015-06-01,29.147930145263672,29.337725761952687,29.038521520643027,29.08987665887506,128451200
2015-06-02,29.018428802490234,29.174729283831766,28.875525018535836,28.99609870211503,134670400
2015-06-03,29.05415153503418,29.2372488140975,29.00502804099743,29.17472862297707,123934000
2015-06-04,28.88444709777832,29.156857893637614,28.783968487819013,28.933570579464032,153800400
2015-06-05,28.725910186767578,28.958130890010946,28.661158367976824,28.915705757278378,142507200
2015-06-08,28.536123275756836,28.850959248843054,28.319534279272943,28.781737310168158,210699200
2015-06-09,28.45127296447754,28.598643429224612,28.049356767393892,28.290505804225184,224301600
2015-06-10,28.77726936340332,28.879979617175298,28.547282005039268,28.56291204846722,156349200
2015-06-11,28.7125186920166,29.06754475059088,28.687956947940076,28.844257407020468,141563600
2015-06-12,28.395448684692383,28.654462799151382,28.382051990340052,28.62320270996455,147544800
2015-06-15,28.33962631225586,28.411078186682165,28.06944885884555,28.15653077756676,175955600
2015-06-16,28.491466522216797,28.547288361681776,28.216824026035603,28.364192796378532,125976400
2015-06-17,28.424482345581055,28.5539877230391,28.299440262330396,28.51826263035849,131672400
2015-06-18,28.553979873657227,28.649993482691986,28.406611138596283,28.408844488633445,141628800
2015-06-19,28.26817512512207,28.540585935354017,28.223518341350022,28.516024193215262,218867600
2015-06-22,28.49370002746582,28.594178657629293,28.37535799972522,28.466904931100128,136157200
2015-06-23,28.36419677734375,28.493703871930418,28.330703328254426,28.46467712461172,121075600
2015-06-24,28.605342864990234,28.982699035849468,28.384288863009008,28.404383907031253,221123600
2015-06-25,28.469133377075195,28.84872114068404,28.469133377075195,28.772804269381098,127752400
2015-06-26,28.301677703857422,28.578553600456058,28.248089205316834,28.50710170121939,176267200
2015-06-29,27.80596923828125,28.239147177225394,27.794805894589647,28.01362651067182,196645600
2015-06-30,28.006927490234375,28.16099627997791,27.879653791090973,28.03818757749437,177482800
2015-07-01,28.26817512512207,28.34409370179107,28.131969720006097,28.33516200432724,120955200
2015-07-02,28.232452392578125,28.28827422872065,28.082848577020254,28.230219042139197,108844000
2015-07-06,28.134206771850586,28.185563613137802,27.87742597250915,27.897522720333654,112241600
2015-07-07,28.06498908996582,28.167701072115218,27.636276059999904,28.109645880970817,187787200
2015-07-08,27.368330001831055,27.830534741104064,27.3616316540013,27.79480965149628,243046400
2015-07-09,26.810104370117188,27.701020164537873,26.620310517668223,27.65413003888908,314380000
2015-07-10,27.526865005493164,27.654138730411738,27.064660246204934,27.227660765825657,245418000
2015-07-13,28.058290481567383,28.080618876862893,27.759084533255947,27.91761835446566,165762000
2015-07-14,28.047121047973633,28.21681989207839,27.91984734078184,28.143134665928642,127072400
2015-07-15,28.317296981811523,28.3909822039926,28.040421190535152,28.071681278088274,134596800
2015-07-16,28.694656372070312,28.708056475146563,28.435643929657154,28.522725860632445,144889600
2015-07-17,28.9424991607666,28.9424991607666,28.649993338606002,28.82192551611719,184658800
2015-07-20,29.489564895629883,29.690522167865755,29.1836588787485,29.243947423257225,235600800
2015-07-21,29.194820404052734,29.679353534603262,29.098808480959107,29.66372519211815,307025600
2015-07-22,27.960046768188477,28.022566963747156,27.23882776131358,27.23882776131358,461802400
2015-07-23,27.9466495513916,28.377592563285585,27.924319450351526,28.17886692957112,203998000
2015-07-24,27.799274444580078,28.076150275307967,27.665302378327695,27.982369999286025,168649200
2015-07-27,27.412988662719727,27.60055093250438,27.267853240365948,27.484440550364504,177822000
2015-07-28,27.549192428588867,27.667536154204573,27.36386522413786,27.549192428588867,134472400
2015-07-29,27.46211051940918,27.57598754415561,27.30134335589593,27.49783731287758,148046800
2015-07-30,27.32367515563965,27.36833194670964,27.176304678723376,27.312510106098458,134513200
2015-07-31,27.084749221801758,27.38395337560886,26.997667314138685,27.37502167949639,171540000
2015-08-03,26.446155548095703,27.368331734567274,26.240729881542865,27.129414326745238,279904000
2015-08-04,25.597658157348633,26.28091680951395,25.287288919695296,26.218396632655303,496554400
2015-08-05,25.76735496520996,26.22286126525068,25.030506187943256,25.220300053740157,397250400
2015-08-06,25.82343292236328,26.130721855515446,25.5968931323742,26.0118441672273,211612000
2015-08-07,25.91091537475586,26.074653738281246,25.68213206910282,25.70007632753877,154681600
2015-08-10,26.852964401245117,26.913524125357984,26.137453032004053,26.137453032004053,219806400
2015-08-11,25.45558738708496,26.507545878935208,25.41970058587761,26.424554977301863,388331200
2015-08-12,25.848106384277344,25.88848010107389,24.58979420725311,25.2402588839715,404870000
2015-08-13,25.827924728393555,26.10829733354056,25.69110276018113,26.027549886357534,194143200
2015-08-14,26.009607315063477,26.088111307342135,25.572226707183297,25.641758570164587,171718000
2015-08-17,26.278762817382812,26.38866839301048,25.906427198152485,26.027548361832526,163538800
2015-08-18,26.13072395324707,26.341564676953208,26.020818383154,26.115023157519488,138242800
2015-08-19,25.796520233154297,26.135209069986114,25.722501463015533,26.041004295950447,193146000
2015-08-20,25.26717758178711,25.648483611062783,25.038392595214948,25.58792388594571,274006400
2015-08-21,23.721763610839844,25.098953580109377,23.69709068702081,24.7692351538536,513102000
2015-08-24,23.12961769104004,24.40363080241053,20.635422526171478,21.279158605812704,648825200
2015-08-25,23.268678665161133,24.921755869739176,23.214847613615213,24.921755869739176,414406400
2015-08-26,24.603252410888672,24.648111334122248,23.562509648293958,24.020076141302784,387098400
2015-08-27,25.327730178833008,25.39950547159993,24.67726562555014,25.17296571986374,338464400
2015-08-28,25.410722732543945,25.415207939962393,25.01820119999396,25.159508335659048,212657600
2015-08-31,25.29184913635254,25.68885594036272,25.121382135566,25.12811080340812,224917200
2015-09-01,24.161386489868164,25.094465498443444,24.080639054064935,24.706430825910797,307383600
2015-09-02,25.197641372680664,25.197641372680664,24.4776448587597,24.724374075491905,247555200
2015-09-03,24.755773544311523,25.296330892720444,24.681754785631632,25.231284260358553,212935600
2015-09-04,24.50904655456543,24.77371831536382,24.338581272955686,24.441758168011564,199985200
2015-09-08,25.190908432006836,25.246982933341556,24.7445558805347,25.065302096619618,219374400
2015-09-09,24.706432342529297,25.574464763811182,24.621197982139098,25.516148498685553,340043200
2015-09-10,25.249225616455078,25.408476989999773,24.650350371309973,24.733339535529392,251571200
2015-09-11,25.617082595825195,25.617082595825195,25.06755300397029,25.074281672328418,199662000
2015-09-14,25.863805770874023,26.218197075541763,25.762872340007302,26.148665232556162,233453600
2015-09-15,26.081382751464844,26.137457276372967,25.66418814924771,26.00287875884521,173364800
2015-09-16,26.110538482666016,26.139696614967626,25.892969086526172,26.074649970979333,148694000
2015-09-17,25.552040100097656,26.128486170277533,25.507181162917874,25.942320040848553,256450400
2015-09-18,25.446609497070312,25.637264181672517,25.092219928636705,25.168480433471128,297141200
2015-09-21,25.841379165649414,25.877267676484564,25.49371820104041,25.49595994952382,200888000
2015-09-22,25.435401916503906,25.610354140303222,25.238018516313087,25.430914996722205,201384800
2015-09-23,25.641754150390625,25.731473716641045,25.41297088214752,25.486987941390105,143026800
2015-09-24,25.794273376464844,25.906422391145128,25.2043701752995,25.401751825083856,200878000
2015-09-25,25.72922706604004,26.173337922710438,25.57446087623308,26.117263414665388,224607600
2015-09-28,25.220073699951172,25.697827938171578,25.220073699951172,25.53633306574261,208436000
2015-09-29,24.461946487426758,25.460073906130113,24.1927894932025,25.30755115306745,293461600
2015-09-30,24.74007225036621,25.018201315562724,24.38792442798784,24.710912412608344,265892000
2015-10-01,24.578584671020508,24.58755679981024,24.069427057569477,24.464192168024677,255716400
2015-10-02,24.758020401000977,24.899329280594365,24.12325816216384,24.226435069223086,232079200
2015-10-05,24.84773826599121,24.980075008332264,24.46418879718582,24.645869674183544,208258800
2015-10-06,24.966611862182617,25.063060078474173,24.621192708749092,24.814089141332204,192787200
2015-10-07,24.84773826599121,25.069792861350468,24.540451025761318,25.063064193499937,187062400
2015-10-08,24.560636520385742,24.715402722774396,24.271291830000063,24.715402722774396,247918400
2015-10-09,25.148296356201172,25.184183152026744,24.55839142763354,24.67278390489033,211064400
2015-10-12,25.031661987304688,25.289605086536547,24.99577518923133,25.285119878499245,121868800
2015-10-13,25.074277877807617,25.222313693059533,24.825306918682905,24.856708507107804,132197200
2015-10-14,24.719884872436523,25.013714734523628,24.57409081545337,24.962127147615472,177849600
2015-10-15,25.089981079101562,25.143812134243223,24.782692121453554,24.881383815261927,150694000
2015-10-16,24.906055450439453,25.121381371126688,24.79166296682932,25.072035526774933,156930400
2015-10-19,25.060821533203125,25.0653067411875,24.69745808117051,24.85222428113486,119036800
2015-10-20,25.518386840820312,25.60810639760575,24.856708318136878,24.973342544077195,195871200
2015-10-21,25.516145706176758,25.92436807367214,25.50268666001744,25.569976757039264,167180800
2015-10-22,25.906431198120117,25.906431198120117,25.59241350801237,25.644002825256845,166616400
2015-10-23,26.709413528442383,26.743058579861522,26.092593860372293,26.175583047779984,237467600
2015-10-26,25.857078552246094,26.496327643150536,25.77633111852571,26.485113767569437,265335200
2015-10-27,25.693334579467773,26.13968708548346,25.567726545614473,25.883987522338167,279537600
2015-10-28,26.752031326293945,26.75876170617066,26.032034692755182,26.227174638974653,342205600
2015-10-29,27.034637451171875,27.070525952290232,26.52772349605152,26.624171703734714,204909200
2015-10-30,26.803621292114258,27.189414274053178,26.792405703304496,27.137824961290306,197461200
2015-11-02,27.180442810058594,27.220816534999198,26.828294874677244,27.095210151298936,128813200
2015-11-03,27.492212295532227,27.698566093648566,27.072774320250645,27.092962034880685,182076000
2015-11-04,27.36435890197754,27.77258123681901,27.279126268991515,27.61781505280359,179544400
2015-11-05,27.238216400146484,27.636924307296095,27.07152584230477,27.447706558500503,158210800
2015-11-06,27.269756317138672,27.4386999620281,27.170643880773742,27.28101991423142,132169200
2015-11-09,27.159378051757812,27.43869770715078,27.04224455710382,27.247228602394177,135485600
2015-11-10,26.30339241027832,26.596228681477918,26.143459336143636,26.33267706854822,236511600
2015-11-11,26.154720306396484,26.449807892021965,25.951987655798305,26.21328789847664,180872000
2015-11-12,26.066871643066406,26.314655247715674,26.05110364236827,26.18851124213056,130102400
2015-11-13,25.30550193786621,26.03308658156117,25.289733934743825,25.949740440152322,183249600
2015-11-16,25.71997833251953,25.733493272989936,25.00365727166892,25.089254758953953,152426800
2015-11-17,25.609607696533203,25.915959014593025,25.526261536069452,25.886674345968114,110467600
2015-11-18,26.420528411865234,26.465579354077473,26.01731612030753,26.07588372005007,186698800
2015-11-19,26.756166458129883,26.974667168623625,26.30114568878998,26.499372269334888,173183200
2015-11-20,26.873306274414062,27.01296527061369,26.771939044486388,26.850779077596474,137148400
2015-11-23,26.52414894104004,26.9701608641234,26.431792268427206,26.866540595821984,129930000
2015-11-24,26.778690338134766,26.884561951850607,26.382237200649325,26.42954120960213,171212800
2015-11-25,26.58721923828125,26.857530050130254,26.56244070423051,26.853023924711955,85553200
2015-11-27,26.537668228149414,26.672824524218793,26.490364211958607,26.64579292128818,52185600
2015-11-30,26.64803695678711,26.898073613791787,26.52414430022331,26.5782057691861,156721200
2015-12-01,26.43178939819336,26.762919139912682,26.323666453091068,26.749404201420703,139409600
2015-12-02,26.193021774291992,26.605244669983524,26.14797082421379,26.431794903156916,133546400
2015-12-03,25.949739456176758,26.307900825780568,25.72898742083399,26.253839348351395,166278000
2015-12-04,26.812482833862305,26.86203991202769,25.92947111671946,25.970017660801716,231108000
2015-12-07,26.643537521362305,26.99944586177476,26.53766590073221,26.801219280086283,128336800
2015-12-08,26.63227081298828,26.71561522541016,26.323666540590864,26.4723360202465,137238000
2015-12-09,26.044349670410156,26.51063400347499,25.9227100550128,26.499370407785392,185445600
2015-12-10,26.168241500854492,26.341691256178958,26.019572000588415,26.138958557103884,116850800
2015-12-11,25.494720458984375,25.992540822311103,25.420384848355226,25.947489874490497,187544800
2015-12-14,25.337039947509766,25.382090894484865,24.731094914768907,25.26946180846365,257274800
2015-12-15,24.88876724243164,25.409114627391652,24.85723124559563,25.215392521923064,213292400
2015-12-16,25.080238342285156,25.2266564645062,24.5080842278671,25.019419405852176,224954000
2015-12-17,24.548633575439453,25.285226958728675,24.548633575439453,25.233416828828133,179091200
2015-12-18,23.884117126464844,24.670267449100322,23.834560067295428,24.532861583107387,385813200
2015-12-21,24.176959991455078,24.185970524556982,23.78050512788861,24.16569639543183,190362400
2015-12-22,24.15443229675293,24.26480830958003,23.978729495298605,24.19272576997696,131157600
2015-12-23,24.465290069580078,24.519351549372036,24.147675223812477,24.163443227026107,130629600
2015-12-24,24.334638595581055,24.553139284369426,24.316617530435273,24.553139284369426,54281600
2015-12-28,24.06207847595215,24.258053709263866,23.917913379694166,24.235526516624457,106816800
2015-12-29,24.49457359313965,24.65000228462855,24.071088840671305,24.09361431456941,123724800
2015-12-30,24.17470359802246,24.485559213586477,24.143167595802193,24.458529336588093,100855200
2015-12-31,23.710670471191406,24.10937659210281,23.611556347279446,24.104872185826398,163649200
2016-01-04,23.73094367980957,23.735449804821453,22.976329287135002,23.11373688408393,270597600
2016-01-05,23.136262893676758,23.8435733017427,23.06868648416878,23.821047831906707,223164000
2016-01-06,22.68349266052246,23.059675038056618,22.496529721573108,22.651956660286036,273829600
2016-01-07,21.726146697998047,22.555096713640157,21.721642291419773,22.2284731013443,324377600
2016-01-08,21.841028213500977,22.32533353970958,21.795977274655915,22.199189536076883,283192000
2016-01-11,22.194683074951172,22.314069607807568,21.926625352707706,22.29379720120922,198957600
2016-01-12,22.516803741455078,22.681242941827485,22.264514002903095,22.64970693933139,196616800
2016-01-13,21.93789291381836,22.793874642374632,21.91762050355392,22.597899416901196,249758400
2016-01-14,22.417694091796875,22.633943464420273,21.566218416957746,22.06629186880513,252680400
2016-01-15,21.87932014465332,22.00997026413208,21.48061403630687,21.669830028448768,319335600
2016-01-19,21.773456573486328,22.22171987191926,21.51215625892898,22.167658389749423,212350800
2016-01-20,21.802736282348633,22.118098032270122,21.043615707294155,21.42204946348329,289337600
2016-01-21,21.692365646362305,22.048272301143232,21.386014352653977,21.863560643341184,208646000
2016-01-22,22.845684051513672,22.85469458488389,22.158647638223634,22.217213527254792,263202000
2016-01-25,22.399673461914062,22.870462222533124,22.34786332551053,22.868209159580758,207178000
2016-01-26,22.52356719970703,22.72404686256047,22.09107186311873,22.510052257496053,300308000
2016-01-27,21.04361915588379,21.766697720948812,21.02559808868741,21.63379621718852,533478800
2016-01-28,21.19454002380371,21.29140110397176,20.811601828860308,21.12696360512257,222715200
2016-01-29,21.9266300201416,21.9266300201416,21.25310855531319,21.35222270266927,257666000
2016-02-01,21.721649169921875,21.7847211934897,21.48963348954721,21.730659704514956,163774000
2016-02-02,21.282392501831055,21.63379469450947,21.237339837011106,21.494134011442785,149428800
2016-02-03,21.70362091064453,21.81399691532227,21.192285701617187,21.399522772852215,183857200
2016-02-04,21.878015518188477,22.0433470401719,21.558678918068512,21.71042043534473,185886800
2016-02-05,21.293691635131836,21.95048530071671,21.21895439813523,21.859892773065564,185672400
2016-02-08,21.517908096313477,21.674178432256767,21.071741332145493,21.092123743304253,216085600
2016-02-09,21.513381958007812,21.72853946722121,21.27331318376394,21.354846301037156,177324800
2016-02-10,21.350309371948242,21.821389080960863,21.31180811355328,21.724002426962183,169374400
2016-02-11,21.221223831176758,21.452234927010696,20.969830318132942,21.241607976295857,200298800
2016-02-12,21.28689956665039,21.402405093828406,21.06494966663968,21.332196698832412,161405600
2016-02-16,21.887067794799805,21.934628475964203,21.427312815635442,21.520168889934943,196231600
2016-02-17,22.222267150878906,22.242649566362235,21.77610029204698,21.893869391071842,179452800
2016-02-18,21.801006317138672,22.39664921619739,21.76250333146128,22.38532450372018,156084000
2016-02-19,21.75118637084961,21.914252599394604,21.69683153730428,21.742126943940555,141496800
2016-02-22,21.941431045532227,21.9459616233322,21.724009964680704,21.812337224779473,137123200
2016-02-23,21.445430755615234,21.855359748221122,21.413723636182095,21.83271205261294,127770400
2016-02-24,21.76477813720703,21.828192407829796,21.13516255329631,21.284640529400786,145022800
2016-02-25,21.91425132751465,21.91425132751465,21.57226532515957,21.753450397006887,110330800
2016-02-26,21.94822120666504,22.199612916119857,21.873482243576703,22.01389901650893,115964400
2016-02-29,21.89838981628418,22.24716982987544,21.889330393188636,21.93689106850904,140865200
2016-03-01,22.76807975769043,22.822434582820552,22.06372540771771,22.11581667240276,201628400
2016-03-02,22.817907333374023,22.84961446091474,22.566513873652035,22.763552504434063,132678400
2016-03-03,22.987764358520508,23.035325042947726,22.74995920847582,22.779402771151197,147822800
2016-03-04,23.329753875732422,23.49734894099103,22.958326040343685,23.18480651206408,184220400
2016-03-07,23.071571350097656,23.28899244341536,22.8654732461108,23.189340461012108,143315600
2016-03-08,22.881324768066406,23.046656294282354,22.73864267430595,22.82470464274588,126247600
2016-03-09,22.901704788208008,23.005885592690777,22.70919501445261,22.944734900725788,108806800
2016-03-10,22.91303062438965,23.155364678153827,22.682021286222742,22.967387185765745,134054400
2016-03-11,23.15989112854004,23.16441997722652,22.987765504005953,23.155360551944863,109632800
2016-03-14,23.218772888183594,23.307101845425798,23.05117785405161,23.080621415768526,100304400
2016-03-15,23.68532371520996,23.821211627233023,23.51999224151106,23.544905226971284,160270800
2016-03-16,24.000131607055664,24.077134124384102,23.68758750566512,23.692118081924775,153214000
2016-03-17,23.961639404296875,24.1133809360807,23.771394871388694,23.89822340805467,137682800
2016-03-18,23.988811492919922,24.120170583094062,23.823481713829104,24.08393287770441,176820800
2016-03-21,23.986541748046875,24.380617189059745,23.812150859661262,23.991070596098503,142010800
2016-03-22,24.169992446899414,24.299086226519456,23.828006504151766,23.837065928955983,129777600
2016-03-23,24.036375045776367,24.2492672705037,23.984285497965914,24.11564460377253,102814000
2016-03-24,23.93218231201172,24.063541352445398,23.755527884901436,23.88688692533512,104532000
2016-03-28,23.823482513427734,24.049962995987833,23.79403894483319,24.00693115137055,77645600
2016-03-29,24.38741111755371,24.412324101396788,23.75326526539828,23.755530553359044,124760400
2016-03-30,24.813196182250977,25.00796949675472,24.595775169576513,24.607099882616183,182404400
2016-03-31,24.68410873413086,24.89020681454409,24.65919574137961,24.849440256215598,103553600
2016-04-01,24.91058349609375,24.912848784343115,24.5051832948904,24.636542366815014,103496000
2016-04-04,25.1665096282959,25.40884365418212,24.973999852742512,25.007972267717157,149424800
2016-04-05,24.86981773376465,25.078181061580132,24.781490496240938,24.80187463531264,106314800
2016-04-06,25.130271911621094,25.134802488500018,24.7316658138071,24.96494214162522,105616400
2016-04-07,24.582191467285156,25.00797414695786,24.487070080535233,24.90152804506245,127207600
2016-04-08,24.609365463256836,24.860757162220555,24.498388803456823,24.665985573310813,94326800
2016-04-11,24.690900802612305,25.051005658976695,24.64787068702946,24.679577815525835,117630000
2016-04-12,25.012500762939453,25.02608903663491,24.609365849493436,24.76337089246503,108929200
2016-04-13,25.374868392944336,25.44281148736374,25.094033134611852,25.094033134611852,133029200
2016-04-14,25.38845443725586,25.454133965630948,25.21406527619049,25.279744804565578,101895600
2016-04-15,24.878881454467773,25.433759691123253,24.851704901558435,25.39072784513812,187756000
2016-04-18,24.342124938964844,24.675049823050298,24.219825261421395,24.66146154595961,243286000
2016-04-19,24.213029861450195,24.459892764585337,24.059023060112374,24.432714483910782,129539600
2016-04-20,24.262849807739258,24.48027083078875,24.020515797140575,24.151874871871108,122444000
2016-04-21,24.000131607055664,24.21755261398772,23.898214376116265,24.21755261398772,126210000
2016-04-22,23.93445587158203,24.115640936723352,23.69438712899229,23.782714373073755,134732400
2016-04-25,23.798568725585938,23.927662527208124,23.66947492396375,23.78044987288941,112126400
2016-04-26,23.63323974609375,23.848397257080617,23.533589501423272,23.533589501423272,224064800
2016-04-27,22.15432357788086,22.355891094992916,21.6696554212396,21.742129115842708,458408400
2016-04-28,21.477144241333008,22.167908665636226,21.34578514879612,22.106759696577427,328970800
2016-04-29,21.230283737182617,21.452235409950184,20.95171366158771,21.28690386791922,274126000
2016-05-02,21.207637786865234,21.3072897781457,20.926802398967762,21.282376780325585,192640400
2016-05-03,21.55640983581543,21.683238338036464,21.21668915237302,21.334458229019873,227325200
2016-05-04,21.332191467285156,21.71947278094204,21.248393089230976,21.560935449048333,164102000
2016-05-05,21.245609283447266,21.434732996565515,21.118008579863485,21.41878290861754,143562000
2016-05-06,21.127124786376953,21.293461182259097,20.928886473720148,21.275233750654156,174799600
2016-05-09,21.143075942993164,21.366377202684173,21.097503015606634,21.190926212926954,131745600
2016-05-10,21.2866268157959,21.320806076829598,20.988131528855735,21.266120302233336,134747200
2016-05-11,21.07927131652832,21.32080169828695,21.067877652380467,21.300295188935703,114876400
2016-05-12,20.58481788635254,21.14079539282424,20.386581315893334,21.12712438477307,305258800
2016-05-13,20.625835418701172,20.887874118255745,20.50734927667825,20.50734927667825,177571200
2016-05-16,21.391433715820312,21.507642463277467,20.883308372958975,21.05192379387707,245039200
2016-05-17,21.30257225036621,21.57828188250692,21.19320072507569,21.54410436737179,187667600
2016-05-18,21.546377182006836,21.69448609071095,21.39371185171847,21.455234842892324,168249600
2016-05-19,21.464351654052734,21.56461033172737,21.320800878824148,21.56461033172737,121768400
2016-05-20,21.696773529052734,21.74462379705001,21.537270897299123,21.564614652624435,128104000
2016-05-23,21.97247886657715,22.145652472550694,21.7993052606036,21.844878177138224,152074400
2016-05-24,22.307437896728516,22.35073000503897,22.065905725812176,22.15249341929196,140560800
2016-05-25,22.699350357055664,22.726692368008063,22.35528223232984,22.48288291925164,152675200
2016-05-26,22.879362106323242,22.95227704133742,22.476050013878265,22.713023987281645,225324800
2016-05-27,22.865690231323242,22.893033984905465,22.615045241321894,22.65833908321977,145364800
2016-05-31,22.7540283203125,22.87707254272191,22.517054455497533,22.694784419501662,169228800
2016-06-01,22.43503189086914,22.681120411559874,22.40541080054539,22.56263257340704,116693200
2016-06-02,22.26641845703125,22.29376046950281,22.018050833697107,22.239074706130616,160766400
2016-06-03,22.311988830566406,22.39173926144194,22.204894649778254,22.282367738649494,114019600
2016-06-06,22.47377586364746,23.216598122238942,22.227688990504937,22.32794596162613,93170000
2016-06-07,22.564912796020508,22.75631556794565,22.54896270989583,22.61504213482064,89638000
2016-06-08,22.54441261291504,22.685684347248632,22.485168674217036,22.562640046151007,83392400
2016-06-09,22.70618438720703,22.783655731119804,22.4350312066546,22.444145789190607,106405600
2016-06-10,22.51934051513672,22.63782661505563,22.439590088419287,22.45098201313382,126851600
2016-06-13,22.179828643798828,22.585419753465544,22.12514288569783,22.487440161885598,152082000
2016-06-14,22.207172393798828,22.439589907996815,22.04539246135026,22.175272223368346,127727600
2016-06-15,22.13425636291504,22.423638701038083,22.10919169619796,22.28920078515296,117780800
2016-06-16,22.227680206298828,22.273251380760037,21.89044760462772,21.977033531475566,125307200
2016-06-17,21.721830368041992,22.022604614408348,21.71499486628369,22.015769112650048,244032800
2016-06-20,21.6694278717041,22.004381456714007,21.653477783771688,21.87450167257029,137647600
2016-06-21,21.853994369506836,21.954251316406683,21.573726562077685,21.63297048872019,142185600
2016-06-22,21.7719669342041,22.07729770373538,21.726394009955868,21.93146782299965,116876400
2016-06-23,21.897293090820312,21.9405869431981,21.703612903410196,21.86083648231507,128960800
2016-06-24,21.282068252563477,21.569171582580047,21.11117370300611,21.170417633612853,301245600
2016-06-27,20.97218132019043,21.202319822190724,20.84913702422283,21.190926155767468,181958400
2016-06-28,21.325359344482422,21.34131117057632,20.994963926386347,21.168137548481333,161779600
2016-06-29,21.50992774963379,21.544107007386295,21.33447503777124,21.411948137905544,146124000
2016-06-30,21.783353805541992,21.822089478340487,21.487137689611927,21.51903785996703,143345600
2016-07-01,21.849435806274414,21.981594663880156,21.72183510978838,21.758291706600488,104106000
2016-07-05,21.644365310668945,21.737788505120793,21.523600099054118,21.735509424214086,110820800
2016-07-06,21.767404556274414,21.797027385905224,21.503088600549212,21.555495280247005,123796400
2016-07-07,21.86082649230957,21.988427171411196,21.787911570190232,21.806138996898415,100558400
2016-07-08,22.02943992614746,22.077290176471557,21.885889175175173,21.98614609748002,115648400
2016-07-11,22.097801208496094,22.250466560475083,22.040836369241642,22.045392791473265,95179600
2016-07-12,22.19806480407715,22.26186516503708,22.129708019518418,22.141099947730144,96670000
2016-07-13,22.072734832763672,22.25502126122021,22.065897592301713,22.195779084646954,103568800
2016-07-14,22.510229110717773,22.555800292868337,22.175275532780702,22.19122562037632,155676000
2016-07-15,22.50794792175293,22.62643576573226,22.444147577346676,22.539848093956056,120548000
2016-07-18,22.747201919555664,22.81555868928696,22.466934122213043,22.489719712123474,145975600
2016-07-19,22.75632095336914,22.78594205220241,22.635554000211755,22.68568335087531,95119600
2016-07-20,22.77682113647461,22.890750815071478,22.726691799743357,22.785935719373832,105104000
2016-07-21,22.65605926513672,23.013798438655886,22.58770075262052,22.747203369015253,130808000
2016-07-22,22.480600357055664,22.62643017636847,22.400848207819866,22.617315595357848,113254800
2016-07-25,22.179828643798828,22.521617674180654,22.084128132514852,22.387181490009677,161531600
2016-07-26,22.027164459228516,22.323382329932556,21.97019961781843,22.061343711760365,224959200
2016-07-27,23.458120346069336,23.777123796795603,23.41254916957799,23.758894630827488,369379200
2016-07-28,23.774843215942383,23.799907882959403,23.42849777655176,23.430776856761174,159479200
2016-07-29,23.745227813720703,23.822700913535343,23.62446261013216,23.74067139063949,110934800
2016-08-01,24.164487838745117,24.1872734289597,23.7907985962529,23.7907985962529,152671600
2016-08-02,23.80674934387207,24.169044932095982,23.697376074006293,24.164488509298266,135266400
2016-08-03,24.105247497558594,24.116639425145156,23.87282992289697,23.88194450802383,120810400
2016-08-04,24.254154205322266,24.28393576146537,24.11898799361885,24.187716812837056,109634800
2016-08-05,24.622995376586914,24.661940892005887,24.32517282231439,24.345790419472735,162213600
2016-08-08,24.826887130737305,24.826887130737305,24.54968393855186,24.63215606994949,112148800
2016-08-09,24.927690505981445,24.957473812255955,24.744416553749847,24.794817458663687,105260800
2016-08-10,24.742124557495117,24.94830927837689,24.687142547875503,24.90478090734447,96034000
2016-08-11,24.72608757019043,24.95518131150681,24.70775965140195,24.861252038600757,109938000
2016-08-12,24.783363342285156,24.84292821004068,24.69172548754898,24.69172548754898,74641600
2016-08-15,25.08118438720703,25.094929452823862,24.760452789323715,24.77419785494055,103472800
2016-08-16,25.05827522277832,25.253006320033588,25.019329702465953,25.115548663654174,135177600
2016-08-17,25.021623611450195,25.055988028953735,24.820019960947775,24.99413172787799,101424000
2016-08-18,24.98954963684082,25.108677631934043,24.97580282167278,25.02391405299071,87938800
2016-08-19,25.053691864013672,25.12929321865578,24.8245981211078,24.918525646819003,101472400
2016-08-22,24.858959197998047,24.99412364921774,24.707756508993324,24.93914164769162,103280800
2016-08-23,24.93684959411621,25.044523915788446,24.86353967797605,24.87728474105037,85030800
2016-08-24,24.748994827270508,24.913942588893782,24.66881237310542,24.872705648487965,94700400
2016-08-25,24.64361572265625,24.71463422902995,24.439722415840986,24.602378775893236,100344800
2016-08-26,24.49928855895996,24.73067201043777,24.354958363848603,24.606962911552,111065200
2016-08-29,24.47178840637207,24.613827126359638,24.350369027794624,24.425970366554758,99881200
2016-08-30,24.283933639526367,24.398480496316587,24.169386782736147,24.23811559594881,99455600
2016-08-31,24.306840896606445,24.414515213827364,24.201458005751938,24.20604085848477,118649600
2016-09-01,24.451175689697266,24.46721218161649,24.196881497944915,24.316009473938212,106806000
2016-09-02,24.680267333984375,24.74212186960598,24.47179120889458,24.673393054162965,107210000
2016-09-06,24.673397064208984,24.810854717435326,24.62987043867753,24.719216864566654,107521600
2016-09-07,24.824594497680664,24.916232331036756,24.52906340272657,24.703175111318515,169457200
2016-09-08,24.17397117614746,24.574885229446362,24.109825207275087,24.570304123604007,212008000
2016-09-09,23.626440048217773,24.219793825851863,23.626440048217773,23.97237213291147,186228000
2016-09-12,24.155649185180664,24.219795165153805,23.48898543364512,23.51647731699655,181171200
2016-09-13,24.73066520690918,24.923104831500968,24.568008883132496,24.629865163405185,248704800
2016-09-14,25.605804443359375,25.89446302139946,24.87957776681186,24.909361069182438,443554800
2016-09-15,26.476364135742188,26.51301997404146,25.99984872493112,26.08461404011325,359934400
2016-09-16,26.32745361328125,26.604656844016898,26.125851740340764,26.37327341248133,319547600
2016-09-19,26.020465850830078,26.616109189599428,25.944864501673187,26.389306889975177,188092000
2016-09-20,26.018173217773438,26.14417546052585,25.775334438482975,25.8990452546818,138057200
2016-09-21,26.013595581054688,26.11439564085053,25.759301382936105,26.082322656209136,144012800
2016-09-22,26.258726119995117,26.332036049706506,26.116687366496414,26.196869829017217,124296000
2016-09-23,25.82115364074707,26.297669010181558,25.555405827538955,26.212903702359732,209924800
2016-09-26,25.860105514526367,25.976943832886214,25.555412112457752,25.57602971389645,119477600
2016-09-27,25.908212661743164,25.92883200916853,25.736392340534106,25.88759506216449,98429600
2016-09-28,26.105236053466797,26.263311324136268,25.986108054539123,26.045672927926393,118564400
2016-09-29,25.699737548828125,26.07087006177409,25.61268255100721,25.92425019815642,143548000
2016-09-30,25.899045944213867,25.972355865263516,25.61267879201268,25.763879739494786,145516400
2016-10-03,25.777624130249023,25.899045267802105,25.722642127859363,25.821152495557605,86807200
2016-10-04,25.887596130371094,26.18770841115558,25.80283080585212,25.90134119732404,118947200
2016-10-05,25.899045944213867,26.038793254315756,25.816572064552215,25.979228397260922,85812400
2016-10-06,26.091487884521484,26.194579376189363,25.917376139540035,26.047959511314456,115117200
2016-10-07,26.130428314208984,26.244975170571948,26.004427820917513,26.187701742390466,97433600
2016-10-10,26.586326599121094,26.74669150213669,26.281631535545106,26.35035860204621,144944000
2016-10-11,26.643604278564453,27.19113821057531,26.620693504896412,26.96433413575745,256164000
2016-10-12,26.881858825683594,27.028480428464434,26.74669435697869,26.88415025249878,150347200
2016-10-13,26.799386978149414,26.904769890789296,26.510728370924866,26.75585860742008,140769600
2016-10-14,26.94829559326172,27.072006420704078,26.833748725020254,27.00556902738245,142608800
2016-10-17,26.929973602294922,26.996409258081005,26.753570419030886,26.879572692790912,94499600
2016-10-18,26.91164207458496,27.081170953777765,26.907059220964147,27.07429842119308,98214000
2016-10-19,26.83145523071289,26.978075061385127,26.070864203658324,26.861236782996038,80138400
2016-10-20,26.817707061767578,26.891016973390936,26.650469645179683,26.77188902244529,96503200
2016-10-21,26.71233558654785,26.783355850042554,26.639025643601027,26.760445072746055,92770800
2016-10-24,26.952878952026367,26.973496549729994,26.803967670951774,26.826876695460204,94154800
2016-10-25,27.090335845947266,27.115536298189827,26.874987162364132,27.021607022040897,192516000
2016-10-26,26.48094367980957,26.5061441301924,25.958610249777237,26.187703982096433,264536800
2016-10-27,26.226652145385742,26.542800877615743,26.139595405493818,26.435126540073536,138248000
2016-10-28,26.05254364013672,26.393892865891907,25.990687343831727,26.086908054989856,151446800
2016-10-31,26.011301040649414,26.16937626592226,25.933408267382227,26.036501489543532,105677600
2016-11-01,25.541658401489258,26.063991804417213,25.32172863961677,25.99297331039435,175303200
2016-11-02,25.564563751220703,25.73867544313166,25.482091631732487,25.521037139127557,113326800
2016-11-03,25.290552139282227,25.665891571470034,25.22607682644707,25.55536296570134,107730400
2016-11-04,25.062578201293945,25.38725964409757,24.89448213712963,24.99119508556555,123348000
2016-11-07,25.424108505249023,25.447135151133345,25.2053509772968,25.348118992692342,130240000
2016-11-08,25.57378387451172,25.72576290730673,25.26061655555887,25.40108138641951,97016800
2016-11-09,25.532331466674805,25.633650807028452,24.88066884225742,25.302061516285825,236705600
2016-11-10,24.820798873901367,25.580688677849547,24.369469969035215,25.580688677849547,228538000
2016-11-11,24.96817398071289,25.069493334010403,24.53526705113169,24.666520869348684,136575600
2016-11-14,24.34184455871582,24.825411268329997,23.966505043840524,24.802384616790444,204702000
2016-11-15,24.664216995239258,24.795470809824764,24.44546122320357,24.539870998765544,129058000
2016-11-16,25.3273983001709,25.382664368337608,24.546783094729165,24.56980974472157,235362000
2016-11-17,25.318178176879883,25.410286500520794,25.06027697886951,25.285940527128584,110528000
2016-11-18,25.343507766723633,25.454038105396624,25.251401200786297,25.26521683431287,113715600
2016-11-21,25.72806739807129,25.787936332055246,25.332002724291176,25.35733256436925,117058400
2016-11-22,25.744184494018555,25.886950757404758,25.65207615055681,25.778723585598748,103862000
2016-11-23,25.612926483154297,25.677401785977857,25.405683183492684,25.64286094323088,109705600
2016-11-25,25.741878509521484,25.7603005275793,25.548450833555098,25.589899495775015,45903600
2016-11-28,25.69122314453125,25.89846649036812,25.649774475363877,25.658985485936697,108776000
2016-11-29,25.665889739990234,25.7971435479873,25.345814633526857,25.50930609564107,114115200
2016-11-30,25.449432373046875,25.836285933053308,25.39186488945556,25.69812432379819,144649200
2016-12-01,25.212265014648438,25.54615761120613,25.106341011995244,25.41490376478577,148347600
2016-12-02,25.30666732788086,25.350417422829416,25.064883182701955,25.13856949489034,106112000
2016-12-05,25.124757766723633,25.33660572760053,24.926725442523757,25.32969790926202,137298000
2016-12-06,25.318178176879883,25.41258969173736,25.143174294464316,25.214557410796452,104782000
2016-12-07,25.566877365112305,25.603721407732273,25.136273597120493,25.159300245347648,119994800
2016-12-08,25.8178653717041,25.88924848834048,25.467854091740875,25.52772476588567,108273200
2016-12-09,26.23926544189453,26.411967939555495,25.861622787554868,25.861622787554868,137610400
2016-12-12,26.089580535888672,26.481038665608832,25.90306072108466,26.087277344964694,105497600
2016-12-13,26.524797439575195,26.692893527728142,26.193208132680063,26.213931585950814,174935200
2016-12-14,26.524797439575195,26.757368835886556,26.476440958456386,26.49025659397022,136127200
2016-12-15,26.66986846923828,26.8794149900372,26.534010027083767,26.568549117922718,186098000
2016-12-16,26.704408645629883,26.826451448381032,26.630722325658223,26.819543630386885,177404400
2016-12-19,26.85869026184082,27.029089554719874,26.653750120681007,26.665264322381432,111117600
2016-12-20,26.930070877075195,27.05672005666432,26.867898761435306,26.881714396728537,85700000
2016-12-21,26.955398559570312,27.033691252558103,26.89092325759226,26.895529640202245,95132800
2016-12-22,26.778093338012695,26.82875300931792,26.628417515561896,26.79190897316127,104343600
2016-12-23,26.831056594848633,26.831056594848633,26.61690544877681,26.61690544877681,56998000
2016-12-27,27.00145149230957,27.12579746076243,26.824142668900457,26.831050485455602,73187600
2016-12-28,26.88631820678711,27.17645706110187,26.75736584804925,27.061322093155326,83623600
2016-12-29,26.879419326782227,26.96692129905935,26.80342980103535,26.814942247565597,60158000
2016-12-30,26.66986846923828,26.987640402700062,26.580063319416027,26.8609929703761,122345200
2017-01-03,26.7458553314209,26.787303993139343,26.425780238025247,26.665261199418453,115127600
2017-01-04,26.715917587280273,26.82875112245921,26.653745476663897,26.676772119232176,84472400
2017-01-05,26.85177993774414,26.90934742723303,26.667563268651545,26.692893104572285,88774400
2017-01-06,27.151138305664062,27.20870580940079,26.81954892195786,26.890932064408748,127007600
2017-01-09,27.399818420410156,27.50113775157672,27.158036048517403,27.160337482901994,134247600
2017-01-10,27.42745590209961,27.489628020170905,27.2409377910653,27.3491631997953,97848400
2017-01-11,27.5748291015625,27.61627776672702,27.310018282834758,27.342255938316,110354400
2017-01-12,27.459692001342773,27.471206201765387,27.220211038479082,27.379097868845456,108344800
2017-01-13,27.411334991455078,27.544891983763733,27.3583721300843,27.427453817642654,104447600
2017-01-17,27.632394790649414,27.687659088321013,27.2225145490127,27.25014581943833,137759200
2017-01-18,27.630094528198242,27.74753271041764,27.56561921460972,27.632397719917982,94852000
2017-01-19,27.58173942565918,27.653122561164782,27.487329642263447,27.494237460948423,102389200
2017-01-20,27.632394790649414,27.736015568386208,27.570222675371404,27.736015568386208,130391600
2017-01-23,27.650819778442383,27.818915880985873,27.57943488959548,27.63239775829992,88200800
2017-01-24,27.6254940032959,27.65542847281496,27.51726681506582,27.528781018553577,92844000
2017-01-25,28.065303802490234,28.11596347786842,27.69687219540411,27.729109851222866,129510400
2017-01-26,28.079124450683594,28.19425945104648,28.000831736890078,28.016950566668054,105350400
2017-01-27,28.081424713134766,28.173533060942884,28.000830567610393,28.12517657362826,82251600
2017-01-30,28.007734298706055,28.007734298706055,27.784373915656673,27.846546031181685,121510000
2017-01-31,27.943256378173828,27.952467386430914,27.775160308737572,27.8972030937086,196804000
2017-02-01,29.64725685119629,30.047927839765823,29.2465876194471,29.251192245568664,447940000
2017-02-02,29.59659767150879,29.794629977612935,29.423895201544966,29.469950247627544,134841600
2017-02-03,29.723251342773438,29.748581182740573,29.5114033692489,29.545942463003502,98029200
2017-02-06,30.001867294311523,30.050225525066214,29.681792235777884,29.734756848899746,107383600
2017-02-07,30.287410736083984,30.416361365033605,30.03871873154924,30.05944218685019,152735200
2017-02-08,30.40484619140625,30.446296614324577,30.216026637519,30.245962858868847,92016400
2017-02-09,30.62454605102539,30.63148381730507,30.32389657303463,30.446468482474295,113399600
2017-02-10,30.55516242980957,30.744804103372406,30.53897548606873,30.63379632285015,80262000
2017-02-13,30.82575225830078,30.948327712231414,30.700868920481543,30.777187888155584,92141600
2017-02-14,31.225852966308594,31.242039915462477,30.81650700709745,30.867386325366628,132904800
2017-02-15,31.339170455932617,31.51493664705215,31.13334178123319,31.341485397736633,142492400
2017-02-16,31.30215835571289,31.4293530672968,31.184209292346434,31.376162359059524,90338400
2017-02-17,31.38774299621582,31.41318265769598,31.24435773816867,31.24435773816867,88792800
2017-02-21,31.6143741607666,31.62593828090371,31.447860711639493,31.505677783451016,98028800
2017-02-22,31.709197998046875,31.71150941074283,31.477929688974655,31.551933712863104,83347600
2017-02-23,31.575063705444336,31.79476790546571,31.52187297949432,31.771643190601353,83152800
2017-02-24,31.605133056640625,31.605133056640625,31.2859816094627,31.431681796891738,87106400
2017-02-27,31.667570114135742,31.785519218610354,31.51724711412349,31.716138015191394,81029600
2017-02-28,31.681446075439453,31.785516105939294,31.6143762914484,31.70225937576457,93931600
2017-03-01,32.32899475097656,32.41225148179693,31.822520128099818,31.8895863837367,145658400
2017-03-02,32.137046813964844,32.442319156734115,32.09079032756467,32.377564310423224,104844000
2017-03-03,32.32668685913086,32.338250981396506,32.051476982031915,32.095418529316575,84432400
2017-03-06,32.22492980957031,32.324377031281756,32.053793495595706,32.23186757749497,87000000
2017-03-07,32.26655578613281,32.3729372331792,32.09772737806563,32.160170810212044,69785200
2017-03-08,32.14628982543945,32.33130514891458,32.104663230316284,32.134725706058425,74828800
2017-03-09,32.072296142578125,32.097735804659074,31.695331095765436,32.08617520915662,88623600
2017-03-10,32.17866897583008,32.229548280748425,32.0630348335382,32.204108628289255,78451200
2017-03-13,32.19255065917969,32.24574138671217,32.10467109388138,32.11160886143455,69686800
2017-03-14,32.143978118896484,32.29661249515814,32.109285761070936,32.215670717979364,61236400
2017-03-15,32.48395538330078,32.55102165496475,32.15323979363848,32.24112289963792,102767200
2017-03-16,32.537139892578125,32.61345886020559,32.43769268183648,32.54407765973749,76928000
2017-03-17,32.375247955322266,32.608827648937776,32.35211971565288,32.608827648937776,175540000
2017-03-20,32.71522521972656,32.72447440183468,32.43076258342925,32.470077782920484,86168000
2017-03-21,32.3405647277832,33.02512058613141,32.31512506851309,32.865544862425665,158119600
2017-03-22,32.70596694946289,32.747597084061425,32.322060673038834,32.342877504775444,103440800
2017-03-23,32.59033203125,32.74296997312818,32.51863941490938,32.66896241505103,81385200
2017-03-24,32.52556610107422,32.7799625841996,32.4584998621812,32.72445693455223,89582400
2017-03-27,32.581085205078125,32.6597155945606,32.05841649279786,32.23649410452276,94300400
2017-03-28,33.25639724731445,33.31189940587128,32.52096188655429,32.58803169997819,133499200
2017-03-29,33.33039474487305,33.41596643727402,33.115316865024205,33.22863610236925,116760000
2017-03-30,33.28645706176758,33.41828173548406,33.18701334977137,33.34658910053321,84829200
2017-03-31,33.22400665283203,33.36508046474853,33.073680132236916,33.237882186975554,78646800
2017-04-03,33.23326873779297,33.330401043390495,33.082945687698746,33.23558368029876,79942800
2017-04-04,33.480716705322266,33.50846777533685,33.11068597037959,33.129187860014184,79565600
2017-04-05,33.307254791259766,33.64028164026067,33.25868690541651,33.35350773609356,110871600
2017-04-06,33.22400665283203,33.42289754292948,33.1754387544553,33.36970329021344,84596000
2017-04-07,33.149993896484375,33.34425840175549,33.13380695214871,33.24018838313695,66688800
2017-04-10,33.11068344116211,33.274885493579646,33.04824000952453,33.21013064924229,75733600
2017-04-11,32.75453186035156,33.152313635689204,32.391438919949145,33.05749278170043,121517600
2017-04-12,32.793853759765625,32.874795567468055,32.6111497813907,32.74760079409637,81400000
2017-04-13,32.62038803100586,32.927975233219755,32.62038803100586,32.819278871201554,71291600
2017-04-17,32.800785064697266,32.81234918605461,32.57876593280913,32.71983974407023,66328400
2017-04-18,32.65508270263672,32.849347224425514,32.63426940291809,32.70365059752099,58790000
2017-04-19,32.53481674194336,32.84009253542777,32.481626030850855,32.812341473792294,69313600
2017-04-20,32.94186019897461,33.052868004939796,32.645837030484415,32.65971256512075,93278400
2017-04-21,32.90255355834961,32.99737091262982,32.80542126177874,32.941868759661006,69283600
2017-04-24,33.2193717956543,33.29106438962832,33.112986846326926,33.18699438131527,68537200
2017-04-25,33.42521286010742,33.51078101657076,33.272574908950006,33.28182761870944,75486000
2017-04-26,33.228633880615234,33.44140386191959,33.15925620070607,33.411337848042365,80164800
2017-04-27,33.25407028198242,33.33964196027927,33.14306247612717,33.28413629291438,56985200
2017-04-28,33.22168731689453,33.37201381760551,33.13380776931816,33.323445925653,83441600
2017-05-01,33.89931869506836,34.04270395775344,33.5246650583104,33.557042489525585,134411600
2017-05-02,34.1143913269043,34.24852738664094,33.95944196364165,34.121329094746294,181408800
2017-05-03,34.01032638549805,34.109773620952154,33.36508917721564,33.670361594710705,182788000
2017-05-04,33.88774490356445,34.028818712660346,33.721231439422596,33.88543349087821,93487600
2017-05-05,34.449729919433594,34.45435274496605,33.94093680090705,33.94093680090705,109310800
2017-05-08,35.38636016845703,35.54593585491734,34.46591335230264,34.46591335230264,195009600
2017-05-09,35.613006591796875,35.81883523651143,35.48811973431324,35.58525199631485,156521600
2017-05-10,35.444175720214844,35.601439987394336,35.178218606779424,35.52974738440952,103222800
2017-05-11,35.75071334838867,35.7785825048383,35.36986794901809,35.40237901200923,109020400
2017-05-12,36.24999237060547,36.32430184835647,35.917911815248516,35.92487821805518,130108000
2017-05-15,36.157100677490234,36.37771169851884,36.00615722716537,36.229089201289476,104038800
2017-05-16,36.10371398925781,36.24072472361597,35.92954672046424,36.21285909451049,80194000
2017-05-17,34.89149475097656,35.894699495583275,34.76609592962105,35.669442973116695,203070800
2017-05-18,35.423274993896484,35.609053998391495,35.09584344055079,35.128354500579434,134272800
2017-05-19,35.54403305053711,35.75767767254821,35.444178914098835,35.61834607216179,107843200
2017-05-22,35.76000213623047,35.89701278335505,35.50920100363772,35.76232308936414,91865600
2017-05-23,35.71588134765625,35.971324401714845,35.60209085541772,35.971324401714845,79675600
2017-05-24,35.609073638916016,35.801819152339235,35.453484655573796,35.72518513783783,76712000
2017-05-25,35.73213195800781,35.843601487149655,35.53706559716929,35.69962089786806,76942400
2017-05-26,35.6717529296875,35.81805446236694,35.60208536443827,35.76231970147964,87710400
2017-05-30,35.685691833496094,35.862179957978796,35.606736899657,35.62763610977203,80507600
2017-05-31,35.47437286376953,35.801808039519756,35.38613056151959,35.755364163055475,97804800
2017-06-01,35.57189178466797,35.606727335609605,35.34895984977407,35.56957083198088,65616400
2017-06-02,36.09904479980469,36.09904479980469,35.504554813511305,35.664789162390655,111082800
2017-06-05,35.746055603027344,35.86681245693269,35.63691414180082,35.84126780598039,101326800
2017-06-06,35.866825103759766,36.18264837987697,35.71123619071204,35.73910180396234,106499600
2017-06-07,36.08047103881836,36.22212715034009,35.87379279841193,35.999195149432616,84278400
2017-06-08,35.992225646972656,36.11994539693089,35.85521145399643,36.05260232047,85003200
2017-06-09,34.59656524658203,36.03867095620318,33.909187474788965,36.03867095620318,259530800
2017-06-12,33.76985168457031,33.92544059310496,33.094082235331136,33.8441647090024,289229200
2017-06-13,34.04154968261719,34.2412614926706,33.70714818267288,34.17391841944506,136661600
2017-06-14,33.709476470947266,34.25287719776067,33.40294054703805,34.25287719776067,126124800
2017-06-15,33.507450103759766,33.55157303411702,33.02442945416785,33.28219708738648,128661600
2017-06-16,33.038360595703125,33.556216789987175,33.02210328810194,33.38901597994587,201444400
2017-06-19,33.98350143432617,34.07639272886052,33.3611457064286,33.3611457064286,130165600
2017-06-20,33.67464065551758,34.10657538102148,33.6583868954916,34.10657538102148,99600400
2017-06-21,33.874359130859375,33.9208065536216,33.58175950203796,33.79308322790719,85063200
2017-06-22,33.81861877441406,34.06709541067822,33.70018283912189,33.851129835517035,76425200
2017-06-23,33.96957015991211,34.17392747367492,33.6978697550815,33.70251520587812,141757600
2017-06-26,33.862735748291016,34.43400194224442,33.760557133193196,34.17623445177102,102769600
2017-06-27,33.37739944458008,33.94170298522307,33.35185478153137,33.67464449999742,99047600
2017-06-28,33.86506271362305,33.93008483596802,33.24502805476496,33.55388490762354,88329600
2017-06-29,33.36579132080078,33.70251742867017,33.040680612409396,33.60498421615276,125997600
2017-06-30,33.444740295410156,33.66303037038063,33.38900552836239,33.544594433334126,92096400
2017-07-03,33.323978424072266,33.74198025584956,33.23109070298372,33.64444708567476,57111200
2017-07-05,33.460994720458984,33.62355003161704,33.142850501232495,33.36810698363725,86278400
2017-07-06,33.14516830444336,33.323980901443484,33.07085883073609,33.21251491916274,96515200
2017-07-07,33.48188781738281,33.614256538801015,33.18464286168929,33.18464286168929,76806800
2017-07-10,33.68626022338867,33.89293850508548,33.29380287486033,33.46564913178166,84362400
2017-07-11,33.7953987121582,33.86971174179813,33.528343791700344,33.609619681498685,79127200
2017-07-12,33.84416580200195,33.94634089873578,33.63052116502008,33.874352368642334,99538000
2017-07-13,34.31557083129883,34.48277156333714,33.7744911767081,33.78842398047139,100797600
2017-07-14,34.610504150390625,34.67785078484999,34.21340492186684,34.36202745628382,80528400
2017-07-17,34.73124694824219,35.04242469951747,34.501348607324154,34.55940431659667,95174000
2017-07-18,34.85200881958008,34.86362067178961,34.52457372184604,34.647651559699575,71475200
2017-07-19,35.07030487060547,35.163192617256435,34.82182465598151,34.94490251484222,83692000
2017-07-20,34.912391662597656,35.23750586474434,34.877559643250706,35.1817710903488,68974800
2017-07-21,34.89613723754883,34.93561470653786,34.57334753845936,34.831115107044496,105010400
2017-07-24,35.318782806396484,35.400062245206634,34.81021404818792,34.96812747527722,85972800
2017-07-25,35.4697265625,35.72516962312926,35.25143647237522,35.25143647237522,75415600
2017-07-26,35.63692855834961,35.74607006372819,35.544037270290794,35.611383897063476,63124000
2017-07-27,34.96348190307617,35.760008352946,34.206436467421675,35.704273577089516,129905200
2017-07-28,34.71731948852539,34.88684119353029,34.64533096489755,34.80788626719265,68854800
2017-07-31,34.53851318359375,34.91007126526908,34.39918156054586,34.81021356914964,79383600
2017-08-01,34.845054626464844,34.884532103058135,34.464209127248445,34.62444353094187,141474400
2017-08-02,36.49149703979492,37.097598795658755,36.26391964810976,36.98845377707275,279747200
2017-08-03,36.12691879272461,36.50776421266773,35.99919548713142,36.47060769768784,108389200
2017-08-04,36.31733322143555,36.55187703625577,36.15477792683541,36.24302374823534,82239600
2017-08-07,36.87931823730469,36.90486289808057,36.38236137229772,36.472928161695805,87481200
2017-08-08,37.17424774169922,37.580637876655814,36.753924797637495,36.83055879115649,144823600
2017-08-09,37.401817321777344,37.45058568678089,36.94898340434453,36.983815419747046,104526000
2017-08-10,36.210506439208984,37.30157582454633,36.049642824288746,37.2782609167138,163217200
2017-08-11,36.714073181152344,36.968192857393895,36.385355764156465,36.50891694333438,105028400
2017-08-14,37.2666130065918,37.35054170797339,37.01016320866023,37.14305180141279,88490800
2017-08-15,37.67459487915039,37.814473661034796,37.334216417589246,37.45544754110693,117862000
2017-08-16,37.52305603027344,37.886745852628806,37.33654742570881,37.75386082862469,110686400
2017-08-17,36.80265426635742,37.46708977173659,36.79799057498289,37.42279359706408,111762400
2017-08-18,36.7187385559082,37.185008251856246,36.5368936590769,36.80266724347307,109712400
2017-08-21,36.651119232177734,36.80964917030328,36.16153478588776,36.718726751118496,105474000
2017-08-22,37.25029373168945,37.301583693857005,36.83997759170527,36.88893392818397,86418400
2017-08-23,37.296905517578125,37.41114285393085,37.04045936367374,37.084755546287134,77596400
2017-08-24,37.13139343261719,37.474101991719,36.96353603398136,37.40182719054739,79275600
2017-08-25,37.26892852783203,37.43212217310998,37.131379852337375,37.219968655571314,101920400
2017-08-28,37.6442756652832,37.76783682215001,37.28524608855897,37.3342059607867,103864000
2017-08-29,37.97999954223633,38.028955868971686,37.3015762700593,37.3248911781703,118067600
2017-08-30,38.082584381103516,38.20847565209221,37.910063287850285,38.18749436648676,109078400
2017-08-31,38.234107971191406,38.35533906569599,38.11287687668682,38.15017929920435,107140400
2017-09-01,38.24577713012695,38.45326702753161,38.14786090906187,38.420628287176584,66364400
2017-09-05,37.786495208740234,38.29239738351499,37.43212925668109,38.17582996377826,117874000
2017-09-06,37.746856689453125,37.99864270278832,37.42279945659071,37.933365242740834,86606800
2017-09-07,37.59531784057617,37.823792513609234,37.38549793641219,37.788820158012,87714000
2017-09-08,36.98218536376953,37.56968267165352,36.95887045395499,37.5020751249606,114446000
2017-09-11,37.651283264160156,37.7795081601223,37.275935963628775,37.41814838326752,126323200
2017-09-12,37.50208282470703,38.22480248907373,37.0148317028028,37.910068928736756,286856000
2017-09-13,37.21995544433594,37.29223019342013,36.81430332111063,37.27124536569716,179629600
2017-09-14,36.90058135986328,37.16169123643117,36.85628517208367,37.06610865777309,95042800
2017-09-15,37.273597717285156,37.5277138279372,36.835303099019114,36.944876753585625,196458400
2017-09-18,36.99149703979492,37.41813413626858,36.835297155952865,37.32721170963351,113077600
2017-09-19,37.0054931640625,37.247955396378906,36.937885623859245,37.187338059622085,83242400
2017-09-20,36.38535690307617,36.895919224555115,35.86313357054111,36.81199053820761,211805600
2017-09-21,35.76054382324219,36.322399497770945,35.61133770608045,36.322399497770945,150046800
2017-09-22,35.410850524902344,35.499442902004716,35.100780762399374,35.329251908375916,186581600
2017-09-25,35.098445892333984,35.39685816059518,34.774388653018086,34.96789096963907,177549200
2017-09-26,35.702266693115234,35.88411157067662,35.364221910846254,35.385203191175236,146640000
2017-09-27,35.956382751464844,36.070620095370714,35.79551915443488,35.85613648511578,102016800
2017-09-28,35.734901428222656,35.96803622540958,35.59968281897168,35.87711379680086,88022000
2017-09-29,35.93073272705078,35.933066351659704,35.43648811018328,35.71858277155957,105199200
2017-10-02,35.85846710205078,36.00767324874679,35.604350994879546,35.963377062526,74795200
2017-10-03,36.014671325683594,36.15688372921722,35.88178630844872,35.905097659484454,64921200
2017-10-04,35.78153991699219,35.870132308584026,35.54374490380764,35.81651228294703,80655200
2017-10-05,36.226810455322266,36.23846790487071,35.91441072860714,35.94471582860812,85135200
2017-10-06,36.205841064453125,36.25013725286414,36.033320003630024,36.12890614100588,69630400
2017-10-09,36.331729888916016,36.539219738671264,36.25013483544445,36.3247361288286,65051600
2017-10-10,36.345733642578125,36.83531841149638,36.15922854713943,36.383036084608534,62468000
2017-10-11,36.49726486206055,36.597511149322166,36.31075625330116,36.362046209643886,67622400
2017-10-12,36.36903762817383,36.68843124334951,36.306090220834726,36.45063625092287,64500400
2017-10-13,36.59983825683594,36.66744579232641,36.46461962849979,36.539220924304615,65576800
2017-10-16,37.273597717285156,37.30157275850037,36.753704485667825,36.81198819310298,96486000
2017-10-17,37.41114044189453,37.504392935964724,37.122052018509535,37.25027686587202,75989200
2017-10-18,37.2456169128418,37.46709783386233,37.208318045882265,37.399486745122914,65496800
2017-10-19,36.36436080932617,36.620810481953264,36.14055341990099,36.543875580165135,170336800
2017-10-20,36.42731475830078,36.777016979980466,36.35970722734556,36.51124343379811,95896400
2017-10-23,36.40867233276367,36.76303833231093,36.25247239626695,36.576529724267324,87937200
2017-10-24,36.625484466552734,36.70008576487536,36.415660977975,36.43664225962618,71028800
2017-10-25,36.464622497558594,36.730396082480816,36.198848912636365,36.58118992177633,84828400
2017-10-26,36.697750091552734,36.79566628165683,36.55087402771921,36.6557839773054,68002000
2017-10-27,38.01263427734375,38.14085914374413,36.99849635632413,37.13604505057401,177816800
2017-10-30,38.86824417114258,39.18297765530634,38.168839590650364,38.208472089995574,178803200
2017-10-31,39.40910339355469,39.55131575795525,38.91952246825695,39.14332987486318,144187200
2017-11-01,38.90787124633789,39.618933182180236,38.609458951518015,39.60261203671337,134551200
2017-11-02,39.19230270385742,39.28322515985603,38.53253060218308,38.840270334705004,165573600
2017-11-03,40.215755462646484,40.62607145512483,39.894028280591726,40.5654576840608,237594400
2017-11-06,40.623756408691406,40.79627751569508,40.03392539506476,40.185461657434445,140105200
2017-11-07,40.75429916381836,40.85687905844864,40.47220801094028,40.544479239242015,97446000
2017-11-08,41.08768844604492,41.08768844604492,40.64240001575944,40.71933494539167,97638000
2017-11-09,41.00376510620117,41.05505506598256,40.36497423451421,40.82425024696634,117930400
2017-11-10,40.868045806884766,41.03416813590348,40.77445807541765,40.97099445358447,100582000
2017-11-13,40.704261779785156,40.828267119235015,40.57089552595637,40.59429424176089,67928400
2017-11-14,40.08890914916992,40.589610928932494,40.0514726345736,40.48666229886388,99130000
2017-11-15,39.56013488769531,39.85026254347845,39.396354586101126,39.76837060760995,116632400
2017-11-16,40.03277587890625,40.21293249207959,39.845596792225884,40.05149057444457,94550000
2017-11-17,39.81048583984375,40.100613508945926,39.691160951092115,40.018721569317975,87598000
2017-11-20,39.770721435546875,39.906426176309175,39.67245322399015,39.84325247954274,65049600
2017-11-21,40.51006317138672,40.64108740931225,39.95788704717005,39.95788704717005,100525200
2017-11-22,40.935909271240234,40.945266618461126,40.4890200758842,40.56155111981388,102355600
2017-11-24,40.93825149536133,41.062256885815216,40.86337843010541,40.96866912438958,56106800
2017-11-27,40.73234558105469,40.963980061627794,40.55686588762935,40.95696115950226,82867200
2017-11-28,40.493709564208984,40.91485811579513,40.210600658167905,40.78149535983144,105715200
2017-11-29,39.65372085571289,40.4585880966455,39.11090565587117,40.39073753546878,166665600
2017-11-30,40.208251953125,40.276102536188226,39.41040335529264,39.876007230103156,166108800
2017-12-01,40.02106857299805,40.166130640564205,39.42443691456497,39.76369693362898,159037200
2017-12-04,39.72859573364258,40.38839739869547,39.688820772464105,40.3556413383048,130169600
2017-12-05,39.6911735534668,40.13104386915621,39.40104579224594,39.55546880564466,109400800
2017-12-06,39.54376220703125,39.82219055504739,38.9471341128749,39.19046438055372,114240000
2017-12-07,39.61629867553711,39.878347217695996,39.52036891630265,39.54844452577864,102693200
2017-12-08,39.627994537353516,40.00937156075876,39.49931228026131,39.8900466501275,93420800
2017-12-11,40.40010452270508,40.451578851805564,39.49228843145303,39.58821818751698,141095200
2017-12-12,40.173152923583984,40.33459482276244,40.11700170310015,40.27844003213489,77636800
2017-12-13,40.30652618408203,40.60366929758717,40.24335247996725,40.3603389697346,95273600
2017-12-14,40.2948112487793,40.50772743470711,40.16144498831584,40.33692465515115,81906000
2017-12-15,40.704261779785156,40.75105564125142,40.350964020050625,40.62471185827822,160677200
2017-12-18,41.27750778198242,41.46000639901297,40.912510547921336,40.91719100660374,117684400
2017-12-19,40.8376350402832,41.03651346570218,40.732347932179394,40.952283065190386,109745600
2017-12-20,40.79318618774414,41.04353539345949,40.53581450883679,40.91484955400582,93902400
2017-12-21,40.947601318359375,41.18391626326869,40.73468866472213,40.75106491339718,83799600
2017-12-22,40.947601318359375,41.043531076785065,40.82827640894882,40.870389822807745,65397600
2017-12-26,39.908756256103516,40.11933042216135,39.7005169634749,39.96256901940401,132742000
2017-12-27,39.9157829284668,39.9578963418206,39.707547165438044,39.79879646451484,85992800
2017-12-28,40.02809143066406,40.20825159602638,39.887706237108844,40.00937316684711,65920800
2017-12-29,39.595237731933594,39.913441057833,39.59289928789782,39.89706480929548,103999600
2018-01-02,40.304168701171875,40.3135296160415,39.60225003195517,39.81282777480597,102223600
2018-01-03,40.29714584350586,40.839964608071945,40.233975739981666,40.36733841756425,118071600
2018-01-04,40.48432922363281,40.587277867352185,40.262055690225814,40.36968122128297,89738400
2018-01-05,40.945255279541016,41.03182410540059,40.48900886331186,40.58025814655769,94640000
2018-01-08,40.79318618774414,41.08799082619294,40.6949144047839,40.79318618774414,82271200
2018-01-09,40.78850555419922,40.959304811209066,40.57325086464644,40.839979889760095,86336000
2018-01-10,40.77913284301758,40.781474856775525,40.47730939010454,40.514745908802524,95839600
2018-01-11,41.01076889038086,41.05990476936201,40.825931873561046,40.84932702105531,74670800
2018-01-12,41.43425750732422,41.49743118615743,41.09733598040432,41.221341324320264,101672400
2018-01-16,41.223690032958984,41.97240267540656,41.21199067273534,41.623781733545634,118263600
2018-01-17,41.90455627441406,41.9396507884389,40.961645582745746,41.214333224012265,137547200
2018-01-18,41.941986083984375,42.13852605820033,41.70567471028857,41.96772324905173,124773600
2018-01-19,41.75481033325195,42.01685887036376,41.50913804463785,41.78990484442101,129700400
2018-01-22,41.4132194519043,41.595718099470616,41.31963168346063,41.48341206330931,108434400
2018-01-23,41.42256546020508,41.98410262756551,41.37109470075366,41.48340070616833,130756400
2018-01-24,40.762760162353516,41.48339714467017,40.52410679746099,41.47169778528601,204420400
2018-01-25,40.03510284423828,40.93355791852135,39.89939813455858,40.83060927185792,166116000
2018-01-26,40.128692626953125,40.243340638442135,39.78943262048329,40.243340638442135,156572000
2018-01-29,39.298095703125,39.81283544569889,39.089859933941504,39.81283544569889,202561600
2018-01-30,39.06646728515625,39.160055045574445,38.53534764091524,38.72954563542,184192800
2018-01-31,39.17409133911133,39.41040631577507,38.95649819798095,39.04306705153036,129915600
2018-02-01,39.25597381591797,39.452510199787405,39.0173204525661,39.113250200696385,188923200
2018-02-02,37.55266571044922,39.02669629348642,37.45907794047478,38.83951718339296,346375200
2018-02-05,36.614418029785156,38.343477505754464,36.49977003097488,37.22508740195526,290954000
2018-02-06,38.14460754394531,38.30604944131928,36.03183221340703,36.22603017907835,272975200
2018-02-07,37.328041076660156,38.23117676302514,37.218077079981796,38.1586457232369,206434400
2018-02-08,36.3008918762207,37.66963468893804,36.27281627231443,37.5035123688258,217562000
2018-02-09,36.74492263793945,37.09261349683352,35.2954238841136,36.899975274837004,282690400
2018-02-12,38.22496032714844,38.50217236916736,37.003337488277786,37.23591642711591,243278000
2018-02-13,38.607887268066406,38.70420816084328,37.97593331088665,38.046412100350224,130196800
2018-02-14,39.3197135925293,39.35965073484387,38.26489411950926,38.30247969864652,162579600
2018-02-15,40.6400032043457,40.66349374207075,39.702643640911546,39.888234303148494,204588800
2018-02-16,40.50843811035156,41.06991676593039,40.35338910191299,40.491995093642714,160704400
2018-02-20,40.37218475341797,40.938355795703735,40.271164333497524,40.419169411304395,135722000
2018-02-21,40.188934326171875,40.90545828630088,40.174835705295834,40.60240425439604,149886400
2018-02-22,40.524879455566406,40.865522652890775,40.33928883126937,40.36043138630971,123967600
2018-02-23,41.22966003417969,41.2648976259703,40.76920185482098,40.799743490838885,135249600
2018-02-26,42.04485321044922,42.14352204456397,41.39645647853849,41.42934608991008,152648800
2018-02-27,41.90861511230469,42.399611538171975,41.85458292184621,42.07541481072062,155712400
2018-02-28,41.84517288208008,42.43249005630509,41.82872986524554,42.112989370138706,151128400
2018-03-01,41.1121940612793,42.235143989434334,40.56246615530191,41.94383343816568,195208000
2018-03-02,41.39646530151367,41.41760785946614,40.5131379769265,40.595363815229945,153816000
2018-03-05,41.539764404296875,41.75589666087064,40.999431970512966,41.16153205911804,113605600
2018-03-06,41.5045280456543,41.875712915688,41.37766911815642,41.79583864338566,95154000
2018-03-07,41.11925506591797,41.311896844788045,40.94071191221156,41.098112505222474,126814000
2018-03-08,41.56795883178711,41.61024394557519,41.128646754391646,41.22496404180873,95096400
2018-03-09,42.282135009765625,42.286834550653744,41.67367530628129,41.807585336347394,128740800
2018-03-12,42.690914154052734,42.84831473803731,42.33617584549344,42.354966841900726,128828400
2018-03-13,42.279788970947266,43.10908053311904,42.108293360008226,42.895296221645985,126774000
2018-03-14,41.92034149169922,42.408989697640614,41.77233645097069,42.362005051524825,117473600
2018-03-15,41.96967315673828,42.34320950886789,41.83341876152464,41.93443556913107,90975200
2018-03-16,41.82168960571289,42.080107056410576,41.727716690704504,41.969691121713325,157618800
2018-03-19,41.18268585205078,41.69247678950339,40.79740588350734,41.6572391887555,133787200
2018-03-20,41.16859817504883,41.535083627175275,41.098119376247446,41.16859817504883,78597600
2018-03-21,40.23591995239258,41.13333859622522,40.23356838983998,41.1215915375593,148219600
2018-03-22,39.66740417480469,40.567170949186654,39.60867245620693,39.93756864647452,165963200
2018-03-23,38.74883270263672,39.91876733613964,38.74883270263672,39.55932956569778,164115200
2018-03-26,40.58831024169922,40.66583652732721,39.101222947632834,39.48415483536228,150164800
2018-03-27,39.5475959777832,41.14744769404664,39.2140001889255,40.80210484250869,163690400
2018-03-28,39.11062240600586,39.94226549266874,38.80756833575712,39.291517090797406,166674000
2018-03-29,39.4160270690918,40.34868696132009,39.2092902915603,39.42307458789862,153594000
2018-04-02,39.15760040283203,39.688537307064934,38.63841414116743,39.14820490735568,150347200
2018-04-03,39.559326171875,39.64389996852914,38.73473434302113,39.38313106090376,121112000
2018-04-04,40.3157958984375,40.40976520228885,38.70889714356491,38.734739239828905,138422000
2018-04-05,40.595359802246094,40.93130347216911,40.42621218594805,40.54367560922729,107732800
2018-04-06,39.55698776245117,40.52018578459094,39.514699061545755,40.16544749918795,140021200
2018-04-09,39.94931411743164,40.66349020989333,39.90232946136302,39.90937698053834,116070800
2018-04-10,40.70106887817383,40.87726398154254,40.29699448767235,40.64233717705092,113634400
2018-04-11,40.51079177856445,40.858482557401416,40.336944596796116,40.46145555647489,89726400
2018-04-12,40.910152435302734,41.11218962484706,40.65173152378146,40.73865687658323,91557200
2018-04-13,41.04877471923828,41.309543712008065,40.84204149245945,41.060521780745006,100497200
2018-04-16,41.30482864379883,41.39175040627089,41.07224983849736,41.11923447808501,86313600
2018-04-17,41.87335968017578,42.03780774506262,41.443443148950855,41.4622377256092,106421600
2018-04-18,41.779388427734375,42.00961931226193,41.55386066842869,41.772340909299764,83018000
2018-04-19,40.595359802246094,41.20381947450477,40.56247018711588,40.82088756751069,139235200
2018-04-20,38.93208312988281,40.22418097949111,38.86395232674434,40.07852745991191,261964400
2018-04-23,38.819313049316406,39.213988427152856,38.54914502750533,39.19284587149001,146062000
2018-04-24,38.278987884521484,39.07538989520362,37.87491334848278,38.92033728806554,134768000
2018-04-25,38.445777893066406,38.861599424791336,38.15447089081557,38.20380352230031,113528400
2018-04-26,38.579673767089844,38.934411892962444,38.37998458227736,38.55617965663027,111852000
2018-04-27,38.133323669433594,38.60552529366012,37.73629676460138,38.527999011826125,142623200
2018-04-30,38.824012756347656,39.293866490425344,38.020563301238745,38.08869410011174,169709600
2018-05-01,39.726131439208984,39.7496219731945,38.8263611810119,39.09417764440143,214277600
2018-05-02,41.48103713989258,41.758249112359714,40.83028873791382,41.166232425025626,266157600
2018-05-03,41.55620574951172,41.69951125552429,40.980635747713265,41.31893094778877,136272800
2018-05-04,43.18659591674805,43.285264746794,41.85690931168847,41.875703886654165,224805200
2018-05-07,43.49906539916992,44.08873062408348,43.40274451042906,43.503761356157284,169805600
2018-05-08,43.708133697509766,43.74807082502772,43.14900674286115,43.45911185257509,113611200
2018-05-09,44.015899658203125,44.02529515598114,43.51315628663752,43.82560946207637,92844800
2018-05-10,44.64550018310547,44.723026479302476,44.084025114920664,44.10517125730131,111957200
2018-05-11,44.47570037841797,44.82237483155684,44.20685116971051,44.68795202646433,104848800
2018-05-14,44.37192916870117,44.6973795056611,44.30353925656138,44.574745471679925,83115200
2018-05-15,43.968658447265625,44.117234231162634,43.652643426187645,44.048840718550096,94780800
2018-05-16,44.379005432128906,44.445041913162775,43.864891761356354,43.88140178124538,76732400
2018-05-17,44.09836959838867,44.55116807100797,43.94979380634148,44.33655939327812,69176000
2018-05-18,43.9379997253418,44.29174885556378,43.89555155700583,44.14553369993248,73190800
2018-05-21,44.24930191040039,44.636067492860136,44.07950203531832,44.33655888007339,73603200
2018-05-22,44.13845443725586,44.544087019146,44.048836848680494,44.426170654608676,60962800
2018-05-23,44.42145919799805,44.45447564073993,43.80829257733751,43.94743664180622,80233600
2018-05-24,44.37192916870117,44.53465433718114,43.91441666990919,44.51814791639791,92936000
2018-05-25,44.47333526611328,44.725674408100176,44.254008962832486,44.39079237378272,69844000
2018-05-29,44.3129768371582,44.51343613465707,44.07006936758996,44.24222988370924,90056400
2018-05-30,44.21863555908203,44.336551920572916,44.048835710653414,44.270519046019764,74762000
2018-05-31,44.070064544677734,44.39079722646225,43.8979076459214,44.152607446031645,109931200
2018-06-01,44.86483383178711,44.86954789692039,44.27760885562374,44.334210023930105,93770000
2018-06-04,45.239784240722656,45.614757344945744,45.12658555989555,45.19497545496244,105064800
2018-06-05,45.58884048461914,45.73741630826925,45.36480003207524,45.532242912579584,86264000
2018-06-06,45.74684143066406,45.77042614795653,45.26102648202931,45.664302117185684,83734400
2018-06-07,45.624202728271484,45.79871665000415,45.360067616734455,45.784567261595775,85388800
2018-06-08,45.209144592285156,45.27989514815871,44.753989040222194,45.08415350293508,106627200
2018-06-11,45.098304748535156,45.2728223137285,44.857757886607324,45.126607131161826,73234000
2018-06-12,45.34592819213867,45.423753444007204,45.07943599015152,45.13603715474393,67644400
2018-06-13,44.97329330444336,45.4874104403448,44.91197810045492,45.37892581949619,86553600
2018-06-14,44.99688720703125,45.178479423187866,44.860103786934765,45.173761760833635,86440400
2018-06-15,44.534664154052734,44.8459651708129,44.39788070109959,44.81530575592877,246876800
2018-06-18,44.511077880859375,44.62427660179374,44.147893403349705,44.308261556652305,73939600
2018-06-19,43.79178237915039,43.942715189887565,43.263515742309266,43.66207365151953,134314000
2018-06-20,43.982791900634766,44.14787404597319,43.80119974150206,43.94741844039113,82514800
2018-06-21,43.737545013427734,44.4191015421544,43.614910971313066,44.15968406816612,102847600
2018-06-22,43.61019515991211,43.90026845785163,43.558311662911876,43.89319376267183,108801600
2018-06-25,42.961647033691406,43.610187026720794,42.62204733430526,43.25172027753299,126652400
2018-06-26,43.49462890625,43.989879081387414,43.04890518803509,43.15503279593732,98276800
2018-06-27,43.43095779418945,44.1667547835361,43.40029838679268,43.6832969520397,101141200
2018-06-28,43.746971130371094,43.9144139509313,43.34605621168392,43.41680674992798,69460800
2018-06-29,43.65500259399414,44.145535169386115,43.13617123876956,43.93328352507445,90950800
2018-07-02,44.14316940307617,44.17147177813843,43.25643961910087,43.35077487177182,70925200
2018-07-03,43.37436294555664,44.32476872776422,43.284745340770385,44.28703462064132,55819200
2018-07-05,43.723384857177734,43.96157820747842,43.45925336225282,43.69036842031212,66416800
2018-07-06,44.32949447631836,44.43797555593009,43.67623657187615,43.72812007900286,69940800
2018-07-09,44.945003509521484,44.9685846241399,44.64313789363866,44.69030372139748,79026400
2018-07-10,44.89076232910156,45.1100850442981,44.850667597646556,44.97566225723099,63756400
2018-07-11,44.308258056640625,44.75633884056429,44.24458220679138,44.45447320956941,75326000
2018-07-12,45.05112838745117,45.14074598088069,44.645495783589865,44.69737927467831,72164400
2018-07-13,45.12188720703125,45.24216063196947,45.020477238201885,45.06292901075361,50055600
2018-07-16,45.0228271484375,45.43317379376515,44.9072678157817,45.1666852570409,60172400
2018-07-17,45.15017318725586,45.24922249709386,44.619549571216886,44.749258285952976,62138000
2018-07-18,44.90256118774414,45.23272924852803,44.79171949001588,45.22801158520352,65573600
2018-07-19,45.2515869140625,45.40959441668274,44.73511264213496,44.73511264213496,81147200
2018-07-20,45.1478271484375,45.38129929328812,44.84831851576083,45.228009428517055,82704800
2018-07-23,45.18790817260742,45.2704510650198,44.70445037102443,44.9685818691092,63957600
2018-07-24,45.51572799682617,45.671378500253525,45.29168756835982,45.38601924397004,74791600
2018-07-25,45.94493865966797,45.9520133543751,45.38129492550352,45.52987071139773,66839600
2018-07-26,45.801090240478516,46.21379764560685,45.65958911931103,45.89542192224151,76304000
2018-07-27,45.03933334350586,46.03219071080195,44.83180299005585,45.98502488495066,96096000
2018-07-30,44.787010192871094,45.32706574902872,44.58891149442645,45.256315185720446,84118000
2018-07-31,44.87662124633789,45.31291335911361,44.65258080944883,44.878981877356686,157492000
2018-08-01,47.52029800415039,47.58161322223618,46.532158229193854,46.96137555136066,271742800
2018-08-02,48.90934753417969,49.14282322186188,47.24908677289368,47.30332729077155,249616000
2018-08-03,49.050846099853516,49.2277206303756,48.45890370131914,48.824445117435765,133789600
2018-08-06,49.3055419921875,49.34799014889635,48.83387661442028,49.053199287791834,101701600
2018-08-07,48.84332275390625,49.40696290274609,48.760779849027344,49.36451473350938,102349600
2018-08-08,48.8763427734375,49.00840855209186,48.2325203032362,48.59334416224635,90102000
2018-08-09,49.26074981689453,49.472997869054055,48.86454889473496,49.41403967695169,93970400
2018-08-10,49.114017486572266,49.485575177649636,48.91048987483557,49.07378574614256,98444800
2018-08-13,49.43113327026367,49.92338610751572,49.154241726398546,49.535264164259196,103563600
2018-08-14,49.639400482177734,49.83109437109607,49.28677602737051,49.73643188137967,82992000
2018-08-15,49.75537872314453,49.87370867325662,49.3033574470419,49.513984613795685,115230400
2018-08-16,50.48427963256836,50.60024064494456,50.04645747690956,50.11272194430814,114001600
2018-08-17,51.4924430847168,51.5800060608776,50.446407133647675,50.51267159308972,141708000
2018-08-20,50.99073791503906,51.87110932189364,50.90790551488635,51.61551983641066,121150800
2018-08-21,50.89134216308594,51.400163103334,50.65231696947076,51.307865888854536,104639200
2018-08-22,50.89370346069336,51.203727298569135,50.60734344206001,50.66887731660461,76072400
2018-08-23,50.997833251953125,51.36702204650788,50.78720612628316,50.799036230072055,75532800
2018-08-24,51.156394958496094,51.33152093949992,50.907901389318916,51.26052587214312,73905600
2018-08-27,51.577659606933594,51.76698825071557,51.196637020361884,51.39069626215936,82100400
2018-08-28,51.99416732788086,52.192960731402756,51.809572937304424,51.83087145672263,91107200
2018-08-29,52.77040481567383,52.89110363309091,51.92553114946539,52.100657102357275,109019200
2018-08-30,53.25556564331055,54.01997594606434,52.63314908356902,52.83431140009816,195175200
2018-08-31,53.87088394165039,54.164339850677784,53.48512722248886,53.60582244851051,173360400
2018-09-04,54.043643951416016,54.23770315227704,53.63422341854379,54.0554776662455,109560400
2018-09-05,53.69102096557617,54.353669291891656,53.27213561587266,54.19274232139055,133332000
2018-09-06,52.7988166809082,53.80462109487018,52.37282820688396,53.539559593731255,137160000
2018-09-07,52.372833251953125,53.33603710572654,52.233204786532895,52.50299691088014,150479200
2018-09-10,51.66993713378906,52.50298068228619,51.229749739479225,52.28998468502147,158066000
2018-09-11,52.976314544677734,53.08281076636289,51.25106203103439,51.59421812808349,142996000
2018-09-12,52.31840133666992,53.24847293050739,52.02730708462673,53.23427391550883,197114800
2018-09-13,53.5821533203125,54.041273971237196,52.673380433963544,52.89820655167568,166825600
2018-09-14,52.97394943237305,53.683929109361706,52.66156025229259,53.425970693396906,127997200
2018-09-17,51.56344223022461,52.76330562803429,51.4190795969982,52.5739770516672,148780400
2018-09-18,51.64864730834961,52.502989516991164,51.383585819005404,51.542147486225396,126286800
2018-09-19,51.679412841796875,51.97523766891005,50.952868944201235,51.71017977938237,108495200
2018-09-20,52.072261810302734,52.60474642477888,51.86400000551983,52.121961963223164,106435200
2018-09-21,51.511390686035156,52.3870315255617,51.42382407428225,52.24976836092235,384986800
2018-09-24,52.25213623046875,52.363366669163675,51.267633819230554,51.31259977672128,110773600
2018-09-25,52.58345031738281,52.73254717183654,51.99416601700422,52.00599973120798,98217600
2018-09-26,52.164554595947266,52.952632192189306,52.008358255544245,52.30181771831882,95938800
2018-09-27,53.236629486083984,53.58925394239841,52.90293825002227,52.969206326478,120724800
2018-09-28,53.423587799072266,53.44725161382536,53.01653262944028,53.19875808649364,91717600
2018-10-01,53.78331756591797,54.294503721470214,53.56795984146107,53.946613444314615,94403200
2018-10-02,54.26138687133789,54.43178230483584,53.634239519674495,53.78096751640845,99152800
2018-10-03,54.92165756225586,55.2529799345801,54.37970443970897,54.44360361549401,114619200
2018-10-04,53.95608139038086,54.987918497825,53.657887663337085,54.61636079385546,128168000
2018-10-05,53.0804328918457,54.05547386925008,52.202426924769995,53.94897766555082,134322000
2018-10-08,52.957374572753906,53.201133924424155,52.112497192021806,52.588185792016155,118655600
2018-10-09,53.69102096557617,53.785687075702874,52.597653574398485,52.9266106334102,107564000
2018-10-10,51.2037239074707,53.56795704512589,51.13035993373505,53.35732992876048,167962400
2018-10-11,50.75170135498047,51.946834254825696,50.247618357424,50.76826927692951,212497600
2018-10-12,52.564510345458984,52.74673940959206,51.3173121403392,52.16455469028346,161351600
2018-10-15,51.440372467041016,52.498242024804284,51.419073952462604,52.33968039770637,123164000
2018-10-16,52.57398223876953,52.772779249697095,51.298385840102064,51.811937261784536,116736000
2018-10-17,52.34678649902344,52.68994251799394,51.90896438476094,52.60947904535247,91541600
2018-10-18,51.123260498046875,52.003635406378,50.408546758242004,51.55871374421379,130325200
2018-10-19,51.90187454223633,52.36336055788579,51.456952839383014,51.606049710263214,132314800
2018-10-22,52.218997955322266,52.860347780678396,51.81431160695901,52.01547032624564,115168400
2018-10-23,52.71125030517578,52.83431444512656,50.81087189308462,51.07829869399411,155071200
2018-10-24,50.90316390991211,53.066234694184615,50.77300027621806,52.68048161214551,163702000
2018-10-25,52.01784133911133,52.391764375608986,51.29602799685772,51.523223066162,119423200
2018-10-26,51.18952941894531,52.11013614750111,50.3304529551545,51.09486330644962,189033600
2018-10-29,50.22869873046875,51.99181427217194,48.77323817140933,51.873484321572484,183742000
2018-10-30,50.479549407958984,50.92446749400943,49.52581045070183,49.970728536752276,146640000
2018-10-31,51.795379638671875,52.17166796781139,51.265260226318844,51.32679410406147,153435600
2018-11-01,52.59056854248047,52.623700787358366,51.31023748837045,51.8403570175607,233292800
2018-11-02,49.1021842956543,50.562375125777734,48.61703088459364,49.59207191479913,365314800
2018-11-05,47.70827102661133,48.3709195056792,46.89889455695221,48.34962098016957,264654800
2018-11-06,48.22417449951172,48.449000615453585,47.73192162049639,47.786352370196695,127531600
2018-11-07,49.68674087524414,49.712773606380615,48.30938225721915,48.74483556791726,133697600
2018-11-08,49.51337432861328,49.90047339465784,49.100148077728555,49.86722555541948,101450400
2018-11-09,48.55868911743164,48.924415408710615,48.031470706550515,48.815174043569215,137463200
2018-11-12,46.11257553100586,47.46149553599907,46.02232984925231,47.25963133957427,204542000
2018-11-13,45.65185546875,46.827408453582805,45.46661699229114,45.509366284258455,187531600
2018-11-14,44.362308502197266,46.186196076134955,44.15569357677625,46.04845400043511,243204000
2018-11-15,45.45711898803711,45.59011034254825,44.38605662645267,44.73991147050331,185915200
2018-11-16,45.9605827331543,46.30256253867102,44.994018333700204,45.241001735605465,147713200
2018-11-19,44.139068603515625,45.288497903512194,43.9324573152548,45.122258727684965,167701200
2018-11-20,42.03019714355469,43.09650870762466,41.68109304931267,42.36030195645278,271300800
2018-11-21,41.982696533203125,42.81152243279849,41.9280758696672,42.683278202549936,124496800
2018-11-23,40.91640090942383,41.939967101500436,40.87128168001678,41.54574005409915,94496000
2018-11-26,41.4697380065918,41.548108696422304,40.434300553403695,41.37949593469791,179994000
2018-11-27,41.37949752807617,41.505364622235895,40.58154566531735,40.73115914826122,165549600
2018-11-28,42.97064971923828,43.05376751403634,41.543358788745984,41.9708336400061,184250000
2018-11-29,42.640541076660156,43.41236929244246,42.201191258179286,43.37912145271232,167080000
2018-11-30,42.41017532348633,42.82577508860625,42.04207194963164,42.81627363610778,158126000
2018-12-03,43.89209747314453,43.92059459018368,43.034774172698484,43.80660249828381,163210000
2018-12-04,41.961334228515625,43.31500152005368,41.86159070426997,42.97302165192976,165377200
2018-12-06,41.493492126464844,41.50774068534604,40.47230312963953,40.790533023797565,172393600
2018-12-07,40.013954162597656,41.43886790910072,39.96883131415951,41.20138228468355,169126400
2018-12-10,40.27756118774414,40.39392681826417,38.788525387961656,39.185125924591716,248104000
2018-12-11,40.047203063964844,40.797654902921295,39.66010032633159,40.76678423507608,189126800
2018-12-12,40.158809661865234,40.828517056992325,40.13981038220844,40.467537990997414,142510800
2018-12-13,40.5981559753418,40.98288504875314,40.265677639052576,40.48891464645052,127594400
2018-12-14,39.29911422729492,40.15406379663115,39.251617834274576,40.135064514674504,162814800
2018-12-17,38.93339538574219,39.9807079005193,38.64603617439149,39.29199738823974,177151600
2018-12-18,39.43923568725586,39.785962637088474,39.0402579913097,39.275370041978476,135366000
2018-12-19,38.20905685424805,39.76696176214106,37.78158206275483,39.42260837756745,196189200
2018-12-20,37.244873046875,38.49879692576656,36.8815203105907,38.09269489029062,259092000
2018-12-21,35.796207427978516,37.56072751526206,35.53497541336422,37.251995476406,382978400
2018-12-24,34.869998931884766,35.990930863178946,34.813001103199134,35.1834779303022,148676800
2018-12-26,37.32561492919922,37.339863486779244,34.843890893788085,35.219118612948485,234330000
2018-12-27,37.08338165283203,37.23062521543055,35.639472134315575,37.00976168340444,212468400
2018-12-28,37.10237503051758,37.646219094911956,36.70340095377201,37.40398276332058,169165600
2018-12-31,37.46098709106445,37.84571267784769,37.16175285801671,37.64859915688964,140014000
2019-01-02,37.503726959228516,37.724590460067255,36.6274044817337,36.784145853458895,148158800
2019-01-03,33.76807403564453,34.60639781423897,33.72295119720163,34.19317161474013,365248800
2019-01-04,35.20961380004883,35.278486653439785,34.15043005188284,34.32379352547417,234428400
2019-01-07,35.13125228881836,35.34499155915994,34.64915668419154,35.314117263459316,219111200
2019-01-08,35.800960540771484,36.05507191717408,35.27136857362246,35.51835204691937,164101200
2019-01-09,36.408912658691406,36.6986453479839,35.534967488442895,35.929190786032024,180396400
2019-01-10,36.52528762817383,36.56565974711911,35.82707935334201,36.2165556097032,143122800
2019-01-11,36.16667938232422,36.50153493832651,35.98144090958733,36.306798636311406,108092800
2019-01-14,35.622833251953125,35.924440921467415,35.43759480894233,35.824697423210985,129756800
2019-01-15,36.35191345214844,36.427906940822126,35.63470610463008,35.686953213480265,114843600
2019-01-16,36.79601287841797,37.01924988238542,36.33529031682422,36.354289596283365,122278800
2019-01-17,37.01451110839844,37.44198597490383,36.397047009696955,36.62028408574662,119284800
2019-01-18,37.242488861083984,37.49422298571699,37.042998228056234,37.40397730943639,135004000
2019-01-22,36.40653991699219,37.22111371203419,36.24504783922982,37.1451202112431,121576000
2019-01-23,36.55377960205078,36.8435122960888,36.02656133084995,36.608400270150376,92522400
2019-01-24,36.26405715942383,36.68678131637326,36.03607297019486,36.59891278758119,101766000
2019-01-25,37.46573257446289,37.55360472379612,36.64878503179591,36.92426561509673,134142000
2019-01-28,37.11899948120117,37.12612375920128,36.49203765099391,36.99787950771421,104768400
2019-01-29,36.73426818847656,37.55359634769264,36.598903290698956,37.107122292669665,166348800
2019-01-30,39.2444953918457,39.45823098230422,38.05231666544547,38.7695241919444,244439200
2019-01-31,39.52710723876953,40.13506984718842,39.08063311282435,39.44873654918918,162958400
2019-02-01,39.546112060546875,40.13032473923101,39.40599277084796,39.6506063279521,130672400
2019-02-04,40.66940689086914,40.76677685151774,39.72658881786463,39.757463103861134,125982000
2019-02-05,41.3652458190918,41.57898506305087,40.93065029956902,41.051766667858935,144406400
2019-02-06,41.37949752807617,41.69535385122478,41.049392646908444,41.476863882454516,112958400
2019-02-07,40.595787048339844,41.30824381331951,40.45329424584691,40.94251397800082,126966800
2019-02-08,40.64349365234375,40.70311969069085,40.16886907695841,40.30481819124638,95280000
2019-02-11,40.40974807739258,40.834288725227694,40.36681908607748,40.796127195647315,83973600
2019-02-12,40.75797653198242,40.78421213565277,40.474155993899046,40.56955984328428,89134000
2019-02-13,40.5886344909668,41.137194763699675,40.526624722123245,40.87722611368674,89960800
2019-02-14,40.73651123046875,40.84622110600096,40.39783576019398,40.47654256965909,87342800
2019-02-15,40.64586639404297,40.951151336695425,40.48606909119235,40.84382522454604,98507200
2019-02-19,40.767520904541016,40.88916037492393,40.42407791568553,40.47654913050066,75891200
2019-02-20,41.029869079589844,41.337541474435355,40.78182636217737,40.82952646483924,104457600
2019-02-21,40.79851150512695,41.11095129951937,40.61724969597512,40.97500585247645,68998800
2019-02-22,41.254066467285156,41.26122130122351,40.87484571141324,40.92254581743053,75652800
2019-02-25,41.55457305908203,41.945719682081254,41.48779219461515,41.537879662607395,87493600
2019-02-26,41.57843017578125,41.809779499488094,41.30176447990518,41.430558762837144,68280800
2019-02-27,41.70722198486328,41.73822869074752,41.19682321958781,41.311307838567444,111341600
2019-02-28,41.29698944091797,41.71675904686079,41.242134508972,41.5760424809069,112861600
2019-03-01,41.73107147216797,41.77400047236852,41.234982402793754,41.56650302616348,103544800
2019-03-04,41.94094467163086,42.39410097599845,41.4925558286642,41.902783144722314,109744800
2019-03-05,41.86463165283203,41.97672889044358,41.62851124268091,41.9624192242437,78949600
2019-03-06,41.62373352050781,41.85508277180671,41.48540071586533,41.65950767718971,83241600
2019-03-07,41.1419563293457,41.60465485527707,41.02747538290695,41.46870577446307,99185600
2019-03-08,41.239749908447266,41.27791144259841,40.42644995336146,40.62202508642293,95997600
2019-03-11,42.66838455200195,42.7208557482408,41.821697858468866,41.855088288867776,128044000
2019-03-12,43.14777755737305,43.567543462773116,42.780479205774704,42.93073795318164,129870400
2019-03-13,43.33859634399414,43.71781711847124,43.15017600294716,43.46738700048797,124130000
2019-03-14,43.82035446166992,43.90860344771917,43.54130511929298,43.86089971935373,94318000
2019-03-15,44.390380859375,44.6789724147162,43.822743589745585,44.087483279947165,156171600
2019-03-18,44.84355163574219,44.931797007327894,44.311684756998986,44.31407212765884,104879200
2019-03-19,44.48816680908203,45.07488846111762,44.34267917125134,44.92224599185948,126585600
2019-03-20,44.87692642211914,45.194137270077604,44.058855574377155,44.41661167728445,124140800
2019-03-21,46.529781341552734,46.825527845947136,45.27047951523642,45.32056699619354,204136800
2019-03-22,45.56621551513672,47.14988281885893,45.501818379976086,46.58939664841029,169630800
2019-03-25,45.01526641845703,45.788017395190856,44.504867775579754,45.67592017387485,175381200
2019-03-26,44.55017852783203,46.00267123954299,44.023086513229856,45.71169595103682,199202000
2019-03-27,44.95088577270508,45.258554581942306,44.49295815654829,45.01766665593929,119393600
2019-03-28,45.01049041748047,45.21083297191448,44.72666997905723,45.065345337062375,83121600
2019-03-29,45.30385208129883,45.3348587781949,44.96756043418868,45.27523275449241,94256000
2019-04-01,45.611541748046875,45.71648053267406,44.929419631902334,45.706941966538885,111448000
2019-04-02,46.27457046508789,46.37951286036313,45.56621293626409,45.575751499796354,91062800
2019-04-03,46.59178924560547,46.866067574679796,46.067077180669855,46.09092905245227,93087200
2019-04-04,46.672874450683594,46.835055514550795,46.06468818261306,46.45821854703762,76457200
2019-04-05,46.98531723022461,47.009169100776084,46.730116044604905,46.85413922076049,74106400
2019-04-08,47.72468185424805,47.75568491902388,46.82790392141536,46.846984690122916,103526800
2019-04-09,47.581573486328125,48.380563770007704,47.51717635283578,47.77714861794036,143072800
2019-04-10,47.848697662353516,47.8773206328261,47.26674699962892,47.38599906529268,86781200
2019-04-11,47.450401306152344,47.939335555847514,47.32876549622773,47.90356138801222,83603200
2019-04-12,47.431304931640625,47.73420613036638,46.79688684862027,47.51001171426779,111042800
2019-04-15,47.51716995239258,47.66504496639306,47.22619466458724,47.36214374594973,70146400
2019-04-16,47.52195358276367,48.02758123423002,47.357385131107456,47.572041057335646,102785600
2019-04-17,48.44734191894531,48.50696794754076,47.36930230294008,47.59110938245884,115627200
2019-04-18,48.6214485168457,48.69061310818153,48.30185387954341,48.44495416346428,96783200
2019-04-22,48.78125762939453,48.879045212583904,48.25893291448305,48.375801267998504,77758000
2019-04-23,49.48484420776367,49.54924135270918,48.63099884184276,48.757405760889796,93292000
2019-04-24,49.40851593017578,49.72333948607253,49.38228033057737,49.45621602782266,70162400
2019-04-25,48.96012496948242,49.55161416212724,48.92196343723849,49.32980707961694,74172800
2019-04-26,48.72639083862305,48.89334298926619,48.20644998172418,48.86949112233834,74596400
2019-04-29,48.80031967163086,49.124685364122875,48.62144161266725,48.75023221383634,88818800
2019-04-30,47.86062240600586,48.51173764933064,47.48855655267741,48.43064712012503,186139600
2019-05-01,50.209896087646484,51.35232939695796,49.9022236875031,50.057253572929376,259309200
2019-05-02,49.88312911987305,50.71789343741812,49.639857567615536,50.04769752476017,127985200
2019-05-03,50.50324630737305,50.52471080427624,50.140719033888494,50.29813262307989,83569600
2019-05-06,49.72334289550781,49.80920453287324,48.53559327802315,48.72400995039716,129772400
2019-05-07,48.3829460144043,49.47052422124375,47.898782941090104,49.10322947707866,155054800
2019-05-08,48.39249038696289,48.9744410929356,48.11821207126675,48.153986237910765,105358000
2019-05-09,47.872554779052734,48.10151673222708,46.90422848199932,47.796231701804864,139634400
2019-05-10,47.2093391418457,47.609178036306886,46.15348841724261,47.26680187205951,164834800
2019-05-13,44.46556091308594,45.365788479732885,43.77841929201786,44.94201315243579,229722400
2019-05-14,45.16946029663086,45.418458147446515,44.39133698954681,44.63075954557267,146118800
2019-05-15,45.71056365966797,45.909284861741796,44.5373943474672,44.59724999917742,106178800
2019-05-16,45.509456634521484,46.08167660785888,45.2125712406131,45.46875522341543,132125600
2019-05-17,45.25087356567383,45.7057750661255,44.714565600818894,44.755267006370964,131516400
2019-05-20,43.83588409423828,44.137558916174555,43.163107155315394,43.93883771462418,154449200
2019-05-21,44.676265716552734,45.011455948466185,44.221360512327884,44.3458613070241,113459200
2019-05-22,43.76166534423828,44.46317550697471,43.70659916562799,44.211781030181115,118994400
2019-05-23,43.0146598815918,43.22534925933381,42.57172666496303,43.0481788953211,146118800
2019-05-24,42.849464416503906,43.608433644945144,42.76566504244201,43.143953201217286,94858800
2019-05-28,42.67229080200195,43.23732830832482,42.595677466437365,42.83749298760257,111792800
2019-05-29,42.468788146972656,42.94045102998245,42.13838374175984,42.238940810020374,113924800
2019-05-30,42.689048767089844,42.91171002345526,42.29878877414538,42.60524939880032,84873600
2019-05-31,41.91572570800781,42.614839417934895,41.89657145732902,42.19345320960093,108174400
2019-06-03,41.49193572998047,42.59806693078556,40.76648557188118,42.042608419661796,161584400
2019-06-04,43.009883880615234,43.05537476777668,41.78404110502101,42.00430950042937,123872000
2019-06-05,43.704200744628906,44.290789049992995,43.36901055867717,44.12079739285381,119093600
2019-06-06,44.34585952758789,44.40571518469204,43.6108303047652,43.83349524890833,90105200
2019-06-07,45.526214599609375,45.94999370524611,44.477545896123075,44.65471631575565,122737600
2019-06-10,46.10801315307617,46.776000721416004,45.87816580771754,45.92365669453953,104883600
2019-06-11,46.64191436767578,46.92682783549049,46.35221507841626,46.65388622788541,107731600
2019-06-12,46.49348068237305,46.919652667642254,46.301941849451076,46.436017936506644,73012800
2019-06-13,46.483890533447266,47.11596597251329,46.35221104250315,46.61557367768987,86698400
2019-06-14,46.14631271362305,46.349819729325915,45.56212099174863,45.86139923834012,75046000
2019-06-17,46.42164611816406,46.67783004464345,46.009838968534694,46.18461643739985,58676400
2019-06-18,47.51341247558594,47.95394916644094,46.73768561849317,46.93879971823583,106204000
2019-06-19,47.37454605102539,47.85578778829949,47.240469987030195,47.80790034833085,84496800
2019-06-20,47.75523376464844,48.03056829541135,47.41285754434342,47.97310555578911,86056000
2019-06-21,47.59242248535156,48.08802900374868,47.44158508352656,47.597211960109185,191202400
2019-06-24,47.54454040527344,47.92282855213777,47.446376262360126,47.53496145541416,72881600
2019-06-25,46.82387924194336,47.7073455597451,46.75683755347193,47.508624365019834,84281200
2019-06-26,47.83663558959961,48.12154906442843,47.25005095787499,47.350608010173595,104270000
2019-06-27,47.82227325439453,48.26041706742118,47.78157184924549,47.953952766753574,83598800
2019-06-28,47.38652801513672,47.76481622109825,47.178231489393795,47.568487904600694,124442400
2019-07-01,48.25563049316406,48.95953359072476,48.04014794005199,48.64349397414677,109012000
2019-07-02,48.53815460205078,48.63392585756341,48.21014672850714,48.2221185921087,67740800
2019-07-03,48.940372467041016,48.94755485247247,48.52856532024344,48.66982377146037,45448000
2019-07-05,48.89727783203125,49.100788508582276,48.57884532744974,48.68658842285855,69062000
2019-07-08,47.889312744140625,48.21971347045251,47.5038421856941,48.07845500360109,101354400
2019-07-09,48.18141174316406,48.24605322338057,47.599612848119484,47.69298752839831,82312000
2019-07-10,48.6578483581543,48.77755964433517,48.258013100706,48.32744769253809,71588400
2019-07-11,48.30351257324219,48.93558813067086,48.29393727609442,48.67701126809106,80767200
2019-07-12,48.67461395263672,48.84220903730102,48.41124763866507,48.47110328699509,70380800
2019-07-15,49.13190841674805,49.289924540363614,48.84220549240544,48.86375264744867,67789600
2019-07-16,48.96192169189453,49.34739222396268,48.72249909193417,48.98346884909922,67467200
2019-07-17,48.686580657958984,49.103173588115254,48.66742641412559,48.85417572487808,56430000
2019-07-18,49.239654541015625,49.29232780714967,48.770384620902945,48.84221213411293,74162400
2019-07-19,48.50462341308594,49.44076665116611,48.44955723828679,49.27077499857013,83717200
2019-07-22,49.61315155029297,49.615544461109494,48.74883581666229,48.75841111322735,89111600
2019-07-23,50.00100326538086,50.017764597061785,49.6298975911263,49.91002518280674,73420800
2019-07-24,49.96030807495117,50.07522988754015,49.60117421397442,49.720885500966666,59966400
2019-07-25,49.56527328491211,50.096791809335336,49.495838677205825,50.01299242853102,55638400
2019-07-26,49.73765563964844,50.21410430811092,49.594000608507464,49.675403421281054,70475600
2019-07-29,50.202125549316406,50.4319728369032,49.90524388391939,49.910033358512514,86693600
2019-07-30,49.98666000366211,50.3170644259433,49.634708419919015,49.98187052779291,135742800
2019-07-31,51.006587982177734,53.00097863500099,50.58999500539061,51.81583752155325,277125600
2019-08-01,49.90285110473633,52.20130954173058,49.49822997674807,51.21249302793154,216071600
2019-08-02,48.84701156616211,49.42401739375778,48.27479156133665,49.20853846350378,163448400
2019-08-05,46.28996276855469,47.56129613952905,46.108002914969816,47.403280006312706,209572000
2019-08-06,47.166263580322266,47.42244757771809,46.457570905876665,47.001061361934276,143299200
2019-08-07,47.6546745300293,47.77917530974308,46.4048918709798,46.7855729428345,133457600
2019-08-08,48.70573806762695,48.72968178909559,47.73847236505692,47.93240408773638,108038000
2019-08-09,48.30438995361328,48.72977548121816,47.89582211277538,48.378892379334594,98478800
2019-08-12,48.181819915771484,48.5591433982837,47.86217750716622,47.97513398491319,89927600
2019-08-13,50.22223663330078,50.98408951762822,48.181814264515985,48.31159574878954,188874000
2019-08-14,48.72736740112305,49.61419405795877,48.68891335806939,48.825904511255764,146189600
2019-08-15,48.484642028808594,49.30177042418164,47.98715238184237,48.89801389955404,108909600
2019-08-16,49.62861633300781,49.787236519570556,48.98933158147647,49.0950783725183,110481600
2019-08-19,50.553890228271484,51.12587848929439,50.47698214806522,50.61877729536903,97654400
2019-08-20,50.55630111694336,51.27489599056535,50.546689438817666,50.68127493565582,107537200
2019-08-21,51.1042594909668,51.346993790769034,50.854315515628436,51.18837726179461,86141600
2019-08-22,51.060997009277344,51.536853889289645,50.65002720346251,51.23643854407338,89014800
2019-08-23,48.70093536376953,50.96246310509183,48.30679055271319,50.332790008185185,187272000
2019-08-26,49.626220703125,49.79445258903161,49.28254358810572,49.474810172219016,104174400
2019-08-27,49.066246032714844,50.121304742904,48.91483550162449,49.9554748597441,103493200
2019-08-28,49.39548873901367,49.441152454824554,48.86435650196321,49.0518153700021,63755200
2019-08-29,50.23185729980469,50.30636340005424,49.66707854342665,50.10928913577256,83962000
2019-08-30,50.166961669921875,50.57792781692434,49.79684790345952,50.508233068974185,84573600
2019-09-03,49.43635177612305,49.743976816789676,49.08066101044846,49.61179332263298,80092000
2019-09-04,50.275115966796875,50.344810722376806,49.82569572550079,50.08284938745984,76752400
2019-09-05,51.258060455322266,51.42389028961686,50.83267135872036,50.95043547788671,95654800
2019-09-06,51.25326156616211,51.53204789572798,51.07301235316033,51.44312612414458,77449200
2019-09-09,51.47196960449219,52.01752496664898,50.72694165520818,51.63299180966499,109237600
2019-09-10,52.079994201660156,52.099221220377856,50.88073870497151,51.39745153948648,127111600
2019-09-11,53.73589324951172,53.76473561660298,52.32754595134343,52.4092617130592,177158400
2019-09-12,53.615726470947266,54.41603338856972,53.56045107438245,54.02669627568618,128906800
2019-09-13,52.57269287109375,53.06296917048097,52.156919001140764,52.873108258928575,159053200
2019-09-16,52.84907150268555,52.90435057226379,52.28669479868519,52.32755084977788,84632400
2019-09-17,53.04133224487305,53.07017461149301,52.66160681112901,52.86348870875079,73274800
2019-09-18,53.538814544677734,53.55804156408755,52.73850773924166,53.12784479754824,101360000
2019-09-19,53.10383224487305,53.77675982238734,52.962033385800865,53.356178252850775,88242400
2019-09-20,52.327545166015625,53.48835049337496,52.2650600947515,53.20476016935374,221652400
2019-09-23,52.56547927856445,52.83465027251121,52.30832196549194,52.620754678997145,76662000
2019-09-24,52.31553268432617,53.471534114069954,52.1977722057156,53.120647346665386,124763200
2019-09-25,53.12063980102539,53.2335962580172,52.1857474445808,52.52461681555622,87613600
2019-09-26,52.84667205810547,53.09902171971026,52.59192039356008,52.873108759172254,75334000
2019-09-27,52.589500427246094,53.10381125372127,52.21938673873344,53.00286848981505,101408000
2019-09-30,53.82721710205078,53.97381992879909,53.062958600700476,53.08939529625113,103909600
2019-10-01,53.97622299194336,54.84863029507966,53.882493554454456,54.09158512052922,139223200
2019-10-02,52.623165130615234,53.73349924871789,52.37561947318438,53.60852541852388,138449200
2019-10-03,53.07018280029297,53.10382917722504,51.70269136073253,52.49578505515693,114426000
2019-10-04,54.557830810546875,54.6731929479549,53.80799525329293,54.22857675291312,138478800
2019-10-07,54.569847106933594,55.25959957952468,54.27664143090137,54.3799862186076,122306000
2019-10-08,53.930564880371094,54.81018194958028,53.91374352685756,54.271839962271294,111820000
2019-10-09,54.5626335144043,54.74528471456468,54.22857181467111,54.5626335144043,74770400
2019-10-10,55.29804229736328,55.38216004530796,54.62751698465318,54.778923796903236,113013600
2019-10-11,56.76887893676758,57.112552273139926,55.83158101841057,55.98539350237772,166795600
2019-10-14,56.687171936035156,57.230325218831695,56.3987739424967,56.45404933835654,96427600
2019-10-15,56.554996490478516,57.11496750151027,56.449249695667106,56.812150134970125,87360000
2019-10-16,56.3266716003418,56.53576316392705,56.04548329122299,56.08633933608511,73903200
2019-10-17,56.54538345336914,56.754471381621265,56.12239992403728,56.49971972945663,67585200
2019-10-18,56.81695556640625,57.09814389578318,56.307448635792866,56.37954905370019,97433600
2019-10-21,57.80231857299805,57.91768071421455,57.03566163738293,57.083727362633255,87247200
2019-10-22,57.670135498046875,58.208477458025,57.58841973582485,57.95853350048938,82293600
2019-10-23,58.444000244140625,58.45842326091589,57.97295104383975,58.18444461705697,75828800
2019-10-24,58.54013442993164,58.833340091019444,58.1147452876683,58.763641679499884,69275200
2019-10-25,59.261138916015625,59.29718729410837,58.37191014032259,58.43920289088229,73477200
2019-10-28,59.85475540161133,59.90282112444377,59.294780746023385,59.46301260952673,96572800
2019-10-29,58.470436096191406,60.022984167085156,58.29740023636161,59.83552529068843,142839600
2019-10-30,58.463233947753906,58.95351389312253,57.97055566675113,58.82373239756854,124522000
2019-10-31,59.78506088256836,59.88359800446322,57.0212394670206,59.41975843149152,139162000
2019-11-01,61.4818115234375,61.50824455627897,59.88119750508098,59.97252128655309,151125200
2019-11-04,61.88557052612305,61.969688302448056,61.376067196648314,61.844710805841714,103272000
2019-11-05,61.7966423034668,62.05139394165395,61.60197373719849,61.77741161321152,79897600
2019-11-06,61.82307434082031,61.88315741177333,61.373654143589235,61.710117874054276,75864400
2019-11-07,62.536590576171875,62.758363326737026,62.218397769161385,62.3702628523427,94940400
2019-11-08,62.70774459838867,62.780057802220625,61.914675466597124,62.35821361498367,69986400
2019-11-11,63.20433044433594,63.26941234380963,62.25939599544993,62.26421442476554,81821200
2019-11-12,63.14643096923828,63.346509678112774,62.89574039489365,63.047598060431426,87388800
2019-11-13,63.75151824951172,63.82624436182228,62.93193655049298,62.94639919439951,102734400
2019-11-14,63.310401916503906,63.85036031628223,63.18023074642111,63.57796822327144,89182800
2019-11-15,64.06246948242188,64.06728791082074,63.39957143680535,63.56107338652864,100206400
2019-11-18,64.38549041748047,64.46503495810572,63.69366698470871,64.07211597134203,86703200
2019-11-19,64.19023132324219,64.60243134404664,63.9732843310493,64.57832448794083,76167200
2019-11-20,63.44297409057617,64.13961600947697,62.770431675643934,64.00945220507533,106234400
2019-11-21,63.15851974487305,63.64062743076924,62.95844093565361,63.563488435494776,121395200
2019-11-22,63.103057861328125,63.4405316800588,62.876466720956635,63.29831083346435,65325200
2019-11-25,64.20950317382812,64.22637870631682,63.2814445198713,63.327245332981434,84020400
2019-11-26,63.7081298828125,64.39995331834635,63.27664139219919,64.34692117225768,105207600
2019-11-27,64.5638427734375,64.59759383329151,63.95397701165096,64.01905888316979,65235600
2019-11-29,64.42161560058594,64.60240591564839,64.09619156219819,64.2649321321405,46617600
2019-12-02,63.67677688598633,64.66268611017567,63.505630736496585,64.42645072231561,94487200
2019-12-03,62.54142379760742,62.56070486863775,61.779692755265934,62.26661887986274,114430400
2019-12-04,63.09341049194336,63.47186667089252,62.837894087954325,62.93190858795375,67181600
2019-12-05,64.01907348632812,64.09380694214096,63.332075950010655,63.58759242350244,74424400
2019-12-06,65.25567626953125,65.32558393574297,64.43368187672564,64.4770771543204,106075600
2019-12-09,64.34211730957031,65.27740036519485,63.857596563177346,65.08456016651355,128042400
2019-12-10,64.7181167602539,65.10139135960284,64.086549723577,64.7470420347139,90420400
2019-12-11,65.27013397216797,65.34968584475796,64.72294450121728,64.7976705897848,78756800
2019-12-12,65.43647766113281,65.70163837389192,64.43851852305019,64.54940123697496,137310400
2019-12-13,66.32594299316406,66.36209958719724,65.30869579489323,65.4364539980619,133587600
2019-12-16,67.4613265991211,67.6855122693703,66.7670976938844,66.77191612256408,128186000
2019-12-17,67.59391021728516,67.9217399186146,67.20580969773938,67.39142586827938,114158400
2019-12-18,67.43238067626953,67.95305771312601,67.28292851276375,67.44684331426187,116028400
2019-12-19,67.49988555908203,67.77950886281938,67.24196357196422,67.3745402255633,98369200
2019-12-20,67.3600845336914,68.13386528761846,67.14795598094871,68.0326267960508,275978000
2019-12-23,68.45928192138672,68.51954537378231,67.58425541558223,67.62282490788083,98572000
2019-12-24,68.52436828613281,68.6738278372129,68.19895150700309,68.62561412958978,48478800
2019-12-26,69.88389587402344,69.90077140261619,68.62800785445863,68.65693312840226,93121200
2019-12-27,69.85738372802734,70.86258124508305,69.45241513604739,70.1755764887449,146266000
2019-12-30,70.27200317382812,70.55403936484663,68.75336713216096,69.77543291987965,144114400
2019-12-31,70.78545379638672,70.79268511683624,69.78990032835488,69.88873327875099,100805600
2020-01-02,72.4005126953125,72.46077614730521,71.15667416341765,71.40977771923563,135480400
2020-01-03,71.69664001464844,72.45595811976894,71.47246171476719,71.62914523544616,146322800
2020-01-06,72.26792907714844,72.30649856939735,70.5685026643333,70.81920068576198,118387200
2020-01-07,71.92803955078125,72.5330795245145,71.70867973246871,72.27756311117845,108872000
2020-01-08,73.08509826660156,73.38641550034151,71.63154422529517,71.63154422529517,132079200
2020-01-09,74.6374740600586,74.83031411820693,73.81066146009205,74.06135206440953,170108400
2020-01-10,74.80623626708984,75.370308736383,74.30484750773756,74.87132551313572,140644800
2020-01-13,76.40440368652344,76.43092342751396,75.00388181987825,75.12200317385458,121532000
2020-01-14,75.37269592285156,76.55145246560595,75.24976349452105,76.34173684913497,161954400
2020-01-15,75.04969787597656,76.05248268254357,74.61820946436237,75.17263768221467,121923600
2020-01-16,75.98979949951172,76.10068954693726,75.23048148138665,75.5920621906251,108829200
2020-01-17,76.83106994628906,76.83347548162705,75.93193674542053,76.23807238178088,137816400
2020-01-21,76.31041717529297,76.90099467937888,76.17301471865545,76.459869381581,110843200
2020-01-22,76.58279418945312,77.13480208755844,76.4887796776353,76.79491535128935,101832400
2020-01-23,76.95161437988281,77.03115890447519,76.08863757604202,76.63583446102108,104472000
2020-01-24,76.72984313964844,77.93993070377184,76.53940855639385,77.19748815287878,146537600
2020-01-27,74.47356414794922,75.15333017904537,73.49247355216795,74.74113029786567,161940000
2020-01-28,76.58038330078125,76.75152944120848,75.25458738363722,75.35342032568062,162234000
2020-01-29,78.18340301513672,79.02950436307852,77.46988569545148,78.20992276333985,216229200
2020-01-30,78.07009887695312,78.12313101118072,76.8359045055242,77.26739289963146,126743200
2020-01-31,74.60857391357422,77.78324876217432,74.31448794421121,77.361404556077,199588400
2020-02-03,74.40367126464844,75.56795795185045,72.85128411079334,73.35267280813538,173788400
2020-02-04,76.86001586914062,77.050450456367,75.60171457078681,76.00668324335653,136616400
2020-02-05,77.48675537109375,78.28464294726993,76.88412080562057,77.98573120045752,118826800
2020-02-06,78.39311218261719,78.39552507490272,77.1999001655233,77.7567339114429,105425600
2020-02-07,77.3275375366211,78.14181565091206,76.83703724788526,77.89294126547146,117684000
2020-02-10,77.69481658935547,77.69481658935547,75.83430131081457,75.914034625019,109348800
2020-02-11,77.2260513305664,78.26262851927434,77.00858949259958,78.19014369789785,94323200
2020-02-12,79.05998992919922,79.0648197921596,77.67547099896561,77.67547099896561,113730400
2020-02-13,78.49701690673828,78.82321339617904,78.12974813739189,78.33271303943899,94747600
2020-02-14,78.5163345336914,78.76520890109116,78.00891869878639,78.46558778851511,80113600
2020-02-18,77.07868194580078,77.25990141746018,76.01794043224491,76.19915990390432,152531200
2020-02-19,78.19498443603516,78.42453202537972,77.32029972520789,77.32029972520789,93984000
2020-02-20,77.39277648925781,78.44385067885128,76.88777921917897,77.95576899229526,100566000
2020-02-21,75.6409683227539,77.42900548652433,75.02482536350576,76.98682605793252,129554000
2020-02-24,72.04801940917969,73.49777501677713,69.8854717188165,71.82572767869755,222195200
2020-02-25,69.60759735107422,73.09909512359589,69.13643119372864,72.71732938397975,230673600
2020-02-26,70.71183776855469,71.97554423056066,69.22583954625632,69.23308803031283,198054800
2020-02-27,66.08953094482422,69.10502562675568,65.9542209950426,67.92105987924694,320605600
2020-02-28,66.05087280273438,67.27108839739219,61.94564985853806,62.160700515132554,426510000
2020-03-02,72.20023345947266,72.83571074634416,67.10434419306169,68.20615768991611,341397200
2020-03-03,69.90721893310547,73.45428597286327,69.05669090258408,73.37455265692115,319475600
2020-03-04,73.14982604980469,73.30930003617219,70.82780458094045,71.62758575768213,219178400
2020-03-05,70.77705383300781,72.37902717401828,70.41219640582361,71.40527520257908,187572800
2020-03-06,69.8371353149414,70.26964775134793,67.95245619771107,68.13850549074616,226176800
2020-03-09,64.31356811523438,67.19374467213605,63.54761077884886,63.72883020122201,286744800
2020-03-10,68.94554901123047,69.21133903609883,65.08678222072572,66.96422060751131,285290000
2020-03-11,66.55101776123047,67.95003374263217,65.68841155580724,67.0246098194062,255598800
2020-03-12,59.97879409790039,65.23899079548863,59.923221175115486,61.84173134619349,418474000
2020-03-13,67.1647720336914,67.63594563074507,61.11928915474014,64.00430755021486,370732000
2020-03-16,58.52421569824219,62.60044010140755,57.99022079286357,58.4613905994218,322423600
2020-03-17,61.09752655029297,62.24524591333619,57.60361433805932,59.804826482410455,324056000
2020-03-18,59.60185623168945,60.406470866055514,57.29432830722245,57.934639110553675,300233600
2020-03-19,59.14519119262695,61.09269547807698,58.62086339938416,59.775834978401704,271857200
2020-03-20,55.39032745361328,60.848656123776394,55.09070998430256,59.72509337905043,401693200
2020-03-23,54.21360778808594,55.211524041383235,51.37208822817037,55.11004159498472,336752800
2020-03-24,59.652610778808594,59.848327192203485,56.61295613694801,57.110704962845915,287531200
2020-03-25,59.32398986816406,62.39988643227555,59.02920598580545,60.587692247407915,303602000
2020-03-26,62.445804595947266,62.503792458271775,59.52696298189895,59.565624014727966,252087200
2020-03-27,59.86040496826172,61.82482113234886,59.69368249851185,61.07094946417779,204216800
2020-03-30,61.56870651245117,61.74026255580425,60.26150926393229,60.585290832590246,167976400
2020-03-31,61.44305419921875,63.424386025978244,60.88973245903772,61.75958725464871,197002000
2020-04-01,58.21009826660156,60.09719601446135,57.78000444616135,59.560786204803335,176218400
2020-04-02,59.181434631347656,59.23459262853542,57.241178794751,58.07237254686632,165934000
2020-04-03,58.330909729003906,59.36748322353769,57.7413419398106,58.66676958439928,129880000
2020-04-06,63.41953659057617,63.57417329883105,60.25665512655962,60.62392376077119,201820400
2020-04-07,62.685020446777344,65.64977566750463,62.5811230546705,65.43230640646736,202887200
2020-04-08,64.28942108154297,64.60353188066507,63.119952317554805,63.4848025037082,168895200
2020-04-09,64.75334167480469,65.25592782434815,63.958397538567084,64.92490142355433,161834800
2020-04-13,66.02427673339844,66.13301133720609,64.23140932290158,64.83064420547504,131022800
2020-04-14,69.35871124267578,69.64866527052683,67.1840781553046,67.65525160710325,194994800
2020-04-15,68.72566986083984,69.18475770892147,67.8074941646766,68.23516945822269,131154400
2020-04-16,69.27172088623047,69.63657830758835,68.22306550095219,69.43844332553729,157125200
2020-04-17,68.3318099975586,69.33456350529407,66.89655138464681,68.7884865443206,215250000
2020-04-20,66.9134750366211,68.06119834153615,66.89414820439593,67.15993823398618,130015200
2020-04-21,64.84515380859375,66.99079338426836,64.13477293897611,66.75641592219942,180991600
2020-04-22,66.71292114257812,67.14784486961675,65.77058148476895,66.11126755910753,116862400
2020-04-23,66.4543685913086,68.07809487584751,66.41570756383898,66.65733345514633,124814400
2020-04-24,68.37287902832031,68.38254612868516,66.93037215656294,66.97870028455014,126161200
2020-04-27,68.42121887207031,68.7522452213369,67.64318307081028,68.09018514896542,117087600
2020-04-28,67.31214904785156,69.06393705890572,67.22033738750322,68.88271760948632,112004800
2020-04-29,69.52301025390625,69.99176500480674,68.59516785102663,68.79813268535943,137280800
2020-04-30,70.98967742919922,71.16606696831562,69.67282086621682,70.06183497622997,183064000
2020-05-01,69.8468017578125,72.24614521202258,69.06876605288338,69.16541493960355,240616800
2020-05-04,70.8350601196289,70.9631215704607,69.18233960605242,69.87097499683554,133568000
2020-05-05,71.89820098876953,72.72939466051092,71.1491592367676,71.2941362490643,147751200
2020-05-06,72.64000701904297,73.27064717863384,72.21474300795924,72.59892736503848,142333600
2020-05-07,73.3914566040039,73.73698728324429,72.96378136839786,73.26581377672255,115215200
2020-05-08,75.13829803466797,75.19159993074032,73.72338371341871,74.05046319414457,133838400
2020-05-11,76.32061767578125,76.81486350373997,74.4380975285037,74.64646215282984,145946400
2020-05-12,75.44842529296875,77.45450365262057,75.32728527754581,77.00385895047138,162301200
2020-05-13,74.53743743896484,76.54836579208815,73.46171369194431,75.62769739388037,200622400
2020-05-14,74.9953384399414,75.0559084279637,73.05467365769209,73.77667057668484,158929200
2020-05-15,74.55196380615234,74.5979975896763,72.7348641211466,72.76878686428954,166348400
2020-05-18,76.30851745605469,76.6816307787651,75.18434194281018,75.87484151863012,135178400
2020-05-19,75.86754608154297,77.17100598439245,75.83604850545491,76.32545133616954,101729600
2020-05-20,77.34306335449219,77.41331924575681,76.68647909264409,76.72524478806615,111504800
2020-05-21,76.76640319824219,77.74521626092047,76.52896618682993,77.20492931373624,102688800
2020-05-22,77.26068878173828,77.34306311157628,76.4030153334949,76.5047688140829,81803200
2020-05-26,76.73735809326172,78.55687612704607,76.68163102348302,78.37759126728832,125522000
2020-05-27,77.07168579101562,77.21705526702166,75.85544287582236,76.59440129810365,112945200
2020-05-28,77.10559844970703,78.36303205284943,76.4708261278027,76.7470214416537,133560800
2020-05-29,77.03050994873047,77.8082267406315,76.67435802451047,77.34789618259597,153532400
2020-06-01,77.97783660888672,78.09897663549869,76.8536536129034,76.98448691190845,80791200
2020-06-02,78.33881378173828,78.36304326033381,77.27035810172477,77.71130947324757,87642800
2020-06-03,78.7700424194336,79.03170886031195,78.08681130511299,78.65859573213889,104491200
2020-06-04,78.0916976928711,78.8912188000404,77.71858439241902,78.59321910796065,87560400
2020-06-05,80.31580352783203,80.37637351540958,78.31215100053369,78.34122341156335,137250400
2020-06-08,80.79067993164062,80.82460267780965,79.30308470158906,80.01296326734492,95654400
2020-06-09,83.3418960571289,83.7343884798814,80.43938634656227,80.47088393003234,147712400
2020-06-10,85.486083984375,85.95368266276594,83.85069379935202,84.2892200574616,166651600
2020-06-11,81.38182830810547,85.0547929928272,81.28007487640636,84.63080310855506,201662400
2020-06-12,82.08446502685547,84.26498513269779,80.97482582626513,83.51876594974783,200146000
2020-06-15,83.09962463378906,83.7513585021509,80.57748864910177,80.73981952151668,138808800
2020-06-16,85.30192565917969,85.57328542706455,83.51874869015089,85.1517132659384,165428800
2020-06-17,85.1832275390625,86.10631378252053,85.06208753447432,86.04574378022643,114406400
2020-06-18,85.2171401977539,85.63386205994001,84.60901508072114,85.13960882948713,96820400
2020-06-19,84.73014831542969,86.38734236256319,83.62292711838043,85.92216897764727,264476000
2020-06-22,86.947021484375,87.08996579558588,85.07661960868549,85.12265339969562,135445200
2020-06-23,88.8028793334961,90.22021867227018,87.77076426941889,88.18991128978877,212155600
2020-06-24,87.23535919189453,89.35046681091735,86.86224582332882,88.43222329872934,192623200
2020-06-25,88.39344024658203,88.43220593644023,86.63206719010891,87.39040482402382,137522400
2020-06-26,85.6774673461914,88.50972079929527,85.52967271907464,88.28924513838203,205256800
2020-06-29,87.65203857421875,87.74653130218796,85.10809914104198,85.58539093044703,130646000
2020-06-30,88.38373565673828,88.66963165860406,87.22079468512266,87.24017383067029,140223200
2020-07-01,88.21656036376953,89.00397030229519,88.16810880383152,88.46126551068063,110737200
2020-07-02,88.21656036376953,89.75746488824406,88.10269587070599,89.12269252080957,114041600
2020-07-06,90.57637786865234,91.04397648582848,89.61210082402599,89.6435984064739,118655600
2020-07-07,90.29533386230469,91.7320524889195,90.18388713248098,90.95433575857336,112424400
2020-07-08,92.3983154296875,92.42981301031341,91.18449035546323,91.27171499364255,117092000
2020-07-09,92.79566192626953,93.34320967936996,91.74901058829923,93.28990778547893,125642800
2020-07-10,92.9579849243164,93.01613714978424,91.78050772022172,92.39105063414506,90257200
2020-07-13,92.52914428710938,96.8683794397454,92.31593673037001,94.26144459491981,191649200
2020-07-14,94.06036376953125,94.25175963929699,90.97856198164641,91.91133403395911,170989200
2020-07-15,94.70723724365234,96.18272134953932,93.51037361994408,95.93317328027695,153198000
2020-07-16,93.5418701171875,94.39711809164639,92.94343831225127,93.58063579856042,110577600
2020-07-17,93.35291290283203,94.14759106406643,92.8804639114332,93.99253569772281,92186800
2020-07-20,95.32022094726562,95.45832232514117,93.09609226760277,93.44013312925429,90318000
2020-07-21,94.004638671875,96.18515864106797,93.75509057115264,96.110052433633,103433200
2020-07-22,94.2686996459961,94.94950567634959,93.61939119040862,93.70660841856355,89001600
2020-07-23,89.97793579101562,94.07973387894577,89.16872158432245,94.00220251459487,197004400
2020-07-24,89.75505828857422,90.09909918615199,86.39221027249204,88.17782031323753,185438800
2020-07-27,91.88227844238281,91.97434603902647,90.59335427077137,90.81624776325609,121214000
2020-07-28,90.37286376953125,91.63029754160469,90.36801343757494,91.45343048257014,103625600
2020-07-29,92.10516357421875,92.28929873601002,90.81865739523712,90.85499791564365,90329200
2020-07-30,93.21964263916016,93.32382125064892,90.87194916313929,91.27897773393107,158130000
2020-07-31,102.97868347167969,103.12889587437893,97.71151174507618,99.70790378289954,374336800
2020-08-03,105.57352447509766,108.19014587634089,104.56079571075499,104.85879541958222,308151200
2020-08-04,106.27851867675781,107.36877839967022,105.04046434663174,105.76246122490508,173071600
2020-08-05,106.66376495361328,106.98357631299436,105.53473931977294,105.99992015103618,121776800
2020-08-06,110.38516998291016,110.8794231758555,106.406937145771,106.99567567916016,202428800
2020-08-07,107.87548828125,110.36333556331454,107.07937744727452,109.90702677912203,198045600
2020-08-10,109.44343566894531,110.46041967667294,106.79539443179243,109.31964772784534,212403600
2020-08-11,106.1886215209961,109.20559017872704,105.9289127146506,108.70802360073796,187902400
2020-08-12,109.71772766113281,109.97500693123462,107.0842483400898,107.27841885849969,165598000
2020-08-13,111.65946960449219,112.66189145066467,110.60850142205175,111.09636469516015,210082000
2020-08-14,111.55992126464844,111.64972529333073,109.75167818563322,111.4846796510428,165565200
2020-08-17,111.2686996459961,112.7055868621794,110.64249334277292,112.6813136922895,119561600
2020-08-18,112.19584655761719,112.62060097941455,110.68614768785797,111.02109807418744,105633600
2020-08-19,112.33663177490234,113.74924556112234,112.24197605902953,112.60362178027331,145538000
2020-08-20,114.82933807373047,114.94341528440668,112.36090456064325,112.37789651709356,126907200
2020-08-21,120.74677276611328,121.22977689357654,115.77592935893642,115.78806223773633,338054800
2020-08-24,122.19093322753906,125.03315266970756,120.32686973134855,124.94819288976294,345937600
2020-08-25,121.18851470947266,121.53317587987507,119.46765321039159,121.06473415847236,211495600
2020-08-26,122.8365478515625,123.29285663343889,121.43849667426107,122.50402701142234,163022400
2020-08-27,121.36811065673828,123.77100549354533,120.22490919644622,123.4384846629305,155552400
2020-08-28,121.1715316772461,122.75889449051752,120.94822892350749,122.3414212260646,187630000
2020-08-31,125.2807388305664,127.18364569667007,122.32930807465976,123.86328054092655,225702700
2020-09-01,130.27098083496094,130.87292869764627,126.72732074484928,128.8923509024096,151948100
2020-09-02,127.57196807861328,133.96027723036116,123.30015752319882,133.58163954392333,200119000
2020-09-03,117.35842895507812,125.08653127360425,116.9895020715435,123.21276461682936,257599600
2020-09-04,117.43609619140625,120.09627025828247,107.65946373638324,116.5720249717954,332607200
2020-09-08,109.53324890136719,115.52349838716887,109.39732807142673,110.63032628792358,231366600
2020-09-09,113.90216064453125,115.66913897859283,111.90217621343139,113.84391097205425,176940500
2020-09-10,110.18373107910156,116.98951312845449,109.22257449751976,116.85359229498353,182274400
2020-09-11,108.73714447021484,111.87304930648419,106.79540974753245,111.23227329257654,180860300
2020-09-14,111.999267578125,112.55266171822818,109.51384932182032,111.37791301404883,140150100
2020-09-15,112.17399597167969,115.36814991421778,110.300221999526,114.88271631943319,184642000
2020-09-16,108.86335754394531,112.62061700186764,108.77598303445264,111.8730523722857,154679000
2020-09-17,107.12550354003906,108.93131746592069,105.5429923714999,106.52357050283204,178011000
2020-09-18,103.72747039794922,107.64977561825025,102.99931984136902,107.183763410032,287104900
2020-09-21,106.8730697631836,106.97986575435861,100.0964130289504,101.49446425369291,195713800
2020-09-22,108.55266571044922,109.57207929386054,105.97987340331184,109.39732289119372,183055400
2020-09-23,103.99929809570312,108.84392339466623,103.65948864684648,108.36820053624751,150718700
2020-09-24,105.06725311279297,107.03811241012444,101.94105943821374,102.10610509006938,167743300
2020-09-25,109.00898742675781,109.16432976181966,104.53328824582925,105.27114952311253,149981400
2020-09-28,111.61088562011719,111.96039838338362,109.49439495683866,111.6594319400097,137672400
2020-09-29,110.76625061035156,111.9507099432901,110.26140285567331,111.21285610238571,99382200
2020-09-30,112.4361343383789,113.84389630124348,110.30994008853341,110.47498574403602,142675200
2020-10-01,113.38758850097656,114.29049535158379,112.45555681762868,114.21282419285578,116120400
2020-10-02,109.72740936279297,112.00895324338501,108.95072003519334,109.6011992914294,144712000
2020-10-05,113.10604095458984,113.25167253166546,110.24198536966455,110.59149819179417,106243800
2020-10-06,109.86334991455078,112.73711630408881,108.97985709448719,112.32934639868184,161498200
2020-10-07,111.7273941040039,112.1837028525209,110.80506586141273,111.28079610104412,96849000
2020-10-08,111.62061309814453,113.00895361392693,111.25167878876417,112.86332203954677,83477200
2020-10-09,113.56233978271484,113.59146461414193,111.57205902106843,111.9215718124515,100506900
2020-10-12,120.77589416503906,121.53316947743221,115.80505089927543,116.56232621166858,240226800
2020-10-13,117.57201385498047,121.73703494031142,116.16425940876682,121.62052821230519,262330500
2020-10-14,117.65940856933594,119.4458008172495,116.1351472290792,117.47494141501437,150712000
2020-10-15,117.19338989257812,117.66911279151616,114.70797199610067,115.26136605608602,112559200
2020-10-16,115.55262756347656,118.0089281560019,115.34874631090426,117.74678982617324,115393800
2020-10-19,112.60118865966797,116.9118342796432,112.29051143113706,116.46523622657561,120639300
2020-10-20,114.08662414550781,115.51380033230909,112.26138879057609,112.81478288268985,124423700
2020-10-21,113.46527099609375,115.25166338254114,113.05750107559587,113.2710930798733,89946000
2020-10-22,112.37789154052734,114.60117857735534,111.25168190141596,114.02836301066806,101988000
2020-10-23,111.6885757446289,113.15458745033783,110.95071451824744,112.99924512599237,82572600
2020-10-26,111.69828796386719,113.15458894171616,109.59150025316038,110.688585063703,111850700
2020-10-27,113.203125,113.86331505621116,111.20314074462335,112.12546171107986,92276800
2020-10-28,107.96044158935547,112.06721355762778,107.863356340069,111.6982866474873,143937800
2020-10-29,111.96041870117188,113.52351567412646,108.93131000553764,109.09636307884779,146129200
2020-10-30,105.6885986328125,108.72741014836967,104.58181067342728,107.82450340180505,190272600
2020-11-02,105.60122680664062,107.45558679697702,104.19347226654686,105.93132552110745,122866900
2020-11-03,107.22256469726562,108.24197070611564,105.5623828481715,106.46528954579757,107624400
2020-11-04,111.6011734008789,112.22252777022936,109.07692034950163,110.81477339747906,138235500
2020-11-05,115.56234741210938,116.13516303960806,113.46527764397302,114.51380882447592,126387100
2020-11-06,115.43104553222656,115.92703675245446,112.94133225108231,115.07120221763194,114457900
2020-11-09,113.12610626220703,118.6404186508716,112.86352313794548,117.19133287792215,154515300
2020-11-10,112.78572845458984,114.36124218625869,110.99624681601809,112.37726248118744,138023400
2020-11-11,116.2090835571289,116.3452388928094,113.24283383562194,113.97224059958567,112295000
2020-11-12,115.936767578125,117.22052312713384,115.31434109496367,116.33551348572685,103162300
2020-11-13,115.98539733886719,116.38413582545107,114.63356412889462,116.16045525051373,81581900
2020-11-16,116.996826171875,117.66787522451466,114.90585901966058,115.65471322677983,91183000
2020-11-17,116.1118392944336,117.35669240875295,115.69364575572538,116.26744964367843,74271000
2020-11-18,114.78916931152344,116.53002096182686,114.75999422898965,115.35324564020682,76322100
2020-11-19,115.3824234008789,115.7908894056509,113.60266912591757,114.36125096903965,74113000
2020-11-20,114.11810302734375,115.50883872913519,114.06948036722605,115.38241090893905,73604300
2020-11-23,110.72395324707031,114.39044233270789,110.62670048886426,113.96252129270948,127959300
2020-11-24,112.0076904296875,112.66901946402936,109.49852961528087,110.78229252304031,113874200
2020-11-25,112.8440933227539,113.54432503693381,112.0077062663623,112.37727712657373,76499200
2020-11-27,113.38871765136719,114.26400731693963,113.02888170323342,113.36927006764773,46691300
2020-11-30,115.78117370605469,117.6484533013128,113.60267342501068,113.75828376790362,169410200
2020-12-01,119.35037994384766,120.0797865936806,116.71479147284033,117.68733367261757,127728200
2020-12-02,119.70051574707031,119.98255392256038,117.57064559900594,118.66961579736986,89004200
2020-12-03,119.56436920166016,120.38130128460415,118.85440996013128,120.1284381742077,78967600
2020-12-04,118.89329528808594,119.48654668025314,118.18333614962214,119.23368360656494,78260400
2020-12-07,120.35211181640625,121.14959622013072,118.89329833984375,118.95164850453536,86712000
2020-12-08,120.96480560302734,121.54833690448348,119.7102251767506,120.9550855226028,82225500
2020-12-09,118.43619537353516,122.49169482167979,117.67761359703715,121.11068659164964,115089200
2020-12-10,119.8561019897461,120.46880834155796,116.85095006957522,117.19133836507719,81312200
2020-12-11,119.04891204833984,119.38930038520903,117.23998269251022,119.06835963048555,86939800
2020-12-14,118.43619537353516,119.9630864267169,118.20278730843776,119.2336797308675,79184500
2020-12-15,124.36869812011719,124.3881531199314,120.72166474533367,120.92589772393254,157243700
2020-12-16,124.30062866210938,124.84524997430788,123.08495079030278,123.91161767905837,98208600
2020-12-17,125.16619873046875,126.02204075578122,124.5243172114844,125.36070423445284,94359800
2020-12-18,123.1822280883789,125.55523399855811,122.65705428432727,125.41907865157175,192541500
2020-12-21,124.7090835571289,124.78688871478423,120.06033297589273,121.58722395031434,121251600
2020-12-22,128.2588653564453,130.71939584455194,126.09008564573021,127.99627481697722,168904800
2020-12-23,127.3641357421875,128.7937591538707,127.1890704257709,128.5311834389707,88223700
2020-12-24,128.34640502929688,129.79549835924004,127.50029800003861,127.71425848740788,54930100
2020-12-28,132.936767578125,133.56891393850847,129.84407631948096,130.31090716142057,124486200
2020-12-29,131.166748046875,134.97911129137205,130.65130192196946,134.25943963612303,121047300
2020-12-30,130.04837036132812,132.25604575507535,129.7371496715403,131.85729981121693,96452100
2020-12-31,129.04661560058594,131.040329904096,128.10324856194674,130.39844854670574,99116600
2021-01-04,125.85672760009766,129.94140310336348,123.2794885092681,129.85387784053697,143301900
2021-01-05,127.41279602050781,128.12276277719602,124.90363442356144,125.35101053270986,97664900
2021-01-06,123.12384796142578,127.45166544679954,122.90988747820573,124.21309795786028,155088000
2021-01-07,127.32522583007812,128.015737336711,124.34924900731144,124.8355201179548,109578200
2021-01-08,128.42422485351562,128.98830121735807,126.65419059044255,128.79378086858412,105158200
2021-01-11,125.43849182128906,126.595819441527,124.97167570919714,125.64273221772613,100384500
2021-01-12,125.26345825195312,126.12902035403391,123.37672370948479,124.97169257758259,91951100
2021-01-13,127.29602813720703,127.84064931000806,124.96193315668431,125.22450882511869,88636800
2021-01-14,125.37041473388672,127.40302430824103,125.22452450445344,127.2085188421458,90221800
2021-01-15,123.64901733398438,126.64444915422231,123.5128620166925,125.24398598218208,111598500
2021-01-19,124.32007598876953,125.17591790643084,123.4545139910682,124.27144590893572,90757300
2021-01-20,128.4047393798828,128.85211530015263,125.02029683978466,125.127277070296,104319500
2021-01-21,133.1118621826172,135.83498363825382,129.9219245699571,130.12616498605254,120150900
2021-01-22,135.25146484375,136.01004665089906,131.31266555904966,132.53806351525557,114459400
2021-01-25,138.9957275390625,141.1061423033731,132.79090363932372,139.14161777095364,157611700
2021-01-26,139.2291717529297,140.33786948106203,137.48831256904506,139.65709277779112,98390600
2021-01-27,138.15933227539062,140.3378319835939,136.55464370074296,139.49171024148978,140843800
2021-01-28,133.32583618164062,138.09130292156465,132.94654523318187,135.6891219680526,142621100
2021-01-29,128.33668518066406,132.98543606950525,126.63473619885515,132.10041903740844,177523800
2021-02-01,130.45684814453125,131.66280616641993,127.33498024294086,130.0775571695549,106239800
2021-02-02,131.28347778320312,132.56722577893618,130.9139069960329,132.00314951845078,83305400
2021-02-03,130.2623291015625,132.04208344252265,129.94138833452192,132.03234852121233,89880900
2021-02-04,133.6175994873047,133.62731956895118,130.8944778045398,132.55753183488522,84183100
2021-02-05,133.20364379882812,133.84648451427685,132.32705363193958,133.77831254493844,75693800
2021-02-08,133.34971618652344,133.39841892980013,131.41145995524053,132.49259546322395,71297200
2021-02-09,132.47314453125,134.2945265238743,132.31731652057164,133.06728247906966,76774200
2021-02-10,131.86924743652344,133.42764614924684,130.9049865610518,132.93089894279558,73046600
2021-02-11,131.61602783203125,132.84325691578465,130.291393245221,132.3659937299951,64280000
2021-02-12,131.84979248046875,132.0056353585524,130.21348684657468,130.8563275721737,60145100
2021-02-16,129.72647094726562,132.47313069680968,129.33686380627134,131.96666370650627,80576300
2021-02-17,127.43755340576172,128.78167180132837,126.10318447577991,127.83689508299388,97918500
2021-02-18,126.33695220947266,126.61940434141995,124.09675977564942,125.84020503461309,96856700
2021-02-19,126.4928207397461,127.31098844832445,125.45065303655015,126.85320926611831,87668800
2021-02-22,122.72344207763672,126.34670679460257,122.33384236261952,124.68116782712916,103916400
2021-02-23,122.58709716796875,123.41499201171895,115.31134823227501,120.54170772135137,158273000
2021-02-24,122.09033203125,122.29487019049711,119.05147088701199,121.69099774824254,111039900
2021-02-25,117.8437271118164,123.17148430278391,117.40543205845579,121.43777330096201,148199500
2021-02-26,118.106689453125,121.60332952526318,118.04824467349069,119.4020977442568,164560400
2021-03-01,124.4668960571289,124.60325484384613,119.5969181572381,120.53195302229754,116307900
2021-03-02,121.8663330078125,125.3727157063762,121.75919289657611,125.07077944616279,102260900
2021-03-03,118.88590240478516,122.44098788620711,118.67162218049718,121.56439034639122,112966300
2021-03-04,117.00607299804688,120.38583846392305,115.53534519039708,118.58394833274576,178155000
2021-03-05,118.26255798339844,118.7690399167778,114.51267596521379,117.83400492169004,153766600
2021-03-08,113.33411407470703,117.85345248459532,113.18801326724598,117.7852730985796,154376600
2021-03-09,117.94113159179688,118.88590857647793,115.700946019303,115.93470289838993,129525800
2021-03-10,116.86000061035156,118.99304601715157,116.34377667711071,118.52553226949556,111943300
2021-03-11,118.78849029541016,120.00598467048323,118.10669641776761,119.35340946888309,103026500
2021-03-12,117.88268280029297,118.01904158578925,116.06131583787986,117.2690682655597,88105100
2021-03-15,120.76570892333984,120.77545095974142,117.28854502762586,118.25280599447676,92403800
2021-03-16,122.30461883544922,123.91171295180644,121.47672411823375,122.43123557963636,115227900
2021-03-17,121.51569366455078,122.58708734300565,119.15861865475401,120.82415767726631,111932600
2021-03-18,117.39566802978516,119.97675740638225,117.19112988113343,119.68455580488242,121229700
2021-03-19,116.86971282958984,118.27226866588653,116.56777661577428,116.78205680531912,185549500
2021-03-22,120.18132019042969,120.64884136246526,117.13271654370864,117.20089594056832,111912300
2021-03-23,119.35343170166016,121.00922138779639,118.96383194286418,120.12288918175794,95467100
2021-03-24,116.96713256835938,119.7040653634643,116.94765592524341,119.62614392900645,88530500
2021-03-25,117.45413970947266,118.49632225832028,115.90549008944214,116.43144866728201,98844700
2021-03-26,118.05799865722656,118.32098161470867,115.82754797615723,117.22036189731419,94071200
2021-03-29,118.23330688476562,119.3923638462603,117.59047375295034,118.48654778202403,80819200
2021-03-30,116.7820816040039,117.26907943602144,115.76912522168777,116.9866198017316,85671900
2021-03-31,118.97357177734375,120.3079410804402,117.9995761138878,118.48657394561577,118323800
2021-04-01,119.80146026611328,120.9507753854183,119.30472042335516,120.44430093685868,75089100
2021-04-05,122.62603759765625,122.87927851383142,119.86962848939254,120.64882787870255,88651200
2021-04-06,122.92798614501953,123.82406033078875,122.3825509764638,123.21044576616356,80171300
2021-04-07,124.57405090332031,124.5935275475856,121.88582070386657,122.55788011147936,83466700
2021-04-08,126.97005462646484,126.99927330265552,125.17790646414029,125.59671739753477,88844600
2021-04-09,129.54141235351562,129.58036563750287,126.1032091394081,126.42462946477704,106686700
2021-04-12,127.82719421386719,129.39532780187267,127.23305627401432,129.073907454543,91420000
2021-04-13,130.93421936035156,131.15824904554103,128.49923039780398,128.99597765783932,91266500
2021-04-14,128.5966339111328,131.4894019428346,128.2362603060902,131.43096458655666,87222800
2021-04-15,131.00238037109375,131.48937806764056,130.16474373855363,130.3400706375454,89347100
2021-04-16,130.67120361328125,131.16793583022613,129.81408305511337,130.8075623509909,84922400
2021-04-19,131.3335723876953,131.9471944147541,129.8725788847892,130.03815636501255,94264200
2021-04-20,129.6485595703125,132.0056272235911,128.38236227240412,131.50889480005515,94812300
2021-04-21,130.02841186523438,130.27191076385841,127.88562452974153,128.9180574819885,68847100
2021-04-22,128.5089569091797,130.66147844484067,127.99274053029319,129.58034294411806,84566500
2021-04-23,130.8270721435547,131.6062565911259,128.72323846633472,128.72323846633472,78657500
2021-04-26,131.21670532226562,131.54786030204147,130.08686671385888,131.32384544654548,66905100
2021-04-27,130.89527893066406,131.88875868630524,130.62256132903624,131.49915149684074,66015800
2021-04-28,130.1063232421875,131.5088791677975,129.61932548257246,130.81733580986761,107760100
2021-04-29,130.0089111328125,133.5055661641117,129.0056969879915,132.92116293750138,151101000
2021-04-30,128.04147338867188,130.08685531571498,127.66161568350715,128.35314426527148,109839500
2021-05-03,129.0933837890625,130.58361088598772,128.40185516343865,128.6063859381181,75135100
2021-05-04,124.52532196044922,128.07067238199318,123.40522566029897,127.77847076247717,137564700
2021-05-05,124.76883697509766,127.05771762012843,124.64221279666873,125.84022317213565,84000900
2021-05-06,126.36620330810547,126.37593791446682,123.82406658932013,124.56430537762937,78128300
2021-05-07,127.0394058227539,128.06382651595774,126.3271705323357,127.66382129004229,78973300
2021-05-10,123.76117706298828,126.38566999347752,123.72215017730588,126.25884564134007,88071200
2021-05-11,122.84408569335938,123.19531281841267,119.78053807914273,120.4927657999539,126142800
2021-05-12,119.78053283691406,121.60500079746393,119.27319817304675,120.39519702699735,112172300
2021-05-13,121.92696380615234,123.07823093502375,121.23425330099667,121.5464609574558,105861300
2021-05-14,124.34659576416016,124.7758841676664,122.7855571745272,123.17581868284023,81918000
2021-05-17,123.1953125,123.83924502210618,122.12209907344122,123.73192293508849,74244600
2021-05-18,121.80989837646484,123.8977887358132,121.74160317568686,123.47825894714309,63342900
2021-05-19,121.6537857055664,121.87818100914643,119.86834464183288,120.16104258276613,92612000
2021-05-20,124.21001434326172,124.61003446523176,122.05382847219842,122.18066775166193,76857100
2021-05-21,122.37577056884766,124.88319058200729,122.16112639405591,124.70757329750661,79295400
2021-05-24,124.0051040649414,124.82465387319235,122.87335402183648,122.94164921888921,63092900
2021-05-25,123.80998992919922,125.19541862484827,123.24411112700588,124.70758616767343,72009500
2021-05-26,123.76117706298828,124.28802885427459,123.34164734642422,123.86849913771053,56575900
2021-05-27,122.22943115234375,124.5319657543007,122.03430412924318,123.36118872845968,94625600
2021-05-28,121.57574462890625,122.73677048730885,121.51720801205188,122.51236771666937,71311100
2021-06-01,121.2537841796875,122.2977294109628,120.92206674340329,122.03430717883234,67637100
2021-06-02,122.0147705078125,122.19038778236961,121.02936949732552,121.25376479927095,59278900
2021-06-03,120.53179931640625,121.80989840712398,120.13177925202119,121.64403969713835,76229200
2021-06-04,122.82457733154297,123.08800699874061,120.83425044759345,121.04889463757115,75169300
2021-06-07,122.8343505859375,123.24412184649682,121.79040526387277,123.09777284097717,71057600
2021-06-08,123.65387725830078,125.33200387040455,123.13678395621102,123.51728685562117,74403800
2021-06-09,124.03437805175781,124.63928371308171,123.43923097435068,124.1124318358548,56877900
2021-06-10,123.03921508789062,125.06856875877892,122.87335638380547,123.92705266664278,71186400
2021-06-11,124.2490234375,124.33683580636276,123.02946096276283,123.44899075181716,53522400
2021-06-14,127.30281829833984,127.36135492119467,123.97585539548058,124.70759295564363,96906500
2021-06-15,126.48324584960938,127.41987625518645,126.23933338731938,126.77594378180441,62746300
2021-06-16,126.9808349609375,127.70282128290683,125.33199905171192,127.19547914078684,91815000
2021-06-17,128.58090209960938,129.32240559947226,126.49301177385304,126.63936820067508,96721700
2021-06-18,127.28327941894531,128.3076997988403,127.06863527203306,127.52719186886974,108953300
2021-06-21,129.07852172851562,129.1858438437529,126.06376624672313,127.12722136946698,79663300
2021-06-22,130.71759033203125,130.8151612925248,128.41505560442437,128.91264666080772,74783600
2021-06-23,130.4444122314453,131.0493254021088,129.98585550457855,130.51271488266488,60214200
2021-06-24,130.1614227294922,131.3614676245749,129.6931001810235,131.1760918100434,68711000
2021-06-25,129.86878967285156,130.62979558487248,129.57609165578822,130.2102731739654,70783700
2021-06-28,131.49807739257812,131.95663398446408,130.10290533994575,130.1614419453381,62111300
2021-06-29,133.0103302001953,133.16643773077968,131.07854789272267,131.51758729616188,64556100
2021-06-30,133.62503051757812,134.0640700400228,132.56156070353867,132.8542586809143,63261400
2021-07-01,133.927490234375,133.98602685703514,132.45424909031448,133.27380646927242,52485800
2021-07-02,136.5519561767578,136.59097561940857,134.3957635112395,134.5421050302235,78852600
2021-07-06,138.56179809570312,139.66427232062847,136.65928383502748,136.65928383502748,108181800
2021-07-07,141.04971313476562,141.36191336128311,139.1862182535438,140.04478004189397,104911600
2021-07-08,139.75209045410156,140.5521155930635,137.2446631833098,138.13250812343543,105575500
2021-07-09,141.5765838623047,142.10342835570765,139.17647811244083,139.27404907544525,99890800
2021-07-12,140.9813995361328,142.7570893612842,140.49357462424308,142.64976728517905,76299700
2021-07-13,142.0936737060547,143.8693639556699,140.1326224508896,140.52287651879445,100827100
2021-07-14,145.51817321777344,145.92795926693185,144.08396670742601,144.49375275658443,127050800
2021-07-15,144.86451721191406,146.34750947636803,143.50836421958925,145.60602078776031,106820300
2021-07-16,142.82540893554688,146.11334481046933,142.32783277394142,144.84501166670194,93251400
2021-07-19,138.98129272460938,140.56185531572203,138.22028717183505,140.24964027497742,121434600
2021-07-20,142.59121704101562,143.51809629152285,139.4789065811411,139.96673149730913,96350000
2021-07-21,141.8594970703125,142.57173225410514,141.10825732605966,141.9863363279922,74993500
2021-07-22,143.2254180908203,144.59132208932277,142.25951926436974,142.38635852395822,77338200
2021-07-23,144.9425506591797,145.09865822031367,143.34248537564744,143.95714959308972,71447400
2021-07-26,145.36209106445312,146.18163344756866,144.10349429509156,144.6596219111436,72434100
2021-07-27,143.19613647460938,145.57672455410125,142.00584243486344,145.48890475095865,104818600
2021-07-28,141.44973754882812,143.391286472983,139.06914908747908,141.28387882976534,118931200
2021-07-29,142.0936737060547,142.9815188308623,141.05948702759235,141.16680912935195,56699500
2021-07-30,142.30828857421875,142.7668451974614,140.60090132642787,140.8643309559415,70440600
2021-08-02,141.97659301757812,143.37176538004852,141.71316334757606,142.79613544954273,62880000
2021-08-03,143.77178955078125,144.43522442777342,141.64486473611035,142.25952902121162,64786600
2021-08-04,143.3717803955078,144.19132291330385,142.71809660960577,143.68399557594776,56368300
2021-08-05,143.47906494140625,144.24007063545545,142.6107371680816,143.40101116673,46397700
2021-08-06,142.79510498046875,143.74290453377364,142.29678337483543,143.0003050001657,54126800
2021-08-09,142.74623107910156,143.3422697557146,142.18928521610837,142.8537139522462,48908700
2021-08-10,142.26751708984375,144.32922406312062,141.97438049984515,143.08828761420278,69023100
2021-08-11,142.52149963378906,143.36181621242878,142.19905101424288,142.70715322469806,48493500
2021-08-12,145.48219299316406,145.63853447846216,142.50199865892714,142.8439937943236,72282600
2021-08-13,145.6873779296875,146.01959236929383,144.87637333214747,145.56034862237908,59375000
2021-08-16,147.6611328125,147.72953779617734,143.117568833467,145.1401825389347,103296000
2021-08-17,146.75241088867188,148.20829780218608,145.67758203815535,146.79148879708086,92229700
2021-08-18,143.0100860595703,147.27029417589944,142.80488601790597,146.37135309386304,86326000
2021-08-19,143.34228515625,144.61253336364982,141.1926423719419,141.71051038649435,86960300
2021-08-20,144.7981719970703,145.10107421090675,143.42044104748524,144.0653382889344,60549600
2021-08-23,146.28338623046875,146.75239563031982,144.50503593715925,144.91542102572143,60131800
2021-08-24,146.1954803466797,147.40710449199298,145.73623655262395,146.02937310982574,48606400
2021-08-25,144.9642791748047,146.87942449217206,144.4170990582826,146.38108802855803,58991300
2021-08-26,144.16307067871094,145.70690913613237,144.13375851701343,144.95454377317253,48597200
2021-08-27,145.19879150390625,145.3453522818871,143.4692997760321,144.1044163600025,55802400
2021-08-30,149.61532592773438,149.976867364279,145.2085579053338,145.58963083933705,90956700
2021-08-31,148.35487365722656,149.3026732146875,147.8272249811444,149.16587817080352,86453100
2021-09-01,149.01930236816406,151.43276949828842,148.8531951656688,149.33198527371385,80313700
2021-09-02,150.13320922851562,151.17872592141705,148.91181958328025,150.34817499884036,71115500
2021-09-03,150.76832580566406,151.09077442910467,149.58601418638187,150.24067718201943,57808700
2021-09-07,153.1036376953125,153.66058362239795,150.8562777588282,151.4230043452141,82278300
2021-09-08,151.55978393554688,153.4456022050819,150.45564303417842,153.38697789342345,74420200
2021-09-09,150.5436248779297,152.53692642541913,150.42636132134103,151.93112186962642,57305700
2021-09-10,145.56036376953125,151.92135699493102,145.2965393767227,151.45234744847278,140893200
2021-09-13,146.12705993652344,147.95425407222461,145.34536758274155,147.18234237769772,102404300
2021-09-14,144.72979736328125,147.61228914708835,143.54750041568678,146.90876744705565,109296300
2021-09-15,145.61895751953125,146.0195769004921,143.01983678244974,145.15971382126716,83281300
2021-09-16,145.38449096679688,145.56037888344704,143.85043284760965,145.04251070535713,68034100
2021-09-17,142.71694946289062,145.41378761722353,142.4238129361749,145.41378761722353,129868800
2021-09-20,139.66836547851562,141.52487196661303,138.0365905336095,140.50868223734292,123478900
2021-09-21,140.14710998535156,141.29034368063373,139.51199340756355,140.63566578658538,75834000
2021-09-22,142.51174926757812,143.0784609405733,140.4109501394529,141.14378392401113,76404300
2021-09-23,143.46929931640625,143.71357721861844,142.30653411634987,143.29341147385273,64838200
2021-09-24,143.55723571777344,144.09465008430436,142.22836333396052,142.326080458617,53477900
2021-09-27,142.04273986816406,142.6192471706429,140.52822848156046,142.14045701354505,74150700
2021-09-28,138.6619873046875,141.4369822027751,138.44702144121823,139.97131399341995,108972300
2021-09-29,139.56088256835938,141.14379894035906,138.77919013309102,139.2091217179658,74602000
2021-09-30,138.2613067626953,141.075393254431,138.04634099404652,140.37187163149707,89056700
2021-10-01,139.38497924804688,139.64880358400276,135.9260103602956,138.65214546670163,94639600
2021-10-04,135.95533752441406,138.9550779570537,135.10525501528176,138.5153657120816,98322000
2021-10-05,137.8802032470703,138.9843440041992,136.17025813588964,136.29728740091528,80861100
2021-10-06,138.7498779296875,138.8964387383312,135.20295726507902,136.27778622694314,83221100
2021-10-07,140.01031494140625,140.91903648455812,139.453369081024,139.78558344753552,61732700
2021-10-08,139.62930297851562,140.8800051828561,139.29708846695095,140.7334443423265,58773200
2021-10-11,139.54132080078125,141.49554421911762,138.56420909161307,139.01368703802868,64452200
2021-10-12,138.2710723876953,139.97125212650982,137.81182869231796,139.95170571768443,73035900
2021-10-13,137.684814453125,138.16358964828814,136.0139468710265,138.00726310614547,78762700
2021-10-14,140.46957397460938,140.58683751822448,138.27107262847971,138.8573456179309,69907100
2021-10-15,141.5248565673828,141.58348088448486,140.22529620330172,140.47935479013262,67940300
2021-10-18,143.1957244873047,143.47908032380766,139.88331637742027,140.16667221392322,85589200
2021-10-19,145.35513305664062,145.75575243725564,143.1957245202807,143.64518755891186,76378900
2021-10-20,145.84365844726562,146.32244845404824,144.72975192352953,145.2964783878217,58418800
2021-10-21,146.05868530273438,146.2150267878781,144.48553451864436,145.40402210693284,61421000
2021-10-22,145.2867431640625,146.74263007605518,145.23788459644618,146.26385487822307,58883400
2021-10-25,145.23789978027344,145.95118723150932,144.24124155296286,145.27697769272697,50720600
2021-10-26,145.90232849121094,147.38752756365847,145.5994113354405,145.91209424092938,60893400
2021-10-27,145.44309997558594,146.30294823636,145.0913391249601,145.94142163499626,56094900
2021-10-28,149.0779571533203,149.66421529809745,146.29318250961379,146.39089965518153,100077900
2021-10-29,146.37135314941406,146.5081482073945,143.0589446865979,143.85040287273776,124953200
2021-11-01,145.55059814453125,146.2736514231289,144.41714473918745,145.57991030936387,74588300
2021-11-02,146.58631896972656,148.10084526807523,145.24766564186768,145.25744630214584,69122000
2021-11-03,148.02267456054688,148.49168405814817,146.3908996149076,146.9478455977698,54511500
2021-11-04,147.50482177734375,148.94116258076141,147.1921388068415,148.11062639576105,60394600
2021-11-05,148.033203125,148.9334561453401,146.83938576662882,148.6301118041856,65463900
2021-11-08,147.2112274169922,148.31697989696048,146.93723803048172,148.16041026715402,55020900
2021-11-09,147.57325744628906,148.17994599827716,146.83935422451017,146.9763488953236,56787900
2021-11-10,144.74533081054688,146.90790623545243,144.67684091878007,146.80026646441542,65187100
2021-11-11,144.69639587402344,146.22291262356347,144.51047128224292,145.7630135429795,41000000
2021-11-12,146.77088928222656,147.1720784304826,144.31474986015922,145.24435777936998,63804000
2021-11-15,146.78067016601562,148.62032601011296,146.22289645235986,147.14272437440852,59222800
2021-11-16,147.7592315673828,148.2387205417783,146.13485497458598,146.72198372154762,59256200
2021-11-17,150.19577026367188,151.6733569463972,147.7494257967945,147.7592057993934,88807000
2021-11-18,154.48178100585938,155.26461435018126,149.76523586281957,150.41107449173293,137827700
2021-11-19,157.1042938232422,157.56420792147375,153.1705665084704,154.26652439465303,117305600
2021-11-22,157.5641326904297,162.14368161224743,157.54455775714948,158.209956175684,117467900
2021-11-23,157.94578552246094,158.3274146566765,155.64621578340464,157.66200120676388,96041900
2021-11-24,158.46444702148438,158.66015163635032,156.2138066222637,157.29998440577035,69463600
2021-11-26,153.4445037841797,157.00638063396804,153.00416477836077,156.14527755829806,76959800
2021-11-29,156.80091857910156,157.73052659848017,155.38202667808307,155.94958045222978,88748200
2021-11-30,161.75230407714844,161.9675835913138,156.48776584559891,156.55627065978888,174048100
2021-12-01,161.23367309570312,166.6449857878265,160.99881865483053,163.88550209995378,152052500
2021-12-02,160.24537658691406,160.6759356934568,154.41329850184846,155.33312660558886,136739200
2021-12-03,158.36656188964844,161.41961013164072,156.29206642790317,160.49978216462458,118023100
2021-12-06,161.77183532714844,164.27688907224382,160.75414791114213,160.76392791139867,107497000
2021-12-07,167.50604248046875,167.89746644017598,164.72699955738545,165.4511226843708,120405400
2021-12-08,171.3223876953125,172.1835056764081,167.03638765651502,168.43570437579535,116998900
2021-12-09,170.8135528564453,172.95655298827864,170.18728927314578,171.15604705270513,108923700
2021-12-10,175.59861755371094,175.77476213435622,170.94078267392138,171.4496265464153,115402700
2021-12-13,171.96823120117188,178.22108688608395,171.76273170193855,177.23275419312068,153237000
2021-12-14,170.58848571777344,173.92530298904865,168.51399049049428,171.48873864529648,139380400
2021-12-15,175.4518280029297,175.6475325738547,168.611843504033,171.35175229088827,131063300
2021-12-16,168.5629119873047,177.2523322197485,167.08532532021002,175.43225135839342,150185800
2021-12-17,167.4669647216797,169.74695967221308,166.0480878451819,166.28292736988075,195432700
2021-12-20,166.10678100585938,166.91896912005944,163.86593615587674,164.66832933666538,107499100
2021-12-21,169.27728271484375,169.48276731961977,165.49033075391415,167.8779657038139,91185900
2021-12-22,171.870361328125,172.08564081700152,168.4552593739479,169.32615733120278,92135300
2021-12-23,172.49664306640625,173.05441678226669,171.50832525865067,172.07587897729215,68356600
2021-12-27,176.45970153808594,176.54776634572997,173.26967407814607,173.28923408120028,74919600
2021-12-28,175.4420166015625,177.4382418590108,174.69833332933095,176.293354548695,79144300
2021-12-29,175.5301055908203,176.7532777728696,174.316713410959,175.48117571727812,62348900
2021-12-30,174.37542724609375,176.69457190920295,174.26778749437727,175.6181743920382,59773000
2021-12-31,173.75897216796875,175.38333364161016,173.45561289396153,174.26780109643352,64062300
2022-01-03,178.10365295410156,178.95499096160628,173.895952516217,174.01337226981713,104487900
2022-01-04,175.84323120117188,179.01369889567948,175.2756775127618,178.71035458130368,99310400
2022-01-05,171.16583251953125,176.3031560396219,170.89184312629723,175.7551772531539,94537600
2022-01-06,168.3085174560547,171.53769548653034,167.95624321761545,168.99349099432447,96904000
2022-01-07,168.47486877441406,170.40258963561612,167.35933616352636,169.1794172582698,86709100
2022-01-10,168.49441528320312,168.79775959259328,164.5606894006289,165.45116232460057,106765600
2022-01-11,171.3223876953125,171.4202325096092,167.15382233749222,168.62162893365016,76138300
2022-01-12,171.76272583007812,173.37730710526796,171.06797240622825,172.34005950483805,74805200
2022-01-13,168.49441528320312,172.82933029006384,168.10299122971512,172.0073621746904,84505800
2022-01-14,169.35552978515625,170.0502832024392,167.4180143556812,167.66264878484014,80440800
2022-01-18,166.15576171875,168.8369463848995,165.77413248145763,167.8290534009913,90956700
2022-01-19,162.66232299804688,167.40823697043027,162.3785536255594,166.35141442818917,94815000
2022-01-20,160.979248046875,166.03828667936338,160.65632878123083,163.3962376065405,91420500
2022-01-21,158.92433166503906,162.76019814543096,158.81669190708894,160.89118731707072,122848900
2022-01-24,158.15127563476562,158.81668910799385,151.37979580013618,156.58562410189697,162294600
2022-01-25,156.3507537841797,159.26679197315192,153.64999508546384,155.5679206315474,115798400
2022-01-26,156.26271057128906,160.8618354481178,154.43284958250229,159.99093736491258,108275300
2022-01-27,155.8028106689453,160.32365113506773,154.88298262420264,158.96348400735147,121954600
2022-01-28,166.67431640625,166.69389133962514,159.3059292425837,162.15347733104576,179935700
2022-01-31,171.02882385253906,171.2441033483954,165.87192581665457,166.5079843021577,115541600
2022-02-01,170.8625030517578,171.08756258764447,168.61186289898112,170.27537434014533,86213900
2022-02-02,172.06607055664062,172.10522042730014,169.60994623393472,170.99946801633135,84914300
2022-02-03,169.18914794921875,172.45747493667412,168.42588980272237,170.73523917530864,89418100
2022-02-04,168.90505981445312,170.580497991328,167.22962163757825,168.20940619823992,82465400
2022-02-07,168.18983459472656,170.43353483823722,167.49418092340588,169.36557317059368,77251200
2022-02-08,171.2957305908203,171.80522273077705,167.96445422996524,168.2583925780297,74829200
2022-02-09,172.71641540527344,173.07893089654075,171.36430797248656,172.49106914991745,71285000
2022-02-10,168.6405029296875,171.93257943938036,168.08203354026793,170.6196718007765,90865900
2022-02-11,165.23081970214844,169.58106427952197,164.64294315643573,168.8462260725419,98670700
2022-02-14,165.4660186767578,166.15186486791518,163.19291135712115,163.98653444619794,86185500
2022-02-15,169.2969512939453,169.45372039657573,166.80830532856646,167.51375134007887,62527400
2022-02-16,169.06178283691406,169.83580585065312,166.61232210311445,168.37593682151453,61177400
2022-02-17,165.4660186767578,168.43476465088062,165.06430342539218,167.57254946752525,69589300
2022-02-18,163.9179229736328,167.09241466512012,162.83036175887298,166.38698369504047,82772700
2022-02-22,160.99818420410156,163.32026851174712,158.872038841447,161.64483056360834,91162800
2022-02-23,156.83413696289062,162.79121451131508,156.52059869701176,162.19354527351996,90009200
2022-02-24,159.4501495361328,159.5579264390306,148.9272576589058,149.49553451506446,141147500
2022-02-25,161.5175018310547,161.78203291625664,157.617948249187,160.5279097890242,91974200
2022-02-28,161.78204345703125,162.0759818545117,159.1464202451589,159.76368938483503,95056600
2022-03-01,159.90081787109375,163.23209394256236,158.69568719407653,161.37049453342058,83474400
2022-03-02,163.19288635253906,163.97671685818776,159.6558640904533,161.06675601055625,79724800
2022-03-03,162.8695526123047,165.4953825137644,162.2033064128783,165.06427499633645,76678400
2022-03-04,159.8714599609375,162.20335221808782,158.82309815688976,161.16478287844762,83737200
2022-03-07,156.0796661376953,161.68403439715155,155.82491261205914,160.05758861933697,96418800
2022-03-08,154.2572784423828,159.58730866544224,152.65043241487155,155.60938587479396,131148300
2022-03-09,159.65585327148438,160.1065606405456,156.18742332820318,158.21556911317273,91454900
2022-03-10,155.3154296875,157.14762175986647,152.82676890064815,156.961460328922,105342000
2022-03-11,151.60203552246094,156.0600575177212,151.37668929729986,155.7171269987306,96970100
2022-03-14,147.57516479492188,151.00441119995835,147.06568752183824,148.38838787929845,108732100
2022-03-15,151.9547882080078,152.4250955746164,147.34001116939965,147.8494883910694,92964300
2022-03-16,156.3638153076172,156.76553056777536,151.3375306500096,153.8751690879972,102300200
2022-03-17,157.37301635742188,157.74533933374323,154.44346962371964,155.40365445965918,75615400
2022-03-18,160.66505432128906,161.1549465596943,156.53036263312293,157.2652009907308,123511700
2022-03-21,162.03677368164062,162.9871658912754,159.71467413165345,160.2045664067095,95811400
2022-03-22,165.40721130371094,165.9950729796282,161.57625067180703,162.16411234772428,81532000
2022-03-23,166.7691192626953,169.14998832074127,164.26085849061369,164.59399656875675,98062700
2022-03-24,170.55113220214844,170.61970935790146,166.76916261119956,167.60197064721902,90131400
2022-03-25,171.18795776367188,171.73663471959298,169.25778100424003,170.36494232979024,80546200
2022-03-28,172.0501708984375,172.1775327221898,168.52294058057433,168.6895021580393,90371900
2022-03-29,175.34226989746094,175.391247170357,172.77522391375607,173.11815452599345,100589400
2022-03-30,174.1763458251953,175.97914624575637,173.1279689266215,174.9405767632664,92633200
2022-03-31,171.0802001953125,174.43106194071976,170.87443883843048,174.24490046314256,103049300
2022-04-01,170.78623962402344,171.34472398421482,168.46415506398156,170.5119011506989,78751300
2022-04-04,174.83273315429688,174.88172536504146,170.91359549990895,171.04097225778014,76468400
2022-04-05,171.52110290527344,174.69561063609092,170.89404131095085,173.91177990560575,73401800
2022-04-06,168.3563690185547,170.1199840728932,166.69073839236125,168.87565359700926,89058800
2022-04-07,168.66015625,169.85549491177852,166.4164556178398,167.69997132425863,77594700
2022-04-08,166.65155029296875,168.30738857225097,165.77954264267717,168.30738857225097,76575500
2022-04-11,162.3992919921875,165.61298417615765,162.1543458504195,165.29946088886413,72246700
2022-04-12,164.2706756591797,166.4359910689201,163.27129126604743,164.62339868320723,79265200
2022-04-13,166.95529174804688,167.58235330112555,163.39868377604554,164.00614545081112,70618900
2022-04-14,161.94859313964844,167.80771592706967,161.70364698483297,167.17084695435335,75329400
2022-04-18,161.73301696777344,163.23208589340007,160.26334037791807,160.60625594535696,69023900
2022-04-19,164.0159149169922,164.4274375522312,160.59647667199232,161.6840380358106,67723800
2022-04-20,163.84938049316406,165.46603411276996,162.7422340206999,165.34844979022682,67929800
2022-04-21,163.0557403564453,168.06243992326603,162.55605562621574,165.49540922825548,87227800
2022-04-22,158.51931762695312,164.47640880332085,158.23518671810965,163.09492410815207,84882400
2022-04-25,159.5872802734375,159.8714111577949,155.25663522524357,157.8628502431654,96046400
2022-04-26,153.63021850585938,159.0582182667308,153.55183394880203,158.9700412464134,95623200
2022-04-27,153.4048614501953,156.55975368530983,152.2389155403168,152.7582001127346,88063200
2022-04-28,160.33192443847656,161.19413952588084,155.71713316880462,156.0306713643422,130216800
2022-04-29,154.4630126953125,162.84017274008735,154.0711048951049,158.5683119363977,131747600
2022-05-02,154.7667694091797,155.03130046543404,150.17157761678854,153.54203875876948,123055300
2022-05-03,156.25601196289062,157.46115753940876,153.15990462040372,154.9528969165434,88966500
2022-05-04,162.66383361816406,163.1145261346623,156.04048055543203,156.44219580516028,108256500
2022-05-05,153.60086059570312,160.76308477987206,151.81764516116996,160.5377384717739,130525300
2022-05-06,154.326904296875,156.44635165846242,151.28510401095104,153.08074566682737,116124600
2022-05-09,149.2049102783203,152.90412873322438,148.6456204167706,152.02101820173502,131577900
2022-05-10,151.6089324951172,153.79707304983472,150.05859659800515,152.59997843272657,115366700
2022-05-11,143.7493438720703,152.53129738037643,143.07229678522884,150.6179132038416,142689800
2022-05-12,139.88330078125,143.45495579096956,136.19390367446763,140.08936442340104,182602000
2022-05-13,144.3478546142578,145.31927170624107,140.42295884876623,141.87516608975716,113990900
2022-05-16,142.80735778808594,144.75019240669823,141.47289233038416,142.81717961196202,86643800
2022-05-17,146.43788146972656,146.95792901438662,143.9259353445969,146.0650115425021,78336300
2022-05-18,138.17596435546875,144.59316242526515,137.27322514239307,144.09274359887067,109742900
2022-05-19,134.77114868164062,139.00022255113117,134.03523053806913,137.25364468817165,136095600
2022-05-20,135.006591796875,138.0581987019196,130.12010100370028,136.47842763585558,137426100
2022-05-23,140.42300415039062,140.57018180016163,135.06551311431642,135.202883911534,117726300
2022-05-24,137.724609375,139.3043807072169,134.75150167714628,138.1661572066265,104132700
2022-05-25,137.88162231445312,139.12776621000188,135.742545873108,135.8308524536192,92482700
2022-05-26,141.08041381835938,141.62989697300142,134.56508575048807,134.8103917996885,90601500
2022-05-27,146.83038330078125,146.8696256795322,142.5326166713653,142.6601806038178,90978500
2022-05-31,146.04539489746094,147.8312299883083,144.08294665114528,146.27108722583742,103718400
2022-06-01,145.9178466796875,148.8909545900905,144.90717205322113,147.08549081541827,74286600
2022-06-02,148.37088012695312,148.42975116841052,144.10254995382152,145.05433838348728,72348100
2022-06-03,142.650390625,145.19175791698237,141.74766608402808,144.14184075062616,88570300
2022-06-06,143.3960723876953,145.78045445382116,142.17934925780943,144.2693611343495,71598400
2022-06-07,145.9178466796875,146.20239508903217,141.39440285018887,141.63970888221743,67808200
2022-06-08,145.1819305419922,147.0560572730291,144.69131847131706,145.79028471849585,53950200
2022-06-09,139.96180725097656,145.17210490927135,139.85387199936835,144.31844471982856,69473000
2022-06-10,134.55528259277344,138.1171163437947,134.4865897104107,137.64613290864105,91437900
2022-06-13,129.40383911132812,132.6614953380435,128.97209811172078,130.37524138815306,122207100
2022-06-14,130.26730346679688,131.3760914682962,129.01133784221852,130.63036655754385,84784300
2022-06-15,132.88719177246094,134.76133366612893,129.67859928442957,131.7685967366082,91533000
2022-06-16,127.61802673339844,129.90428108943473,126.61717378126413,129.6001039599366,108123900
2022-06-17,129.08987426757812,130.5813394854212,127.37273163941983,127.62785955501533,134520300
2022-06-21,133.31890869140625,134.48656772231706,130.8167993077871,130.91491273074396,81000500
2022-06-22,132.80868530273438,135.17342395812105,131.39572023105475,132.25918724085466,73409200
2022-06-23,135.6738739013672,135.98785785879153,133.08344262037107,134.25110181028134,72433800
2022-06-24,139.00018310546875,139.24548908371264,137.14567050883647,137.273219436367,89116800
2022-06-27,139.00018310546875,140.7958246628887,138.3231362099494,140.0206493871563,70207900
2022-06-28,134.8594207763672,140.72713574825013,134.74167869464102,139.46136345282662,67083400
2022-06-29,136.6157989501953,138.0287637570601,134.10386817011945,134.87904343302176,66242400
2022-06-30,134.15296936035156,135.77198324759192,131.25836106107414,134.67301697127326,98964500
2022-07-01,136.32144165039062,136.42937688810812,133.11284998534265,133.48570492012948,71051600
2022-07-05,138.90206909179688,138.95113328697806,134.35899711370092,135.18323666479031,73353800
2022-07-06,140.2365264892578,141.41399224615117,138.43107799720204,138.6960126584971,74064300
2022-07-07,143.6021270751953,143.79836886527636,140.5897624458258,140.59956929502877,66253700
2022-07-08,144.2791748046875,144.77960864232728,142.27748437099987,142.53259722881296,64547800
2022-07-11,142.14991760253906,143.88668829327412,141.08038702449986,142.93489980535588,63141600
2022-07-12,143.121337890625,145.66270453987497,142.32654882035914,143.0232094985196,77588800
2022-07-13,142.75830078125,143.7002675399076,139.45156535802397,140.3052405126538,71185600
2022-07-14,145.68234252929688,146.1533259024835,140.56035155748177,141.3747693527097,78140700
2022-07-15,147.35040283203125,148.0274497717396,145.41739039952375,146.96772607988603,76259900
2022-07-18,144.3086395263672,148.7241480973096,143.9455764182645,147.9097302753274,81420900
2022-07-19,148.16485595703125,148.3905333334654,144.1516525247905,145.14268358851726,82982400
2022-07-20,150.16651916503906,150.8337592919261,147.54665279809592,148.2825708215841,64823400
2022-07-21,152.43316650390625,152.64903699884627,149.08718880462706,151.5991200487024,65086600
2022-07-22,151.1968536376953,153.3457373191084,150.52962827902016,152.47244826302173,66675400
2022-07-25,150.07821655273438,152.12897123891142,149.42079823109208,151.1183116577891,53623900
2022-07-26,148.7535858154297,150.21560020375307,147.96860350790257,149.40118236976926,55138700
2022-07-27,153.8461151123047,154.37598449377768,149.3030578563077,149.71517016840275,78620700
2022-07-28,154.3955841064453,154.6801324449434,151.5107834924773,154.03252108827954,81378700
2022-07-29,159.45870971679688,160.5576907977121,156.5052308137223,158.21256599444197,101786900
2022-08-01,158.47747802734375,160.51842568191043,157.8691239569894,157.9868660422736,67829400
2022-08-02,157.00563049316406,159.36057683120032,156.63277559316523,157.09395202290318,59907000
2022-08-03,163.0107879638672,163.46214273028536,157.7317967556544,157.82010334400223,82507500
2022-08-04,162.69674682617188,164.05084071884252,161.34265293350123,162.89298862903826,55474100
2022-08-05,162.4707794189453,162.96207295817032,160.1616937873522,160.36804367078585,56697000
2022-08-08,161.99911499023438,164.88792318870864,161.34078349494277,163.47299550022427,60276900
2022-08-09,162.0482635498047,162.9326009401167,160.40734488370262,161.16394115258205,63135500
2022-08-10,166.2930450439453,166.39129475740782,163.99377985120265,164.76019658442047,70170500
2022-08-11,165.5561065673828,168.01257432763373,165.26132743753485,167.09876052441393,57149200
2022-08-12,169.10325622558594,169.1720295303759,166.4502588992338,166.8629587003345,68039400
2022-08-15,170.17422485351562,170.37073923171536,168.3662685851405,168.53330655626456,54091700
2022-08-16,170.01702880859375,170.6851957704937,168.6708894053126,169.77138205657383,56377100
2022-08-17,171.5105743408203,173.08270464114312,169.5650561598673,169.76157057327157,79542000
2022-08-18,171.1175079345703,171.85444813238172,170.10544459568962,170.72447915963892,62290100
2022-08-19,168.5333251953125,170.71466951867444,168.3269753298755,170.0170261568602,70346300
2022-08-22,164.65213012695312,166.9022480242965,164.22960987091767,166.73521001384654,69026800
2022-08-23,164.3180389404297,165.77227866474297,163.74813661491604,164.17065687050786,54147100
2022-08-24,164.6128387451172,165.18274114219807,163.35512828021157,164.40650382131545,53841500
2022-08-25,167.06927490234375,167.17736007756102,165.41853585512217,165.84104108991514,51218200
2022-08-26,160.77090454101562,168.07153485537452,160.71195171096292,167.59989722186273,78961000
2022-08-29,158.5699005126953,160.06342201093398,157.03706713692557,158.34389469961232,73314000
2022-08-30,156.14291381835938,159.7293506019625,154.97363281420544,159.3068453614504,77906200
2022-08-31,154.4823455810547,157.78383884788298,154.40373681361956,157.5185361319256,87991100
2022-09-01,155.20945739746094,155.66143904544523,151.97673759886456,153.91243529158203,74229900
2022-09-02,153.09689331054688,157.56766760419046,152.2715237467297,156.9682888748041,76957800
2022-09-06,151.8391571044922,154.3545772465812,151.01378768157298,153.74537814772464,73714800
2022-09-07,153.24427795410156,153.9419063408882,150.93519246411637,152.1241293530868,87449600
2022-09-08,151.77040100097656,153.6373103822705,150.02138227376568,151.94725947173376,84923800
2022-09-09,154.6297149658203,155.07189112050955,152.0553417641127,152.76280561990976,68028800
2022-09-12,160.58419799804688,161.39974706706778,156.52612358553827,156.81106723949068,104956000
2022-09-13,151.1611785888672,157.7445084078153,150.6993615052029,157.11565333541313,122656600
2022-09-14,152.6055908203125,154.3644300184662,150.9351958505273,152.0946413613245,87965400
2022-09-15,149.716796875,152.53683214610933,148.7440452074938,151.95709434204855,90481100
2022-09-16,148.07586669921875,148.71455728301882,145.78643705402317,148.57699569456918,162278800
2022-09-19,151.7900390625,151.8686478234834,146.50373107588743,146.71006595451675,81474200
2022-09-20,154.16787719726562,155.32733752502483,150.41440307013318,150.72882307884146,107689800
2022-09-21,151.04327392578125,155.9758648340084,150.92536828428254,154.600234046477,101696800
2022-09-22,150.080322265625,151.780193333908,148.28218651419172,149.72659039660394,86652500
2022-09-23,147.81056213378906,148.8324610577634,145.97312915554878,148.55733788432917,96029900
2022-09-26,148.1446533203125,151.09241446222893,147.03432515906897,147.05398109807987,93339400
2022-09-27,149.11737060546875,152.02583419352277,147.33889085777966,150.08031648538008,84442700
2022-09-28,147.2308349609375,148.01690757279204,142.31789987820665,145.06914652315353,146691400
2022-09-29,139.9989776611328,144.16515152497595,138.2303182381293,143.55595244325275,128138200
2022-09-30,135.7935333251953,140.60821907927374,135.59701890511008,138.8199033723931,124925300
2022-10-03,139.9695281982422,140.57874239032802,135.29241903979042,135.8033685254817,114311700
2022-10-04,143.55596923828125,143.67387488258018,141.7479977315321,142.504593932989,87830100
2022-10-05,143.85072326660156,144.8136692711772,140.51975411083046,141.56130887045842,79471000
2022-10-06,142.89761352539062,144.970872598081,142.6912786611767,143.27100136570334,68402200
2022-10-07,137.65060424804688,140.60820060654387,137.02174919053795,140.05793931227225,85925600
2022-10-10,137.97486877441406,139.4192729060871,136.15709176712548,137.97486877441406,74899000
2022-10-11,136.5599365234375,138.88867789955424,135.8131758038938,137.4639147607023,77033700
2022-10-12,135.93109130859375,137.91592138284778,135.75423283314072,136.70734348798558,70433700
2022-10-13,140.50010681152344,141.08964995811803,132.03019750307845,132.63941157890508,113224000
2022-10-14,135.97039794921875,142.00348171103434,135.78370401470698,141.79713183786654,88598000
2022-10-17,139.93023681640625,140.41169491464842,137.82750095740744,138.61357366022068,85250900
2022-10-18,141.2469024658203,144.14553155258784,138.1615794221166,142.95660950013638,99136600
2022-10-19,141.35498046875,142.42599680685538,139.03607431855443,139.22276826600364,61758300
2022-10-20,140.89317321777344,143.3496411342512,140.16605331698352,140.52962076392365,64522000
2022-10-21,144.70559692382812,145.27549920361895,140.1660346242772,140.38220497154572,86548600
2022-10-24,146.84762573242188,147.6140424012265,143.45770354454174,144.62698448602487,75981900
2022-10-25,149.68734741210938,149.8347445046668,146.75924142236417,147.47652596158085,74732300
2022-10-26,146.74937438964844,149.34340346890698,145.4621728259598,148.33134005875115,88194300
2022-10-27,142.2786102294922,146.45460526216635,141.6202786941001,145.49167413504986,109180200
2022-10-28,153.02810668945312,154.75745443354808,145.24601935139384,145.6193922207591,164762400
2022-10-31,150.66990661621094,151.55424402730603,149.27463469355658,150.49304812984573,97943200
2022-11-01,148.02671813964844,152.74313850206963,146.53319676946654,152.37958612806426,80379300
2022-11-02,142.5045928955078,149.5202635488904,142.47511648464766,146.35633217647393,93604600
2022-11-03,136.461669921875,140.313408670562,136.33392883040858,139.58628898595558,97918500
2022-11-04,136.19595336914062,140.41823769444377,132.25908536615194,139.84739003185524,140814800
2022-11-07,136.7274169921875,136.95378268582516,133.52871190234,134.94598671425354,83374600
2022-11-08,137.2982940673828,139.1978259809836,135.3200229786847,138.19393528890745,89908500
2022-11-09,132.7413787841797,136.36330615762654,132.46579914921745,136.31409229039105,74917800
2022-11-10,144.55194091796875,144.55194091796875,137.298266687944,139.0108096143879,118854000
2022-11-11,147.33726501464844,147.64236984681628,142.09138720356083,143.51851370440974,93979700
2022-11-14,145.93971252441406,147.90814675324938,145.10312196997452,146.61882473623606,73374100
2022-11-15,147.671875,151.16584747645206,146.21523841070817,149.8174753306995,89868300
2022-11-16,146.44166564941406,147.5046219917799,144.96533989912186,146.7763108997982,64218300
2022-11-17,148.3411865234375,149.0891860323431,143.8433076526517,144.11888720950952,80389400
2022-11-18,148.90219116210938,150.2899408094876,147.60303246304494,149.9060967599958,74829600
2022-11-21,145.6739501953125,147.99670287508093,145.3885338782466,147.790025718782,58724100
2022-11-22,147.8096923828125,148.04590985414606,144.6109873377189,145.79205967642807,51804100
2022-11-23,148.68568420410156,149.4336837921187,146.98297781162248,147.09124229312135,58301400
2022-11-25,145.77239990234375,146.5302512983949,144.7980195359923,145.9692403249909,35195900
2022-11-28,141.94375610351562,144.3255590917021,141.11701754919451,142.84923380843264,69246000
2022-11-29,138.94189453125,142.5244433578434,138.13484450256723,142.012646377485,83763800
2022-11-30,145.69363403320312,146.3727461321645,138.33169544585772,139.16827084330671,111380900
2022-12-01,145.96922302246094,146.7762881829984,144.29605710134743,145.87081033178356,71250400
2022-12-02,145.47714233398438,145.66414600537883,143.351229571757,143.65634951969474,65447400
2022-12-05,144.31573486328125,148.53801893223152,143.4693076933105,145.43774157529282,68826400
2022-12-06,140.6544189453125,144.97512986476085,139.68003895912977,144.74876421793462,64727200
2022-12-07,138.71554565429688,141.10718574311466,137.7903792762826,139.9458168978351,69721100
2022-12-08,140.39854431152344,141.25482328488022,138.8730200272998,140.1131279990439,62128300
2022-12-09,139.9163055419922,143.2724894333561,138.6761823933455,140.09345741010685,76097000
2022-12-12,142.2095184326172,142.21935519606154,138.8336463442299,140.44776160871248,70462700
2022-12-13,143.174072265625,147.60304951034107,141.96348935709867,147.14046624112265,93886200
2022-12-14,140.94972229003906,144.3452679150581,138.9320744491566,143.05594605605327,82291200
2022-12-15,134.34564208984375,139.5619960317231,133.88305882406812,138.88288378971373,98931900
2022-12-16,132.38705444335938,135.47749595050237,131.61936620399007,134.53265581803083,160156900
2022-12-19,130.28077697753906,133.06611240851234,129.24736132043492,132.9775364981246,79592600
2022-12-20,130.21194458007812,131.14694795968774,127.83997741416957,129.3163032823837,77432800
2022-12-21,133.31219482421875,134.6507305969255,130.65481182459862,130.88117753836192,85928000
2022-12-22,130.14303588867188,132.43626376220547,128.24350390512237,132.2295865606811,77852100
2022-12-23,129.77883911132812,130.32999816428637,127.59387642427377,128.85367283616628,63814900
2022-12-27,127.97773742675781,129.33596171498522,126.68841553829142,129.3064364059333,69007800
2022-12-28,124.05071258544922,128.96195335269854,123.88339749624971,127.62341762114275,85438400
2022-12-29,127.56436157226562,128.42062552699434,125.71403637929805,125.9699273840094,75703700
2022-12-30,127.87930297851562,127.89899152283257,125.41876807644428,126.38330400552722,77034200
2023-01-03,123.09600830078125,128.83398716375524,122.21021158237852,128.22377748695044,112117500
2023-01-04,124.36565399169922,126.62935597280962,123.10585750129947,124.88728777203856,89113600
2023-01-05,123.04682922363281,125.75342648367807,122.79093816187682,125.12352808569513,80962700
2023-01-06,127.5741958618164,128.23361941413805,122.9188539076289,124.02117959147921,87754700
2023-01-09,128.0958251953125,131.30438194257326,127.83993420444634,128.41078181603234,70790800
2023-01-10,128.6667022705078,129.18833615231142,126.09789493911427,128.20411901412172,63896200
2023-01-11,131.38311767578125,131.40279120059512,128.40094170907022,129.17846644203894,69458900
2023-01-12,131.30438232421875,132.14095769176564,129.36547379890666,131.76696547602162,71379600
2023-01-13,132.63307189941406,132.7905502170586,129.58200833933589,129.94616380817476,57809700
2023-01-17,133.79444885253906,135.12313266732727,132.01301865225,132.7019674841355,63646600
2023-01-18,133.0759735107422,136.42230495988363,132.8988066595986,134.66056331872014,69672800
2023-01-19,133.13504028320312,134.0995687562006,131.65871475561192,131.96381962844052,58280400
2023-01-20,135.6940155029297,135.84165708820683,132.1016288639502,133.14489665420894,80223600
2023-01-23,138.88284301757812,141.05796890647485,135.7235002594527,135.9400291721196,81760300
2023-01-24,140.2804412841797,140.90050277108796,138.08564168128757,138.0954784443646,66435100
2023-01-25,139.6210174560547,140.18201330953534,136.61915274790366,138.6663258108729,65799300
2023-01-26,141.6879119873047,141.97332836189656,139.6604119793185,140.91037200424128,54105100
2023-01-27,143.6267852783203,144.9062704324847,140.82177572822627,140.90051489349364,70555800
2023-01-30,140.7430419921875,143.2527985417942,140.59541543784155,142.6721140707524,64015300
2023-01-31,142.0126495361328,142.0618633846007,140.03437897857034,140.4477482733763,65874500
2023-02-01,143.13465881347656,144.29604258311244,139.0895417079852,141.69771052689384,77663600
2023-02-02,148.43963623046875,148.79393998354684,145.83145179927072,146.54992610628193,118339000
2023-02-03,152.06155395507812,154.89610423261004,145.49682718195612,145.6936676139042,154357300
2023-02-06,149.3352508544922,150.6836384438328,148.40024764766747,150.1620046015634,69858300
2023-02-07,152.20919799804688,152.78004582880286,148.2624920688464,148.2624920688464,83322600
2023-02-08,149.52224731445312,152.14026818212696,148.78408455222657,151.45131927430748,64120100
2023-02-09,148.48883056640625,151.89422837459855,148.0459358705389,151.3529059605557,56007100
2023-02-10,148.85353088378906,149.17882019931434,147.08909918660703,147.32567733632254,57450700
2023-02-13,151.6529998779297,152.05713357186568,148.76483299254943,148.79440338379132,62199000
2023-02-14,151.01226806640625,151.5741355635304,148.7056873791277,149.9476888936107,61707600
2023-02-15,153.1118621826172,153.279432747917,150.696851620169,150.923562968411,65573800
2023-02-16,151.5150146484375,154.0975960108758,151.16015487764588,151.3178586328593,68167900
2023-02-17,150.3715362548828,150.8151070910907,148.69581585093724,150.17439533222245,59144100
2023-02-21,146.3596649169922,149.1394018439348,146.29067235544917,148.05510409777494,58867200
2023-02-22,146.7835235595703,147.80866542554767,145.0585140913541,146.74408634882758,51011300
2023-02-23,147.2665252685547,148.1931042440918,145.1373820304515,147.94667430552937,48394200
2023-02-24,144.6149444580078,145.0880857046954,143.6390765358812,145.0092263234326,55469600
2023-02-27,145.8076934814453,147.03984342133134,145.34440390077674,145.60070071444446,44998500
2023-02-28,145.30496215820312,146.95111245136155,144.73324285815977,144.9501024216552,50547000
2023-03-01,143.23492431640625,145.12750429739225,142.9392054041828,144.73322244168676,55479000
2023-03-02,143.8263702392578,144.61494903595985,141.84506394442167,142.31822024697658,52238100
2023-03-03,148.8732452392578,148.95210462024477,145.2260853537234,145.9259379185379,70732300
2023-03-06,151.63327026367188,154.06799923846452,151.26855877090114,151.59383305095145,87558000
2023-03-07,149.4351043701172,151.83039589059405,148.9718149331636,151.50510660246357,56182000
2023-03-08,150.6869659423828,151.27840377958802,149.6618240709013,150.6278251668401,47204800
2023-03-09,148.43954467773438,152.33313497413033,148.08468493947933,151.3671337581158,53833600
2023-03-10,146.37936401367188,148.7845223003039,145.50207415084836,148.06495118697146,68572400
2023-03-13,148.32125854492188,150.9531285889032,145.59081050522525,145.69924028415588,84457100
2023-03-14,150.4109649658203,151.2093955139033,147.95653254628945,149.11967456920323,73695900
2023-03-15,150.80528259277344,151.06156433450928,147.77911548729296,149.03098388604963,77167900
2023-03-16,153.6244659423828,154.22575573590098,149.47457818041434,149.98715678494457,76161100
2023-03-17,152.78659057617188,154.50174868510317,152.07687101667568,153.8511699154162,98944600
2023-03-20,155.1522674560547,155.5662829465371,151.94867858194203,152.85555389921097,73641400
2023-03-21,157.00546264648438,157.1237442200261,154.3045847371103,155.0734600878072,73938300
2023-03-22,155.57618713378906,159.82463786522675,155.55646852262672,157.02519671590775,75701800
2023-03-23,156.66043090820312,159.24302685232914,155.4282812343858,156.56186795883147,67622100
2023-03-24,157.96160888671875,158.0503200650471,155.5958872192805,156.5914588714899,59196500
2023-03-27,156.01976013183594,158.47420834239043,155.61561132270765,157.65605893887226,52390300
2023-03-28,155.39871215820312,156.22672817707905,153.7525619849842,155.714149696992,45992200
2023-03-29,158.47418212890625,158.75018247951246,157.07446176772007,157.09416533498404,51305700
2023-03-30,160.04147338867188,160.14990317241256,158.96704237580855,159.22332411879057,49501700
2023-03-31,162.54519653320312,162.64377453412575,159.597903820846,160.12033413577524,68749800
2023-04-03,163.7970733642578,163.91535493872908,161.87492257463953,161.92421157763323,56976200
2023-04-04,163.2647705078125,164.45748300799937,162.75219201536794,164.22091988909426,46278300
2023-04-05,161.4214630126953,162.69304993016723,159.48946069965245,162.38747921010668,51511700
2023-04-06,162.3086395263672,162.60435849941234,159.6866210280676,160.11047335808198,45390100
2023-04-10,159.7161407470703,159.7161407470703,157.793990593468,159.11485120764732,47716900
2023-04-11,158.5037384033203,160.04145880285023,158.21787125365222,160.03160702009572,47644200
2023-04-12,157.813720703125,159.74572277857914,157.49828319805357,158.9177218890988,50133100
2023-04-13,163.19577026367188,163.43234843413578,159.11489082873655,159.3218986080038,68445600
2023-04-14,162.85076904296875,163.94491858408577,161.48061917083933,162.23961256067847,49386500
2023-04-17,162.87046813964844,163.02818690758198,161.68760746192598,162.73246797792896,41516200
2023-04-18,164.09275817871094,165.019337094876,163.28446081239204,163.72804670609275,49923000
2023-04-19,165.2362060546875,165.7586363174907,163.17604035173306,163.43233711220313,47720200
2023-04-20,164.27017211914062,165.47275128415967,163.19574132050678,163.71817152684758,52456400
2023-04-21,162.6634979248047,164.07307012591417,162.141067594516,162.6930683177726,58337300
2023-04-24,162.96905517578125,163.23520373133107,161.54961626736943,162.643765839196,41949600
2023-04-25,161.4313201904297,163.93504162144998,161.3918829793584,162.83104036567903,48714100
2023-04-26,161.4214630126953,162.91976126426218,160.47518046288778,160.73146218660858,45498800
2023-04-27,166.0050506591797,166.15290259103057,162.83103216774902,162.83103216774902,64902300
2023-04-28,167.25692749023438,167.424513091262,165.4826438930684,166.08393356927388,55275900
2023-05-01,167.16819763183594,168.0159171618742,166.23176694003394,166.86262693627947,52472900
2023-05-02,166.13320922851562,167.91737470896658,165.1474894240389,167.66107793363267,48425700
2023-05-03,165.0587921142578,168.47924132633688,164.7729399649435,167.07952089132834,65136000
2023-05-04,163.42247009277344,164.65461977543495,161.96360907995128,162.535328337613,81235400
2023-05-05,171.0913848876953,171.8109560965244,168.32149974515366,168.5383592942621,113453200
2023-05-08,171.02235412597656,171.36736200944458,169.65220445536363,170.0169159017989,55962800
2023-05-09,169.3170623779297,171.0617752659888,169.14949184838724,170.57878228109809,45326900
2023-05-10,171.08154296875,171.5448325237521,169.44524432941884,170.54926084220077,53724500
2023-05-11,171.268798828125,172.09679977091955,169.71135988855104,171.3673768150292,49514700
2023-05-12,170.3409423828125,171.8116866019269,168.79121464447562,171.3773676163626,45533100
2023-05-15,169.84742736816406,170.97270170588305,169.25517137496644,170.92334452950067,37266700
2023-05-16,169.84742736816406,170.9035986466086,169.58091066505557,169.76845889829133,42110300
2023-05-17,170.45941162109375,170.69630196545663,168.21872838992437,169.4920742376562,57951600
2023-05-18,172.7889404296875,172.97648867280256,170.3508433925847,170.76541658498283,65496700
2023-05-19,172.89749145507812,174.11159953538055,172.68033195301507,174.11159953538055,55809500
2023-05-22,171.94989013671875,172.45331220735133,171.2095777379714,171.73273062815065,43570900
2023-05-23,169.34396362304688,171.14046198217582,169.06758157728734,170.8936912226268,50747300
2023-05-24,169.62037658691406,170.19288666082696,168.317434571077,168.88006417332414,45143500
2023-05-25,170.7555389404297,171.65377326209193,169.47232768730396,170.18302884098296,56058300
2023-05-26,173.1640167236328,173.49963649375093,170.873991291327,171.08128541223243,54835000
2023-05-30,175.00985717773438,176.67803022234617,174.28929064745816,174.6742524991613,55964400
2023-05-31,174.96047973632812,177.03336027410137,174.47680359439627,175.0394481918492,99625300
2023-06-01,177.7637939453125,177.79340523372372,174.64460769798924,175.40466591116137,68901800
2023-06-02,178.6127166748047,179.43199760539318,176.94454352013497,178.69168514468382,61996900
2023-06-05,177.2604217529297,182.5610542820425,175.7403050283916,180.27102884609,121946500
2023-06-06,176.89517211914062,177.79340630920336,175.13815031318512,177.64534986625156,64848400
2023-06-07,175.5231170654297,178.86932803839457,175.0295755351299,176.13510374325992,61944600
2023-06-08,178.2376251220703,178.50412674833163,175.1677956906412,175.60209965770608,50214900
2023-06-09,178.62257385253906,179.8761586114367,178.29683460490384,179.15559212759166,48900000
2023-06-12,181.41603088378906,181.51474523727245,178.63246384356634,178.92859184232086,54274900
2023-06-13,180.94223022460938,181.77137654932005,180.08347260699438,180.43882318354116,54929100
2023-06-14,181.57394409179688,182.00826309164242,179.668880824476,181.00143405215442,57462900
2023-06-15,183.6073455810547,184.11076766616947,181.4061542027307,181.5838370156226,65433200
2023-06-16,182.5314178466797,184.57468723659963,181.88981981135748,184.31803597311566,101256200
2023-06-20,182.62026977539062,183.69620198313194,182.02802885230534,182.02802885230534,49799100
2023-06-21,181.58380126953125,183.01506865418932,180.23148727317735,182.5116466681768,49515700
2023-06-22,184.5845489501953,184.63390612000734,181.29756025506936,181.3666633051449,51245300
2023-06-23,184.2686767578125,185.13731475683954,182.6202496908907,183.15328303090953,53117000
2023-06-26,182.8769073486328,185.6209974197008,182.83741558637178,184.4167547195407,48088700
2023-06-27,185.63087463378906,185.95661391553264,183.27174625542975,183.48890577659213,50730800
2023-06-28,186.8054962158203,187.44709427325768,185.17681495512898,185.50253915791174,51216800
2023-06-29,187.14108276367188,187.61489349976054,186.49948476837957,186.6376758009822,46347300
2023-06-30,191.4645233154297,191.96793030893548,188.7895213028153,189.15475231695294,85213200
2023-07-03,189.97402954101562,191.37568580561538,189.28305928715224,191.27697146600818,31458200
2023-07-05,188.85862731933594,190.48730854754436,188.15779163185775,189.09553270560195,46920300
2023-07-06,189.33241271972656,189.53970680413252,186.75612514844465,187.3878577490578,45094300
2023-07-07,188.21702575683594,190.1813268348204,187.78272178125238,188.93760736945495,46815000
2023-07-10,186.17376708984375,187.5359467558433,184.62403920180722,186.8153651594175,59922200
2023-07-11,185.65060424804688,186.85484691926047,184.18972537508213,186.71665587805697,46638100
2023-07-12,187.31878662109375,189.22385000348103,186.03557542450565,187.22993768452707,60750200
2023-07-13,188.07882690429688,188.72044002337208,187.32864909209994,188.03935020331573,41342300
2023-07-14,188.22691345214844,188.71057462083735,187.18060758311253,187.77284851528793,41616200
2023-07-17,191.48428344726562,191.81002272437502,189.33243414864154,189.42126802557274,50520200
2023-07-18,191.22763061523438,191.8198865800326,189.93455398917624,190.85254922844402,48288200
2023-07-19,192.57994079589844,195.66950100927124,190.16157487576123,190.6057743707706,80507300
2023-07-20,190.63539123535156,193.9322456468904,190.01352397351403,192.57006595398724,59581200
2023-07-21,189.46075439453125,192.45161532627134,188.75991868585442,191.59285775033445,71951700
2023-07-24,190.26026916503906,192.392372294224,189.76672761078473,190.91174763146105,45377800
2023-07-25,191.11903381347656,191.92844922240585,190.4280786239598,190.83278632842445,37283200
2023-07-26,191.9876708984375,193.112945076557,190.82292002182845,191.16839008411552,47471900
2023-07-27,190.72421264648438,194.65279947329122,190.06286872536143,193.48804855415668,47460200
2023-07-28,193.30050659179688,194.09017617119656,191.63233355900982,192.15548645475204,48291400
2023-07-31,193.91250610351562,193.9519978690126,192.73787459795656,193.52754422924545,38824100
2023-08-01,193.0833282470703,194.1888565133771,192.75758901252786,193.7051954277144,35175100
2023-08-02,190.09246826171875,192.65887532596588,189.37190180440743,192.52068429221174,50389300
2023-08-03,188.70066833496094,189.8851650044284,188.22687267951244,189.095510599245,61235200
2023-08-04,179.63925170898438,184.95962880576235,179.57014866509618,183.12365370967743,115956800
2023-08-07,176.53985595703125,180.76457131743229,175.0592309925441,179.77748800777417,97576100
2023-08-08,177.47755432128906,177.94148460917899,175.2862285117603,177.36897457174686,67823000
2023-08-09,175.8883819580078,178.59298065772126,174.7236157900662,178.53375806746422,60378500
2023-08-10,175.6711883544922,178.41527829006225,175.30597241092943,177.1616784798233,54686900
2023-08-11,175.73048400878906,176.55087114534,174.50485775151037,175.26594233781003,52036700
2023-08-14,177.38119506835938,177.60852659340796,175.25609098331174,175.90844935818416,43675600
2023-08-15,175.39443969726562,177.40092323969566,174.99907927707545,176.8078826094104,43622600
2023-08-16,174.52464294433594,176.47180884084688,174.45544657600635,175.07815356283987,46964900
2023-08-17,171.98440551757812,175.4537406821077,171.47042491030345,175.08803154260252,66062900
2023-08-18,172.46873474121094,173.07166917955516,169.96804315644715,170.30410101859755,61172200
2023-08-21,173.80307006835938,174.08971916130307,171.7274054668453,173.04200058882003,46311900
2023-08-22,175.17698669433594,175.62177093693052,174.2083431088137,175.00895776189057,42038900
2023-08-23,179.0219268798828,179.44695366375947,176.264252478764,176.45205395893973,52722800
2023-08-24,174.33682250976562,179.00214733275968,173.9710983264249,178.57712060131817,54945800
2023-08-25,176.541015625,177.07475372946672,173.78334110152613,175.3252679389123,51449600
2023-08-28,178.1027069091797,178.49806733287568,176.48170504077262,178.003859262239,43820700
2023-08-29,181.9871826171875,182.7581460326424,177.4207046822572,177.61838490226515,53003900
2023-08-30,185.47628784179688,185.67398314097,182.6000082560471,182.7976884731864,60813900
2023-08-31,185.69374084472656,186.92926105598286,185.30825914209595,185.66408956621913,60794500
2023-09-01,187.2653350830078,187.7199980774023,186.09899615427736,187.29498636168424,45766500
2023-09-05,187.50253295898438,187.77928826308653,185.4367469097816,186.09898389331408,45280000
2023-09-06,180.79119873046875,186.66239298088038,179.3678770840619,186.21759365485326,81755800
2023-09-07,175.503173828125,176.1456533918577,171.52973657694065,173.15073850258275,112488800
2023-09-08,176.115966796875,178.15211655476327,175.7304851357375,176.2840107997074,65551300
2023-09-11,177.2823028564453,178.21141635408188,175.2856982178241,177.98408488615974,58953100
2023-09-12,174.2577362060547,178.04337113056854,172.79488481291048,177.41078552147667,90370200
2023-09-13,172.19198608398438,175.24618840249718,171.96463950783718,174.46533118918654,84267900
2023-09-14,173.7042694091797,174.06009984649242,171.5692867853032,171.98441978182902,60895800
2023-09-15,172.98269653320312,174.45544195430384,171.806494041059,174.43566940930017,109259500
2023-09-18,175.90841674804688,177.30208708635865,174.1292647291417,174.43567131089117,67257600
2023-09-19,176.99569702148438,177.54920768301113,175.07816717117066,175.4636488877364,51826900
2023-09-20,173.45713806152344,177.61836118650515,173.36816915467014,177.18345571133617,58436200
2023-09-21,171.9152069091797,174.25776334751873,171.846025624082,172.5280351536478,63149100
2023-09-22,172.76524353027344,175.0287248458324,172.03382526857388,172.6466384244914,56725400
2023-09-25,174.04031372070312,174.92000347180993,172.13266274999066,172.1820865728236,46172700
2023-09-26,169.96804809570312,173.1705067749598,169.67152023376326,172.7949188930673,64588900
2023-09-27,168.4557647705078,171.03553164114703,167.0917606780329,170.62039864934732,66921800
2023-09-28,168.7127685546875,170.03724268196555,165.6783234920371,167.37840061261642,56294400
2023-09-29,169.22674560546875,171.06520035560507,168.36681324873706,170.02736032081233,51861100
2023-10-02,171.7373046875,172.28093658205415,168.9499639274405,169.23661305458424,52164500
2023-10-03,170.4029083251953,171.61867083541966,168.84122435442626,170.2645306917589,49594600
2023-10-04,171.64834594726562,172.19197782627828,168.98950418793981,169.10810929534875,53020300
2023-10-05,172.88388061523438,173.41761872545223,170.67970163713667,171.77684421895017,48527900
2023-10-06,175.43399047851562,175.92819856079907,171.17390414032383,171.78673241813826,57266700
2023-10-09,176.91661071777344,176.9759132731787,173.76356081110382,174.76185568517045,42390800
2023-10-10,176.3235321044922,177.63812721273464,175.88862664528037,176.0368980965743,43698000
2023-10-11,177.7172088623047,177.76663268122664,175.5426965680271,176.13573714899445,47551100
2023-10-12,178.61671447753906,180.22782277513622,176.96604600034954,177.98412865495294,56743100
2023-10-13,176.7782440185547,179.82255265296823,176.0764618780152,179.31846581874476,51427100
2023-10-16,176.6497344970703,177.0055649122618,174.46532818230494,174.70255348644375,52517000
2023-10-17,175.097900390625,176.35319301979084,172.7751316803463,174.60369235668924,57549400
2023-10-18,173.80307006835938,175.52291937992672,173.08153059369246,173.54608733160953,54764400
2023-10-19,173.42750549316406,175.77992569036093,173.16062890788183,174.0007735918687,59302900
2023-10-20,170.87741088867188,173.38798159754705,170.6401855525277,173.2792552037354,64244000
2023-10-23,170.99598693847656,171.99428177951037,167.96154224302492,168.93020088937016,55980100
2023-10-24,171.43087768554688,171.65820914819068,169.46392436745393,171.04539603931104,43816600
2023-10-25,169.1179962158203,171.05528327402416,168.6731969171006,169.88895954662036,57157000
2023-10-26,164.95677185058594,169.39476582537458,163.75090293239452,168.3964558542296,70625300
2023-10-27,166.27137756347656,167.00281099505466,164.89747962237493,164.97655472973753,58499100
2023-10-30,168.31736755371094,169.18717852998205,166.91381853056686,167.06208999172168,51131000
2023-10-31,168.79185485839844,168.92033872091713,165.95508983700142,167.38830552985596,44846000
2023-11-01,171.95474243164062,172.2117251766134,168.14933458405196,169.01914553939386,56934900
2023-11-02,175.5130615234375,175.7206204672586,173.42750286114074,173.4868054165182,77334800
2023-11-03,174.6036834716797,174.77172746685503,171.34192267930985,172.2216123316697,79829200
2023-11-06,177.15382385253906,177.35150406781844,174.16881791314302,174.33684685023218,63841300
2023-11-07,179.7138214111328,180.32663456302825,176.89682951103612,177.1043884447924,70530000
2023-11-08,180.7714080810547,181.32491864766183,179.48646421884135,180.23767005812115,49340300
2023-11-09,180.2969970703125,181.98718027395728,179.70394133589065,180.8406289798602,53763500
2023-11-10,184.48348999023438,184.65175539538808,181.6430032262288,182.07848170612579,66133400
2023-11-13,182.8999481201172,184.11729742228064,182.31601793716675,183.9094650326421,43627500
2023-11-14,185.51280212402344,186.17591157835597,184.38452385663774,185.77012344749633,60108400
2023-11-15,186.0769500732422,187.55163591900057,185.84931907084464,185.91860660743325,53790500
2023-11-16,187.75949096679688,188.9966390106662,186.71037673999564,187.6209309899597,54412900
2023-11-17,187.7396697998047,188.42257785422723,186.63119011836693,188.29390964052354,50922700
2023-11-20,189.48155212402344,189.9368291546864,187.9277023558229,187.93759410143886,46505100
2023-11-21,188.6798858642578,189.55084275358138,187.78914548337832,189.44197314241592,38134500
2023-11-22,189.34303283691406,190.9463718813115,188.8679722130009,189.52119000957208,39617700
2023-11-24,188.0167999267578,188.93723076179566,187.30420149232032,188.90754041885276,24048300
2023-11-27,187.83860778808594,188.70956462396614,186.9577592070347,187.96727598481397,40552600
2023-11-28,188.44235229492188,189.1153685705385,187.45263402635211,187.82873180101734,38415400
2023-11-29,187.42294311523438,190.11497800569174,187.02706184977393,188.93721085337887,43014200
2023-11-30,187.9969940185547,188.36320007044645,186.2550951920731,187.88812439803064,48794400
2023-12-01,189.27374267578125,189.5904446947665,187.28439912721964,188.37309535289532,45704800
2023-12-04,187.4823455810547,188.0959812462982,185.5227074160739,188.0266937107449,43389500
2023-12-05,191.4313201904297,192.40123993854135,188.22462732075607,188.25433276481266,66628400
2023-12-06,190.3426513671875,192.75755159573393,190.1348038567878,192.4507413057332,41089700
2023-12-07,192.27259826660156,192.9950884718347,191.59958189996593,191.63917909312914,47477700
2023-12-08,193.69776916503906,193.97488907234165,191.67873543823174,192.2032849129047,53406400
2023-12-11,191.19378662109375,191.50061200003438,189.45188773429211,191.12451418849048,60943700
2023-12-12,192.70806884765625,192.71796059458774,189.7488055095461,191.09482308550778,52696900
2023-12-13,195.9246826171875,195.96426471269487,192.84665745120984,193.08418022806603,70404200
2023-12-14,196.07310485839844,197.567574144968,194.14315707722483,195.98403383047588,66831600
2023-12-15,195.53863525390625,196.36008808380646,194.97448862167192,195.49903806818725,128538400
2023-12-18,193.87591552734375,194.60831249977454,192.39133809002112,194.0738561652729,55751900
2023-12-19,194.9151153564453,194.92500710230044,193.87590816937887,194.14313632648785,40714100
2023-12-20,192.82681274414062,195.64750075817219,192.82681274414062,194.87552171417178,52242800
2023-12-21,192.6783447265625,195.0536776254948,191.51048442189503,194.08375795359612,46482500
2023-12-22,191.6094512939453,193.40083883584492,190.98592398969686,193.1731927744169,37149600
2023-12-26,191.06512451171875,191.89648427525853,190.84738527337694,191.6193643540786,28919300
2023-12-27,191.16409301757812,191.5105004803971,189.12527563548673,190.5108903848591,48087700
2023-12-28,191.58969116210938,192.65858885458314,191.18390299052217,192.14393105407996,34049900
2023-12-29,190.55047607421875,192.40124458871406,189.75869835988954,191.90638540499626,42672100
2024-01-02,183.73130798339844,186.5025222946912,181.99930092657837,185.22577720716953,82488700
2024-01-03,182.35560607910156,183.96885182302105,181.5440297827802,182.32591573673892,58414500
2024-01-04,180.03965759277344,181.2075179249861,179.0202489631632,180.27718031693732,71983600
2024-01-05,179.317138671875,180.8808952614232,178.31752871293088,180.1188231104021,62379700
2024-01-08,183.65213012695312,183.6917273170526,179.63387614033877,180.21780632812883,59144500
2024-01-09,183.23643493652344,183.24632668227045,180.8512103460259,182.0289774717032,42841800
2024-01-10,184.2756805419922,184.48351295933534,182.02901543293186,182.45460221923815,46792900
2024-01-11,183.6818389892578,185.12683453552387,181.73209248260326,184.6220684732307,49128400
2024-01-12,184.00843811035156,184.82001442518902,183.28594792653803,184.14699807850627,40477800
2024-01-16,181.74197387695312,182.36548612847807,179.0697224204938,180.28708678689063,65603000
2024-01-17,180.80174255371094,181.04917214343425,178.44622312883942,179.40625114511818,47317400
2024-01-18,186.69056701660156,187.1953179109023,183.91935276727983,184.17667408756796,78005800
2024-01-19,189.59043884277344,189.97642838325277,186.8786203129096,187.38337121910467,68903000
2024-01-22,191.89649963378906,193.32169654358245,190.28325381202234,190.32285100501898,60133900
2024-01-23,193.1732177734375,193.73736447446063,191.83710707958323,193.01487431695855,42355600
2024-01-24,192.5001983642578,194.36087349468033,192.3418398208385,193.41073733606618,53631300
2024-01-25,192.17359924316406,194.2520137003454,191.124500268323,193.21280647175473,54822100
2024-01-26,190.44158935546875,192.7575265029299,189.96652881027472,192.27257421163478,44594000
2024-01-29,189.75869750976562,190.22386634852867,187.63080907007364,190.03581744325376,47145600
2024-01-30,186.10662841796875,189.82797900977772,185.54249682198056,188.97682064057707,55859400
2024-01-31,182.50405883789062,185.17631048108575,182.45458500160478,185.11691469411622,55467800
2024-02-01,184.93875122070312,185.02782223798647,181.93001441121828,182.0982647000541,64885400
2024-02-02,183.9391632080078,185.40394215196616,177.40701599262258,178.01074479617154,102551700
2024-02-05,185.7503204345703,187.30418539055444,183.9292424150712,186.21548923655902,69668800
2024-02-06,187.3536834716797,187.36357521832525,184.8496972971495,184.93876832266957,43490800
2024-02-07,187.4625244140625,189.08566162792087,186.67074684834847,188.67987354898102,53439000
2024-02-08,186.38377380371094,187.59121634154823,185.42374576060666,187.44276462432762,40962000
2024-02-09,187.14682006835938,188.27653811843788,186.30447993507684,186.9486117161699,45155200
2024-02-12,185.46212768554688,186.96842336096995,185.1053738445565,186.72067805809255,41781900
2024-02-13,183.37115478515625,184.53061609699293,181.85495475727518,184.0945819491523,56529500
2024-02-14,182.4891815185547,183.85674041023526,180.79461213824646,183.64864282656313,54630500
2024-02-15,182.20181274414062,182.82613576875198,179.71445525689393,181.8946109768474,65434500
2024-02-16,180.665771484375,183.18287207946292,180.0315441516518,181.76576116844507,49752500
2024-02-20,179.9225616455078,180.78471053407532,178.3766332434525,180.15048310961222,53665600
2024-02-21,180.67568969726562,181.24054108716462,179.03065736673128,180.29911202321813,41371400
2024-02-22,182.7071990966797,183.29188949706392,180.8144364958238,181.82522643308513,52292200
2024-02-23,180.8739013671875,183.3711632214272,180.58650833781007,183.34143499372246,45119700
2024-02-26,179.5261688232422,181.11172976770854,179.02075870271764,180.59643039937333,40867400
2024-02-27,180.98291015625,182.26126931281985,177.94059046680667,179.46671005654383,54318900
2024-02-28,179.78379821777344,181.46846314665845,178.50543918901624,180.86396404098633,48953900
2024-02-29,179.11984252929688,180.9234354771045,177.9108443188521,179.63515696026653,136682600
2024-03-01,178.03968811035156,178.90183692569335,175.78025215753124,177.93067957222544,73563100
2024-03-04,173.5208282470703,175.30458245485661,172.2226300679557,174.56134649455421,81510100
2024-03-05,168.58572387695312,170.48840604509627,168.0902332564625,169.21995126633416,95132400
2024-03-06,167.59474182128906,169.69563232435493,167.15870765798908,169.5172478388351,68587700
2024-03-07,167.47581481933594,169.1902079797121,166.97041987504164,167.62445594378354,71765100
2024-03-08,169.19021606445312,172.13343143853632,167.41636636953461,167.4758228221548,76267000
2024-03-11,171.1920166015625,172.80732093128213,170.49833272784605,171.38030546468005,60139500
2024-03-12,171.66766357421875,172.46045153320196,169.4676841705973,171.58838326620315,59825400
2024-03-13,169.58665466308594,171.62807396191238,169.21998125654062,171.21186358147776,52488700
2024-03-14,171.4397430419922,172.73792596009017,170.49831395125625,171.35055836544484,72913500
2024-03-15,171.0631866455078,171.0631866455078,168.75419840900892,169.6262667891251,121752700
2024-03-18,172.1532440185547,176.10726419166866,171.9550508157469,173.98656516716395,75604200
2024-03-19,174.49197387695312,175.01719271038215,171.46947815172825,172.76766112194616,55215200
2024-03-20,177.05860900878906,177.05860900878906,173.51089450186836,174.1352174960067,53423100
2024-03-21,169.824462890625,175.88927881289044,169.29924400405602,175.45324461547284,106181300
2024-03-22,170.7262420654297,171.48930183291895,168.52626256417108,170.21092760104455,71160100
2024-03-25,169.30914306640625,170.3893089389317,167.92176032191367,169.03166954174233,54288300
2024-03-26,168.17947387695312,169.87404374244136,168.0506414455827,168.46685185326712,57388400
2024-03-27,171.7469482421875,172.0343412561863,168.575811446925,168.87310882923745,60273300
2024-03-28,169.93345642089844,170.67669234048742,168.97220342186947,170.20102558587905,65672700
2024-04-01,168.49652099609375,169.70551918920845,167.95147834818596,169.64606274055888,46240500
2024-04-02,167.31727600097656,167.81276664190898,166.71277681419204,167.5551169522469,49329500
2024-04-03,168.11996459960938,169.14067408704202,167.05962251511946,167.2677201117247,47691700
2024-04-04,167.29745483398438,170.3694875068381,167.29745483398438,168.7541832986243,53704400
2024-04-05,168.05059814453125,168.85329051832247,167.42627513328318,168.06050251317026,42104800
2024-04-08,166.93080139160156,167.67403738632925,166.72270378093583,167.50557237539863,37425500
2024-04-09,168.13980102539062,168.54610700117138,166.8317135282985,167.17854792228746,42373800
2024-04-10,166.26683044433594,167.5650134431552,165.60287483124418,167.27763553824258,49709300
2024-04-11,173.46131896972656,173.87754432367012,166.64337952470896,166.82174885825248,91070300
2024-04-12,174.95774841308594,176.7514221146486,172.63885584160187,172.68839280877705,101670900
2024-04-15,171.132568359375,175.03703722038412,170.94427948721847,173.77848669689703,73531800
2024-04-16,167.85240173339844,172.19288913903023,166.7524119884344,170.20102235595408,73711200
2024-04-17,166.4848175048828,169.11091125634266,166.4848175048828,168.08029761081812,50901200
2024-04-18,165.53347778320312,167.11905360596796,165.04790671737481,166.51455452467067,43122900
2024-04-19,163.5119171142578,164.89928490796945,162.60021611822233,164.71101115974596,68149400
2024-04-22,164.34432983398438,165.75152141981465,163.28398774037723,164.0272236912775,48116400
2024-04-23,165.39474487304688,165.54340111554177,163.4326064657252,163.85873621547074,49537800
2024-04-24,167.49566650390625,167.77314006308927,164.71101142134987,165.03802194946388,48251800
2024-04-25,168.35780334472656,169.07131105182287,166.63349053238153,168.0010494911784,50558300
2024-04-26,167.77313232421875,169.79472746518425,167.65420428921547,168.34790327634968,44838400
2024-04-29,171.9352569580078,174.44243845784558,171.5388704832316,171.8064245491769,68169400
2024-04-30,168.79383850097656,173.41181476528868,168.46681287321124,171.76678225756265,65934800
2024-05-01,167.77313232421875,171.1523820898212,167.58484346320657,168.05060587060277,50383100
2024-05-02,171.46946716308594,171.85594920671264,169.34876810707777,170.95415273119292,94214900
2024-05-03,181.72613525390625,185.31348231884328,181.01262758822543,184.9666328542693,163224100
2024-05-06,180.07119750976562,182.53873097916653,178.79282331517493,180.7054248623681,78569700
2024-05-07,180.75497436523438,183.23242749590466,179.68472791941784,181.79550770435065,77305800
2024-05-08,181.0919189453125,181.4189445721307,179.81354466582562,181.20092748758523,45057100
2024-05-09,182.90542602539062,182.99461071341904,180.46760537105857,180.9135439323752,48983000
2024-05-10,181.6451416015625,183.669478466616,180.73220418072017,183.48093424482693,50759500
2024-05-13,184.850341796875,185.66405574980115,183.20307828852305,184.0167922414492,72044800
2024-05-14,185.99151611328125,186.85484938535834,184.86026592315986,186.07090395104018,52393600
2024-05-15,188.26397705078125,189.18683240943687,185.9320062923224,186.46787049037354,70400000
2024-05-16,188.38304138183594,189.6333810173086,188.2044300863017,189.00821119957226,52845200
2024-05-17,188.41281127929688,189.34559954047234,187.72810435814964,188.0555735439889,41282900
2024-05-20,189.57383728027344,190.44708847543168,187.55941793463836,187.8769693298537,44361300
2024-05-21,190.87379455566406,191.2508679069906,189.45476137627725,189.62345487533878,42309400
2024-05-22,189.43490600585938,191.3401840301744,188.8097513226368,190.79440205142186,34648500
2024-05-23,185.44578552246094,189.53416154393335,185.19770415918353,189.51431079519944,51005900
2024-05-24,188.52195739746094,189.11735863774422,186.59684388111853,187.37087155015982,36327000
2024-05-28,188.53189086914062,191.5187845976106,187.64872194997955,190.04021443649896,52280100
2024-05-29,188.82958984375,190.7745542503335,188.05557725890648,188.15481585355153,53068000
2024-05-30,189.82191467285156,190.70508365256933,189.16699143181853,189.29598343446253,49889100
2024-05-31,190.77455139160156,191.09210277636024,188.45251367186646,189.9707702687458,75158300
2024-06-03,192.54087829589844,193.49351725389894,191.04247253185534,191.41954585254337,50080500
2024-06-04,192.85842895507812,193.82098571162214,191.54855228534223,193.14619663099631,47471400
2024-06-05,194.3667755126953,195.38886948576234,193.37445009094603,193.9003813531384,54156800
2024-06-06,192.98744201660156,194.99194358986873,192.679823561343,194.1881624282746,41181800
2024-06-07,195.37893676757812,195.42855606321456,192.65004206608782,193.1561225415401,53103900
2024-06-10,191.6378631591797,195.7857909182053,190.6753063763642,195.3888517006261,97010200
2024-06-11,205.5601806640625,205.57011360777915,192.14395345618084,192.16378906024917,172373300
2024-06-12,211.4347686767578,218.51003809526938,205.3121079690946,205.77850209290926,198134300
2024-06-13,212.59576416015625,215.08649505325084,209.97602614095345,213.09192677850285,97862700
2024-06-14,210.85922241210938,213.5186471242216,209.67835280423736,212.20878551515116,70122700
2024-06-17,215.0071258544922,217.2696263789355,211.08744385812574,211.73244926121387,93728300
2024-06-18,212.6453857421875,216.95208913019513,211.36529274424583,215.9200623200828,79943300
2024-06-20,208.07077026367188,212.59578653831548,207.24715355520107,212.28815296354617,86172500
2024-06-21,205.89759826660156,210.26382387597764,205.5205097773767,208.77533580800622,241805100
2024-06-24,206.5426025390625,211.06760381745957,205.00449518251241,206.12582769938734,80727000
2024-06-25,207.46548461914062,209.75775393646785,207.0090082596573,207.54485732874397,55549700
2024-06-26,211.61338806152344,213.2110325348534,209.0234182045521,209.87681864015101,66213200
2024-06-27,212.4568634033203,214.0842763709762,210.7202940415425,213.04233172557286,49772700
2024-06-28,209.0035400390625,214.41172478378184,208.6860038316288,214.11402417940656,82542700
2024-07-01,215.08653259277344,215.84069445328046,210.29359904602236,210.46229254870087,60402900
2024-07-02,218.5795135498047,218.6886699462021,213.44919320249295,214.4911227279333,58046200
2024-07-03,219.84970092773438,219.84970092773438,217.34903661716913,218.31159349071294,37369800
2024-07-05,224.6029052734375,224.71206166235044,219.94889718329503,219.94889718329503,60412400
2024-07-08,226.07156372070312,226.1013322692385,221.53662969916704,225.34715532852172,59085900
2024-07-09,226.92495727539062,227.63943274976205,224.63268810415036,226.180713251394,48076100
2024-07-10,231.1919403076172,231.29117889263895,227.49057123987387,227.54019053238477,62627700
2024-07-11,225.82347106933594,230.6064710416972,224.0372825383305,229.61414576243664,64710600
2024-07-12,228.77069091796875,230.8545803134063,226.92496506939614,227.1631286162611,53046500
2024-07-15,232.60105895996094,235.409341553401,231.30111515749465,234.66509753137677,62631300
2024-07-16,233.01785278320312,234.4567215545301,230.54695713829173,233.19646408342908,43234300
2024-07-17,227.1234130859375,229.68361410453295,224.90059902579642,227.6890306172661,57345900
2024-07-18,222.4595184326172,228.67148561676484,220.56418827695506,228.51270990625002,66034600
2024-07-19,222.58848571777344,225.05938116686082,221.5663918696606,223.09458131167176,49151500
2024-07-22,222.24118041992188,226.03185518490554,221.37784711424985,225.2677604657143,48201800
2024-07-23,223.2831268310547,225.19832267550643,220.97100689389265,222.64803919770813,39960300
2024-07-24,216.86279296875,223.0747598557794,215.46362561910502,222.28089648286087,61777600
2024-07-25,215.82083129882812,219.1550448561193,212.9728474396388,217.2497669876539,51391200
2024-07-26,216.2872314453125,217.80548795978973,214.35218497553956,217.02154248476683,41601300
2024-07-29,216.56509399414062,217.61695646267233,214.0941983741811,215.29491873308154,36311800
2024-07-30,217.1207733154297,218.63902977566391,214.4613337033208,217.50777956722112,41643800
2024-07-31,220.37562561035156,222.10227724921992,218.93675681546986,219.74053796301214,50036300
2024-08-01,216.68417358398438,222.7572001483694,215.35446119036925,222.64804374939,62501000
2024-08-02,218.17263793945312,223.86859053089324,216.03914463167754,217.46808032420208,105568600
2024-08-05,207.66392517089844,211.8614570593827,194.49576385779395,197.56204548052773,119548600
2024-08-06,205.63955688476562,208.3783842596741,199.52684486531666,203.7243764243061,69660500
2024-08-07,208.20973205566406,212.0004073803907,204.8060479069825,205.31212843272615,63516400
2024-08-08,211.67291259765625,212.5560815310077,207.22729938249148,211.47445056104476,47161100
2024-08-09,214.5804443359375,215.11629337558463,210.3432107490655,210.47221789303094,42201600
2024-08-12,216.11041259765625,218.07748700588166,214.1930149246267,214.65994894888794,38028100
2024-08-13,219.8259735107422,220.44192247615112,217.58071280084246,217.58071280084246,44155300
2024-08-14,220.27304077148438,221.5744891931242,218.2662191901357,219.13055181670978,41960600
2024-08-15,223.2534637451172,223.87935717471936,221.30624816369337,223.13425172393934,46414000
2024-08-16,224.5747833251953,225.34969177239586,222.19043681447837,222.45867901826594,44340200
2024-08-19,224.41583251953125,224.51518597934856,221.58442566604344,224.2469437652095,40687800
2024-08-20,225.03176879882812,225.68746521443902,223.97868888483964,224.2966078109087,30299000
2024-08-21,224.92251586914062,226.49220666639903,223.58133501497932,225.04174306182065,34765500
2024-08-22,223.064697265625,226.84983046212884,222.43880384726458,226.30341677619586,43695300
2024-08-23,225.35963439941406,226.73063334528243,222.866020162344,224.187342377279,38677300
2024-08-26,225.69740295410156,225.79675641202357,222.4288803537143,225.28014571740593,30602200
2024-08-27,226.54185485839844,227.356510742363,223.42234738221904,224.52510403050715,35934600
2024-08-28,225.0119171142578,228.35991942602843,224.20719049274723,226.43257756563742,38052200
2024-08-29,228.2903594970703,231.39993763712056,227.38630977427198,228.59834913803303,51906300
2024-08-30,227.50555419921875,228.8964117856607,225.99546942021698,228.68779072729976,52990800
2024-09-03,221.31619262695312,227.50553099413642,219.7266282681139,227.05847075546578,50190600
2024-09-04,219.4087371826172,220.33266071869627,216.06071952153204,220.21344869061124,43840200
2024-09-05,220.92874145507812,224.00850159902006,220.07435325324454,220.1836359939166,36615400
2024-09-06,219.37892150878906,223.7700744804958,218.33577084564575,222.4884846157397,48423000
2024-09-09,219.4683380126953,219.82598924771256,215.2957503769675,219.37892899374344,67180000
2024-09-10,218.6735382080078,220.0345925843304,215.31559161387113,217.49130185519834,51591000
2024-09-11,221.20692443847656,221.63411098197892,216.4680492147489,220.01475867053273,44587100
2024-09-12,221.31619262695312,222.09110108310472,218.38544755210194,221.04795042006705,37455600
2024-09-13,221.04794311523438,222.57788625371046,220.461797151476,222.12089674811224,36766600
2024-09-16,214.90829467773438,215.80241517960704,212.52394807405793,215.126845002842,59357400
2024-09-17,215.37521362304688,215.48449636527135,213.10016491936787,214.34200737227792,45519300
2024-09-18,219.249755859375,221.2565773677011,216.12030400107497,216.1302484418979,59894900
2024-09-19,227.3763885498047,228.32020097310811,223.16406850984052,223.52171975466862,66781300
2024-09-20,226.71075439453125,231.56884144729943,226.1345376792504,228.46920754640476,318679900
2024-09-23,224.99205017089844,227.95259834339626,224.33635371548323,225.8563676699032,54146000
2024-09-24,225.8861846923828,227.8532741806864,224.2568878942957,227.15783023434298,43556100
2024-09-25,224.8927001953125,225.80669443859438,222.55804543582803,223.462095237407,42308700
2024-09-26,226.0352020263672,227.00880227293717,223.9389713421174,225.81663654010723,36636700
2024-09-27,226.30343627929688,228.02215721764472,225.81664372013879,226.9690772008412,34026000
2024-09-30,231.4794464111328,231.4794464111328,228.15130238402674,228.53875664504176,54541900
2024-10-01,224.73377990722656,228.15131803302592,222.27989769941507,228.02217670997004,63285000
2024-10-02,225.30003356933594,225.8861795938886,221.56457676904253,224.41584231153624,32880600
2024-10-03,224.197265625,225.3298253274289,221.8626109260752,223.67072564154154,34044200
2024-10-04,225.31988525390625,226.51205091107013,222.66731173997377,226.41269745663615,37245100
2024-10-07,220.24322509765625,224.2171205854488,219.8855738973866,223.0348842523572,39505400
2024-10-08,224.29661560058594,224.5052366387564,221.79305702807565,222.83620769655573,31855700
2024-10-09,228.0419921875,228.25062837641602,223.3627386107029,223.76012210676075,33591100
2024-10-10,227.54525756835938,228.00226223679437,225.68746620848788,226.2934858996686,28183500
2024-10-11,226.06500244140625,227.91286461183438,225.85636623992795,227.80358186995707,31759200
2024-10-14,229.79054260253906,230.21772915238438,227.1081657950345,227.2075041009655,39882100
2024-10-15,232.3238983154297,235.9401430278398,230.85354589755886,232.08545910083197,64751400
2024-10-16,230.26739501953125,230.60517253033711,228.34005309673006,230.0885769817669,34082200
2024-10-17,230.63497924804688,232.3238971476739,229.0156269629083,231.9066247344228,32993800
2024-10-18,233.46640014648438,234.63869224101146,232.4828553864237,234.63869224101146,46431500
2024-10-21,234.93670654296875,235.3043021987925,232.91995571367772,232.91995571367772,36254500
2024-10-22,234.32077026367188,234.67842149785605,231.0820505913223,232.36362533760988,38846600
2024-10-23,229.25404357910156,233.60546433739609,226.27362172475395,232.55238437433343,52287000
2024-10-24,229.0653076171875,229.3136761173618,226.91940013747097,228.47914643577636,31109500
2024-10-25,229.89981079101562,231.69799621804017,228.07182235817814,228.2407111108546,38802300
2024-10-28,231.87680053710938,233.19812263375962,231.03235682367705,231.79733596578163,36087100
2024-10-29,232.14505004882812,232.80074647701065,230.80386934668286,231.57877779482254,35417200
2024-10-30,228.59835815429688,231.94636045913163,228.05194445904854,231.09197226998216,47070900
2024-10-31,224.4357147216797,228.33013097812315,223.89923027313517,227.84332326136388,64370100
2024-11-01,221.45529174804688,223.87937072005496,218.83252100898451,219.52794977327943,65276700
2024-11-04,220.56114196777344,221.33605042122997,218.2761640538016,219.54780947276666,44944500
2024-11-05,221.9917449951172,222.4884819564664,219.6968226591573,220.35251908634842,28111300
2024-11-06,221.26649475097656,224.59463817705685,219.7464809892452,221.15721202226086,54561100
2024-11-07,225.99545288085938,226.39285156162418,223.10445516924474,223.16406118155706,42137700
2024-11-08,225.72694396972656,227.41770491673495,225.17992905795916,225.93579455138124,38328800
2024-11-11,223.01174926757812,224.47376393957063,220.29658566640109,223.77757009002366,42005600
2024-11-12,223.01174926757812,224.36436096493557,222.14648085284745,223.33001798502116,40398300
2024-11-13,223.89691162109375,225.4185978724207,221.54973296285615,222.79294167641658,48566200
2024-11-14,226.98008728027344,227.62654977508777,223.77758025105393,223.79747584076947,44923900
2024-11-15,223.777587890625,225.68715481951833,223.05155818805096,225.16997570047775,47923700
2024-11-18,226.7811737060547,228.49183017609323,223.94665165924164,224.0262188410909,44633700
2024-11-19,227.0397491455078,228.90953992555222,225.4285554930197,225.74680903538962,36211800
2024-11-20,227.75584411621094,228.68078414631773,224.6627401240164,226.82094870348703,35169600
2024-11-21,227.2784423828125,228.9095315645878,224.48371169719937,227.63648708983084,42108300
2024-11-22,228.62112426757812,229.46651233539,226.82096032466632,226.82096032466632,38168300
2024-11-25,231.6048126220703,231.98275293866183,228.49182822914253,230.20248468460477,90152800
2024-11-26,233.7829132080078,234.29015208323423,232.06231657216094,232.06231657216094,45986200
2024-11-27,233.65362548828125,234.4095061449918,232.53971526898803,233.19613315216662,33498400
2024-11-29,236.04058837890625,236.51797629056327,232.698842645531,233.5342752849028,28481400
2024-12-02,238.28831481933594,239.48179223890946,235.8715241828912,235.98092716494563,48137100
2024-12-03,241.3316650390625,241.44106801091166,237.60203896586935,238.5070985351772,38861000
2024-12-04,241.689697265625,242.78372692760894,239.93926498233728,241.5504585064531,44383900
2024-12-05,241.7195587158203,243.21140922639395,240.81451427308068,242.6644095132275,40033900
2024-12-06,241.52064514160156,243.3009285590703,240.76477968960373,241.5902721155965,36870600
2024-12-09,245.40939331054688,245.89673657618508,240.43655859300793,240.51612576959502,44649200
2024-12-10,246.42385864257812,246.86147053083658,244.00705305092782,245.54863486606115,36914800
2024-12-11,245.1508026123047,249.43738355757404,244.92204129682997,246.61281718111218,45205800
2024-12-12,246.61282348632812,247.38858448031883,244.3451969163318,245.54862958315107,32777500
2024-12-13,246.7819061279297,247.9355922748061,244.90217516923994,246.47359279661413,33155300
2024-12-16,249.67608642578125,250.01425073054844,246.3045049916291,246.6426692963963,51694800
2024-12-17,252.1028289794922,252.45093348613432,248.42293425963442,248.72130738305802,51356400
2024-12-18,246.70236206054688,252.89851058988313,246.39404870034858,250.79003328074214,56774100
2024-12-19,248.43287658691406,250.6308762664829,245.7475488049507,246.15532490458142,60882300
2024-12-20,253.10736083984375,253.6145845456153,244.35516822034685,246.69239156062656,147495300
2024-12-23,253.8831024169922,254.26102752773247,252.07298333460633,253.38581895601413,40858800
2024-12-24,256.79718017578125,256.80710520536127,253.90297174117552,254.10189725758943,23234700
2024-12-26,257.61273193359375,258.6868812844183,256.23029959445824,256.78725468311694,27237100
2024-12-27,254.2013702392578,257.29448932345014,251.68511699924173,256.42919055718573,42355300
2024-12-30,250.8297882080078,252.1227283114492,249.38766912858338,250.85962400320443,35557500
2024-12-31,249.05946350097656,251.90392569582917,248.07483671879714,251.0684930674946,39480700
2025-01-02,242.52516174316406,247.74663833648884,240.50619200781614,247.57754859678104,55740700
2025-01-03,242.03781127929688,242.853348279154,240.57579666249651,242.03781127929688,40244100
2025-01-06,243.6688995361328,245.98624232017474,241.8786760145675,242.9826459215422,45045600
2025-01-07,240.89407348632812,244.215923537777,240.0387452815234,241.6598791297847,40856000
2025-01-08,241.3813934326172,242.3859157551251,238.74579711055483,240.605632433071,37628900
2025-01-10,235.56317138671875,238.85518532841934,231.73408283180441,238.70599119102164,61710900
2025-01-13,233.12649536132812,233.39503269669683,228.47192915300568,232.2612269401141,49630700
2025-01-14,232.01258850097656,234.8371551382162,231.20699165927476,233.47460320476435,39435300
2025-01-15,236.57765197753906,237.66174156203553,233.15633900368562,233.36520475508792,39832000
2025-01-16,227.0198516845703,236.7168796666606,226.79110553013876,236.06047699847062,71759100
2025-01-17,228.7305145263672,231.0279618693864,227.2386640256131,230.85888730040747,68488300
2025-01-21,221.43038940429688,223.20071739531107,218.1881065481907,222.783001089375,98070400
2025-01-22,222.61392211914062,222.90233985709415,218.59586314481808,218.59586314481808,64126500
2025-01-23,222.4448699951172,225.79655609657794,221.09225820038625,223.51900422998196,60234800
2025-01-24,221.56961059570312,224.40413230326863,220.207058812345,223.55874437620204,54697900
2025-01-27,228.6111602783203,230.88871192185238,222.76310174211312,222.80289291870474,94863400
2025-01-28,236.9655303955078,238.88505261672515,229.5560092044273,229.59580038333414,75707600
2025-01-29,238.05955505371094,238.55683854812662,232.73861559310797,232.84801856891494,45486100
2025-01-30,236.2991485595703,239.48175963713217,235.92122345328548,237.3732826437262,55658300
2025-01-31,234.71778869628906,245.84699474947953,232.1716998572169,245.84699474947953,100959800
2025-02-03,226.77120971679688,230.5704628324937,224.47376244068877,228.7404632470789,73063300
2025-02-04,231.53518676757812,231.8633956790269,225.4185909783935,226.01533721300711,45067300
2025-02-05,231.20697021484375,231.4058805611787,227.02979223826367,227.2883741709104,39620300
2025-02-06,231.95289611816406,232.52974674745317,229.1780459389265,230.03337408912944,29925300
2025-02-07,226.39329528808594,232.72868233994458,226.02529517161955,231.33629458433444,39707200
2025-02-10,226.66209411621094,229.58933825388894,226.21404995469493,228.57377553913867,33115600
2025-02-11,231.61053466796875,234.2092091135714,227.1400288616486,227.20971719471092,53718400
2025-02-12,235.84210205078125,235.93172304376256,229.67896101319025,230.19670873650108,45243300
2025-02-13,240.48187255859375,241.28835511000761,234.54774465400956,235.8819260401158,53614100
2025-02-14,243.53857421875,244.48444869345934,239.94423906079516,240.2031053319298,40896200
2025-02-18,243.40911865234375,244.11602908498713,240.7905267294893,243.0905000064508,48822500
2025-02-19,243.80735778808594,244.94241003871878,242.1047870084227,243.59827761149603,32204200
2025-02-20,244.76321411132812,245.70908851524857,243.2298884862767,243.87707690453925,32316900
2025-02-21,244.48443603515625,247.61080936192474,244.15586625078134,244.88269415360097,53197400
2025-02-24,246.0277099609375,247.7800669312537,243.3593319822528,243.86711335623195,51326400
2025-02-25,245.9679718017578,248.91513366913293,243.84722519384715,246.92381259977986,48013300
2025-02-26,239.31695556640625,243.91690216055417,238.0922974197643,243.26972892021308,44433600
2025-02-27,236.27024841308594,241.40786042901627,236.0312844149354,238.37109275336516,41153600
2025-02-28,240.79052734375,241.03944246427386,229.2010399398617,235.92174819400608,56833400
2025-03-03,236.9970703125,242.97103338088397,235.08540395372597,240.7407483660274,47184000
2025-03-04,234.9061737060547,239.02822274747484,233.6615980851158,236.6784633674393,53798100
2025-03-05,234.7169952392578,235.5234777567522,228.23523611666363,234.3983766092207,47227600
2025-03-06,234.30877685546875,236.82779659290307,232.14819548977783,233.42263965762712,45170400
2025-03-07,238.03256225585938,240.32256924437755,233.74125275300776,234.08974000390756,46273600
2025-03-10,226.4928436279297,235.13518456664028,223.24699590534985,234.5178647329352,72071200
2025-03-11,219.88165283203125,224.8599551431671,216.50636447278404,222.8387656202518,76137400
2025-03-12,216.03842163085938,220.78772670269151,213.97741219492326,219.18471261137486,62547500
2025-03-13,208.77008056640625,215.899013195213,207.51555384047248,215.01287598245443,61368300
2025-03-14,212.5635528564453,213.02154815111564,208.67051688888432,210.3332680009786,60107600
2025-03-17,213.0713653564453,214.2860724865002,209.05885441116683,212.38435712144667,48073400
2025-03-18,211.7670440673828,214.2163605039484,210.57225445008928,213.23066628615402,42432400
2025-03-19,214.30596923828125,217.8106832228152,212.8224296395377,213.29039128502816,54385400
2025-03-20,213.17091369628906,216.5462020975973,211.29906714235267,213.0613904363763,48862900
2025-03-21,217.3228302001953,217.8903488075446,210.36315756009637,210.6419412957371,94127800
2025-03-24,219.77215576171875,220.51890119737195,217.63149158987616,220.04098837247486,44299500
2025-03-25,222.77903747558594,223.12752472855482,219.1249652538438,219.81197343150768,34493600
2025-03-26,220.56866455078125,224.04352508950674,219.51326687455483,222.5400680439697,34466100
2025-03-27,222.8786163330078,224.0136687326393,219.60288467242046,220.42928473771144,37094800
2025-03-28,216.95440673828125,222.83876366462027,216.7353602231078,220.70805090185615,39818600
2025-03-31,221.16607666015625,224.64092215942225,215.29167046357225,216.06828445549021,65299300
2025-04-01,222.22145080566406,222.70931468653842,217.95005911072687,218.85611373602535,36412700
2025-04-02,222.91842651367188,224.21278818927524,220.06088576879955,220.3595869543347,35905900
2025-04-03,202.30824279785156,206.58958563447752,200.37665915579902,204.64803566499702,103419000
2025-04-04,187.56253051757812,199.01262630823254,186.52703508606032,193.0486144227304,125910900
2025-04-07,180.6725616455078,193.30748067285785,173.86223225537526,176.43103817745248,160466300
2025-04-08,171.67178344726562,189.5140179775097,168.47572171547168,185.88981432593783,120859500
2025-04-09,197.98709106445312,199.7394480269994,171.14407803694525,171.20381523449285,184395900
2025-04-10,189.59365844726562,193.9347385570105,182.205859833413,188.24952597387417,121880000
2025-04-11,197.29013061523438,198.67409816298056,185.25259829067514,185.29243322025624,87435900
2025-04-14,201.64117431640625,212.01595519155484,200.28707539108044,210.52246440005902,101352900
2025-04-15,201.26280212402344,202.62685207462172,198.93296032454862,200.98401841430368,51343900
2025-04-16,193.42697143554688,199.82906121923162,191.5352073519423,197.49921927320653,59732400
2025-04-17,196.12521362304688,197.96719174329118,193.5763250102755,196.34426016251078,52164700
2025-04-21,192.32177734375,192.958999427942,188.98630873883343,192.43130060162235,46742500
2025-04-22,198.8732452392578,200.715208155226,195.1196006832811,195.26894368988752,52976400
2025-04-23,203.71214294433594,207.09738254349836,201.9199510184256,205.10606155750318,52929200
2025-04-24,207.46575927734375,207.92376976062596,202.05933042602183,204.00086522918792,47311000
2025-04-25,208.371826171875,208.8397878176709,205.30519003897632,205.47445049920006,38222300
2025-04-28,209.2281036376953,210.5822025692478,206.55974070372147,209.08871177088434,38743100
2025-04-29,210.29345703125,211.31898611202763,207.46576971677675,207.78438836336602,36827600
2025-04-30,211.57786560058594,212.65318081121782,205.77316280594096,208.39175489829196,52286500
2025-05-01,212.39430236816406,213.62891164873253,207.99346964638974,208.1726964341785,57365700
2025-05-02,204.45889282226562,206.0917754590827,201.2827333487594,205.19567188008233,101010600
2025-05-05,198.02691650390625,203.21431440062256,197.34987465543003,202.21865389928206,69018500
2025-05-06,197.6485595703125,199.77927242381972,196.16503515467957,197.3498735756035,51216500
2025-05-07,195.3983612060547,198.5745204381265,192.4113798882551,198.30568786560423,68536700
2025-05-08,196.63299560546875,199.18188402861682,193.83517686729027,196.86199326420865,50478900
2025-05-09,197.66848754882812,199.66975978270045,196.68277813613466,198.13644922219603,36453900
2025-05-12,210.15048217773438,210.62903686932515,206.12274573806786,210.32994399020487,63775800
2025-05-13,212.28399658203125,212.75257189298435,208.36592688565332,209.79158118866218,51909300
2025-05-14,211.68582153320312,213.29093762104833,209.94113079478424,211.78550901932945,49325800
2025-05-15,210.80850219726562,212.31393091132972,208.90429308394448,210.31001909194578,45029500
2025-05-16,210.61907958984375,211.9251181254035,209.13360964796243,211.71574852428404,54737900
2025-05-19,208.14659118652344,208.84446444770495,203.64029993754312,207.27923550566183,46140500
2025-05-20,206.232421875,207.83753801206538,204.40797196423648,207.03996203611737,42496600
2025-05-21,201.47689819335938,206.4118779017609,200.10109516487896,204.54755595275296,59211800
2025-05-22,200.74911499023438,202.13489740214874,199.0941474443519,200.1010930441042,46742400
2025-05-23,194.6775665283203,197.10018674879547,192.87306039619787,193.08241474951325,78432900
2025-05-27,199.60260009765625,200.1309909415137,196.83102019804124,197.6983910952664,56288500
2025-05-28,199.8119659423828,202.11495545301858,199.29353925378823,199.98144837254895,45339700
2025-05-29,199.34336853027344,203.19165828241367,197.90773491315443,202.96236033905296,51396800
2025-05-30,200.24066162109375,201.3472946799051,196.18300200128658,198.7651407343476,70819900
2025-06-02,201.08807373046875,201.51677709467234,199.51286535414474,199.67238359256916,35423300
2025-06-03,202.6533203125,203.1518034040851,200.35033086337637,200.73914706631285,46381600
2025-06-04,202.20468139648438,205.6143037964219,201.48686455307688,202.29440469878628,43604000
2025-06-05,200.0213165283203,204.12881205428334,199.54276184010462,202.8826044104843,55126100
2025-06-06,203.30133056640625,205.07592905349443,201.4370087789868,202.3841235560851,46607700
2025-06-09,200.8388214111328,205.3750202901374,199.41316716451473,203.76990423179717,72862600
2025-06-10,202.0551300048828,203.73004106569937,199.96151019448254,199.99141796230995,54672600
2025-06-11,198.1769256591797,203.8795731269679,197.80805305990708,202.88260699920767,60989900
2025-06-12,198.5956573486328,199.07419684911244,196.7612432530472,198.47602627663701,43904600
2025-06-13,195.85400390625,199.76210952406473,195.1062792678608,199.12405177447246,51447300
2025-06-16,197.81802368164062,198.08720880439395,195.96366601516638,196.701426450214,43020700
2025-06-17,195.0464630126953,197.7881200100286,194.61777485692886,196.60172782081946,38856200
2025-06-18,195.9835968017578,196.97059871241268,194.4781834746436,195.34553910938874,45394700
2025-06-20,200.3902130126953,201.0880863339216,196.26277341287403,197.63859168364695,96813500
2025-06-23,200.888671875,201.686247808318,198.3563846401482,201.01828233775666,55814300
2025-06-24,199.6923065185547,202.82277936444737,199.59260382672892,201.9753521214132,54064000
2025-06-25,200.948486328125,203.052085424857,200.01133575244882,200.83881944772682,39525700
2025-06-26,200.3902130126953,202.02523702778157,198.85489170599743,200.81890119127095,50799100
2025-06-27,200.469970703125,202.6034778198992,199.39324535272064,201.27751091280393,73188600
2025-06-30,204.5475311279297,206.76079706763053,198.65545787730727,201.39711462840114,91912800
2025-07-01,207.18951416015625,209.55231908550664,205.51460310500556,206.04299395149746,78788900
2025-07-02,211.7954864501953,212.69274987948137,207.5085290616707,208.2761972389462,67941800
2025-07-03,212.90211486816406,213.99876845669687,211.16738836812712,211.50635319299207,34955800
2025-07-07,209.31304931640625,215.57399579559095,208.16654427869605,212.03476276559877,50229000
2025-07-08,209.3728485107422,210.78853856973336,207.81758380403343,209.46258702266434,42848900
2025-07-09,210.4994354248047,210.6888614301138,206.59132988433592,208.8943192909964,48749400
2025-07-10,211.7655792236328,212.83232507172787,209.39279496736208,209.87133445003573,44443600
2025-07-11,210.51937866210938,211.48643705736623,209.2233196075129,209.931172276849,39765800
2025-07-14,207.987060546875,210.27012140888866,206.9103353456299,209.29308368901172,38840100
2025-07-15,208.4755859375,211.24715053377864,208.28615994072268,208.5852528191871,42296300
2025-07-16,209.52239990234375,211.75559423754484,208.00700716596054,209.6619745482938,47490500
2025-07-17,209.38282775878906,211.15742622671814,208.95412441878605,209.93116216460888,48068100
2025-07-18,210.539306640625,211.1474566075158,209.06380098140497,210.23024956462245,48974600
2025-07-21,211.83535766601562,215.12534891613055,210.98794558852114,211.45652088357517,51377400
2025-07-22,213.74952697753906,214.29786137817433,211.58611235366487,212.49335516085276,46404100
2025-07-23,213.5002899169922,214.4972560435483,211.76557859278188,214.3477172095632,46989300
2025-07-24,213.11148071289062,215.03563331063384,212.8821827557749,213.25105536667797,46022600
2025-07-25,213.23110961914062,214.58698409364732,212.75255494872997,214.0486138925591,40268800
2025-07-28,213.40061950683594,214.1981955143971,212.41361748607306,213.38067592321022,37858000
2025-07-29,210.62904357910156,214.1582970701604,210.18041185237743,213.53020352524888,51411700
2025-07-30,208.41578674316406,211.74565019362484,207.08981987426867,211.2571312800854,45512500
2025-07-31,206.9402618408203,209.2033639475293,206.5315020865265,207.85746883247032,80698400
2025-08-01,201.76600646972656,212.93202387361222,200.88867142379772,210.23023901853355,104434500
2025-08-04,202.7330780029297,207.24933356384108,201.06813110178,203.8895472057539,75109300
2025-08-05,202.3043670654297,204.71702329589334,201.54667827641916,202.78290655256814,44155100
2025-08-06,212.60302734375,214.72657006985978,204.96626313259566,205.00615029681612,108483100
2025-08-07,219.36245727539062,220.1799768073744,215.92292715514498,218.2159523061407,90224800
2025-08-08,228.6541748046875,230.29916273925562,218.58481138779996,220.16001960779298,113854000
2025-08-11,226.747802734375,229.12327986736793,224.3324083989562,227.48640043221798,61806100
2025-08-12,229.21310424804688,230.36092560837628,226.63802588155738,227.57622481823222,55626200
2025-08-13,232.88612365722656,234.55294488479396,229.99163136972763,230.6304284784954,69878500
2025-08-14,232.337158203125,234.67270293292236,230.41083714463488,233.6147219132583,51916300
2025-08-15,231.1494140625,233.834298979768,228.9036945156081,233.5548328767578,56038700
2025-08-18,230.4507598876953,232.67651332576617,229.672244959047,231.25921652669462,37476200
2025-08-19,230.1213836669922,232.42698672077375,228.9136940815642,230.84001516813981,39402600
2025-08-20,225.5800323486328,230.0315543310328,225.3404986724704,229.54248102593337,42263900
2025-08-21,224.47215270996094,226.08908123987146,223.35428822884654,225.83955683035407,30621200
2025-08-22,227.3267059326172,228.65417758009713,224.98118568943215,225.73973438952316,42477800
2025-08-25,226.72784423828125,228.86377239669042,225.79960559269966,226.04912998143794,30983100
2025-08-26,228.87376403808594,229.0534295301293,224.26255788237486,226.43840339540802,54575100
2025-08-27,230.05152893066406,230.46073738560713,227.82576024347395,228.17510050695543,31259500
2025-08-28,232.11758422851562,232.9659733126178,228.90370861616245,230.3809040856524,38074700
2025-08-29,231.69837951660156,232.9360260407387,230.92984008944924,232.0676707602769,39418400
2025-09-02,229.28298950195312,230.4108447009183,226.53822101083426,228.81388239599917,44075600
2025-09-03,238.01634216308594,238.395624134605,233.9141603097862,236.75874463665696,66427800
2025-09-04,239.32383728027344,239.44360411673358,236.28962732845326,237.99636566705198,47549400
2025-09-05,239.2340087890625,240.86091270031892,238.03629475202086,239.54341659874092,54870400
2025-09-08,237.42745971679688,239.69313028194867,235.89038089866295,238.84475646782593,48999500
2025-09-09,233.9041748046875,238.3257397896772,232.9160527142261,236.54912730927947,66313900
2025-09-10,226.35855102539062,231.97784546194652,225.52015268533836,231.7482872752143,83440800
2025-09-11,229.59239196777344,230.01159113632517,226.21881717306923,226.44839058875493,50208600
2025-09-12,233.6247100830078,234.06386022938602,228.58431421011397,228.78393068206054,55824200
2025-09-15,236.24969482421875,237.7368657054393,234.58287368836292,236.54912714503797,42699500
2025-09-16,237.6969451904297,240.76111223381088,235.87043992435724,236.72878926810645,63421100
2025-09-17,238.5353546142578,239.6432435766681,237.27774187166392,238.5153883976145,46508000
2025-09-18,237.42745971679688,240.74113579799257,236.199788714976,239.5134800259323,44249600
2025-09-19,245.032958984375,245.83144010441063,239.7530294205925,240.77107799962133,163741300
2025-09-22,255.5928192138672,256.15178189089505,247.64797087114997,247.82763635806887,105517400
2025-09-23,253.9459686279297,256.8504363399061,253.0975947938589,255.39322235208516,60275200
2025-09-24,251.8300018310547,255.2534845023776,250.56241362070242,254.73446948849343,42303700
2025-09-25,256.3813171386719,256.6807646844572,251.2311452680336,252.72829161839874,55202100
2025-09-26,254.97401428222656,257.10994249251326,253.2972024297037,253.61660096533106,46076300
2025-09-29,253.9459686279297,254.5148915782133,252.52867184357527,254.0757261912774,40127700
2025-09-30,254.14559936523438,255.4331385813304,252.6284867333586,254.37515755125318,37704300
2025-10-01,254.9640350341797,258.29769267334166,254.44502000530687,254.55481135314994,48713900
2025-10-02,256.6408386230469,257.68882891050583,253.66649683440303,256.09186667190835,42630200
2025-10-03,257.5291442871094,258.7468246365968,253.46689477740222,254.18552630266564,49155600
2025-10-06,256.20166015625,258.57713717661323,254.56478079871025,257.49917477533796,44664100
2025-10-07,255.99209594726562,256.9103287268919,254.94407514023973,256.32145476920215,31955800
2025-10-08,257.569091796875,258.0282082133661,255.62278908467795,256.03201279963565,36496900
2025-10-09,253.55670166015625,257.50917476461467,252.65841993311406,257.3195337882977,38322000
2025-10-10,244.80340576171875,255.8922708493858,243.53581752909898,254.45500785015722,61999100
2025-10-13,247.18885803222656,249.2149949644775,245.09284695690994,248.90558714178317,38142900
2025-10-14,247.29864501953125,248.37659224814226,244.23447809703134,246.13087266264282,35478000
2025-10-15,248.86566162109375,251.3409547309234,246.99922390992754,249.01538540478128,33893600
2025-10-16,246.97926330566406,248.56623493239263,244.66368465033412,247.77774448085987,39777000
2025-10-17,251.81002807617188,252.89796599708643,246.79958926324147,247.5481624372989,49147000
2025-10-20,261.7411193847656,263.87706298772724,255.14370850365398,255.4032084113237,90483000
2025-10-21,262.27008056640625,264.7853058703715,261.3318664386604,261.3817895915523,46695900
2025-10-22,257.9583435058594,262.349966966352,254.94406918261987,262.15033525743416,45015300
2025-10-23,259.0861511230469,260.12418111371363,257.51916110368444,259.4454820834593,32754900
2025-10-24,262.3200378417969,263.62754335723145,258.68694768993146,260.69313376057823,38253700
2025-10-27,268.2986145019531,268.60802232244004,264.1465248140549,264.37609822840903,44888200
2025-10-28,268.4882507324219,269.3765722048576,267.63986169210665,268.4782600095115,41534800
2025-10-29,269.1869201660156,270.8936584399069,266.6018207191691,268.76770579477784,51086700
2025-10-30,270.8836669921875,273.6184749716116,267.969239224885,271.4725408872279,69886500
2025-10-31,269.85565185546875,276.79244258078194,268.647962249571,276.4630533049319,86167100
2025-11-03,268.53814697265625,270.33474092754267,265.74348587775046,269.90556627002525,50194600
2025-11-04,269.5262756347656,270.9734988318123,267.11086611942017,267.8195068636227,49274800
2025-11-05,269.6260986328125,271.18312844251227,266.4221834255846,268.0989800730272,43683100
2025-11-06,269.25677490234375,272.8798740142925,267.38037702601645,267.38037702601645,51204000
2025-11-07,267.9592590332031,271.7719991063764,266.26248096015127,269.28671541495146,48227400
2025-11-10,269.1781311035156,273.4741297822401,267.20997142836535,268.7085692371889,41312400
2025-11-11,274.99267578125,275.65206242273547,269.5477586519058,269.55775905965567,46208300
2025-11-12,273.21435546875,275.4722525277038,271.4460210796085,274.74292397164845,48398000
2025-11-13,272.6948547363281,276.4413491841305,271.83564282199285,273.85374352181776,49602800
2025-11-14,272.15533447265625,275.70200347225597,269.3479639093673,270.7965900477885,47431300
2025-11-17,267.2099609375,270.2371271729127,265.48159771217263,268.5687054184609,45018300
2025-11-18,267.19000244140625,270.4569347049811,265.0719890725528,269.7376065335732,45677300
2025-11-19,268.3089294433594,271.9555110777923,265.2517925781922,265.2817633125939,40424500
2025-11-20,266.0010986328125,275.17250947675234,265.67142054546326,270.5768036466949,45823600
2025-11-21,271.2361755371094,273.0744516711978,265.4216397990326,265.70137680880595,59030800
2025-11-24,275.6620788574219,276.7410558404627,270.64675212306133,270.64675212306133,65585800
2025-11-25,276.7110900878906,280.1179060838009,274.9926967216935,275.012667049666,46914200
2025-11-26,277.29052734375,279.26868736786383,276.3714044558947,276.70108254872224,33431400
2025-11-28,278.5893249511719,278.73917862681736,275.73198274965245,277.0008150112318,20135600
2025-12-01,282.8353576660156,283.1550658399818,275.88187257202503,277.75011957449965,46587700
2025-12-02,285.9224548339844,287.1313151163589,282.36578537497866,282.7354345985028,53669500
2025-12-03,283.8843688964844,288.35019153510143,283.0351573834178,285.9324708384744,43538700
2025-12-04,280.4375915527344,284.46382276925783,278.32954829392816,283.83440686502166,43989100
2025-12-05,278.5193786621094,280.8771882481053,277.79005013345267,280.27774306596746,47265800
2025-12-08,277.6302185058594,279.4085531850005,275.8918244790692,277.86998437615557,38211800
2025-12-09,276.9208679199219,279.7682096639769,276.6611317163261,277.8999627322321,32193300
2025-12-10,278.5193786621094,279.48847306800184,276.1815698919154,277.490342786908,33038300
2025-12-11,277.77008056640625,279.3286197507982,273.5540244422053,278.83908758708685,33248000
2025-12-12,278.0198669433594,278.9589906850317,276.5612402656973,277.64021728323,39532900
2025-12-15,273.8537292480469,279.8880911943856,272.5849275039148,279.8880911943856,50409100
2025-12-16,274.353271484375,275.2424541197232,271.53593087885605,272.5649667835892,37648600
2025-12-17,271.58587646484375,275.90184538512057,271.38608172110213,274.75292651919426,50138700
2025-12-18,271.935546875,273.374203136776,266.7004552212896,273.35420232069225,51630700
2025-12-19,273.4141845703125,274.34330788170604,269.64768928264715,271.8955859651445,144632000
2025-12-22,270.7166748046875,273.62395794129594,270.25711338978425,272.6048920133635,36571800
2025-12-23,272.1053771972656,272.2452609569047,269.30800689497966,270.5868091030317,29642000
2025-12-24,273.55401611328125,275.17249671786806,271.9455359163183,272.085389177814,17910600
2025-12-26,273.1444091796875,275.1125687682936,272.6049054553,273.9037084592662,21521800
2025-12-29,273.50408935546875,274.10350406329195,272.0954038139857,272.4350823114352,23715200
2025-12-30,272.82470703125,273.82377221524894,272.02546707967076,272.5549704076282,22139600
2025-12-31,271.6058349609375,273.42414083736213,271.49595243002375,272.80472532736104,27293600
2026-01-02,270.75665283203125,277.58025431004916,268.7485221479618,272.0054842546519,37838100
2026-01-05,267.0101623535156,271.25618925068443,265.89121426121545,270.38700744645297,45647200
2026-01-06,262.1147155761719,267.2998660934885,261.8749496989937,266.7503924619391,52352100
2026-01-07,260.08660888671875,263.4334831315393,259.56710600115036,262.95395138764474,48309800
2026-01-08,258.7978515625,259.0476178563403,255.46096229095477,256.7797203952787,50419300
2026-01-09,259.1275329589844,259.9667440583015,255.98048371428257,258.8377955175017,39997000
2026-01-12,260.0067138671875,261.05572011368304,256.5599267903311,258.9177364764393,45263800
2026-01-13,260.8059387207031,261.56523797230057,258.148452318208,258.4781303943212,45730800
2026-01-14,259.71697998046875,261.57525710051715,256.4700180914029,259.247418118488,40019400
2026-01-15,257.9685974121094,260.7959687899761,256.8096782083212,260.40631875644857,39388600
2026-01-16,255.29112243652344,258.6579671912775,254.69167723491495,257.6589020182799,72142800
2026-01-20,246.46937561035156,254.55180921698133,243.19244305608962,252.49373739571587,80267500
2026-01-21,247.41848754882812,251.3248360900433,244.9507953165175,248.46750904444812,54641700
2026-01-22,248.1178436279297,250.76536025794266,247.9180183962477,248.96703988447874,39708300
2026-01-23,247.80812072753906,249.17685039145397,244.45126111041233,247.08880782235642,41689000
2026-01-26,255.17123413085938,256.32015295784896,249.5664780183616,251.24490015634893,55969200
2026-01-27,258.0285339355469,261.70511669708895,257.96859246831417,258.92771692213245,49648300
2026-01-28,256.2002868652344,258.61800761819165,254.27208306792676,257.409147241713,41288000
2026-01-29,258.0385437011719,259.4072580677027,254.17216647920577,257.75880668092503,67253000
2026-01-30,259.2374267578125,261.6551472598355,251.94423313215475,254.93144331105526,92443400
2026-02-02,269.7575988769531,270.2371306501278,258.9676766447768,259.7869174093499,73913400
2026-02-03,269.22808837890625,271.6258386480508,267.3598109321867,268.9483513556569,64394700
2026-02-04,276.23150634765625,278.68922850453845,272.03545112075,272.03545112075,90545700
2026-02-05,275.6520690917969,279.2387093202658,272.97458180817284,277.86999494352693,52977400
2026-02-06,277.8599853515625,280.6473855638201,276.67109542368036,276.8609202349588,50453400
2026-02-09,274.6199951171875,278.20001220703125,271.70001220703125,277.9100036621094,44623400
2026-02-10,273.67999267578125,275.3699951171875,272.94000244140625,274.8900146484375,34376900
2026-02-11,275.5,280.17999267578125,274.45001220703125,274.70001220703125,51931300
2026-02-12,261.7300109863281,275.7200012207031,260.17999267578125,275.5899963378906,81077200
2026-02-13,255.77999877929688,262.2300109863281,255.4499969482422,262.010009765625,56290700
2026-02-17,263.8800048828125,266.2900085449219,255.5399932861328,258.04998779296875,58469100
2026-02-18,264.3500061035156,266.82000732421875,262.45001220703125,263.6000061035156,34203300
2026-02-19,260.5799865722656,264.4800109863281,260.04998779296875,262.6000061035156,30845300
2026-02-20,264.5799865722656,264.75,258.1600036621094,258.9700012207031,42070500
2026-02-23,266.17999267578125,269.42999267578125,263.3800048828125,263.489990234375,37308200
2026-02-24,272.1400146484375,274.8900146484375,267.7099914550781,267.8599853515625,47014600
2026-02-25,274.2300109863281,274.94000244140625,271.04998779296875,271.7799987792969,33714300
2026-02-26,272.95001220703125,276.1099853515625,270.79998779296875,274.95001220703125,32345100
2026-02-27,264.17999267578125,272.80999755859375,262.8900146484375,272.80999755859375,72366500
2026-03-02,264.7200012207031,266.5299987792969,260.20001220703125,262.4100036621094,41827900
2026-03-03,263.75,265.55999755859375,260.1300048828125,263.4800109863281,38568900
2026-03-04,262.5199890136719,266.1499938964844,261.4200134277344,264.6499938964844,39803100
2026-03-05,260.2900085449219,261.55999755859375,257.25,260.7900085449219,49658600
2026-03-06,257.4599914550781,258.7699890136719,254.3699951171875,258.6300048828125,41120000
2026-03-09,259.8800048828125,261.1499938964844,253.67999267578125,255.69000244140625,38218500
2026-03-10,260.8299865722656,262.4800109863281,256.95001220703125,257.6499938964844,30590800
2026-03-11,260.80999755859375,262.1300048828125,259.54998779296875,261.0899963378906,26131800
